BitsFlipped,OutputOnes,OutputFraction,ErrorPerN,Probability,MC_Probability,MC_Trials,LevelRealTrials,ProbRegisterClean,ProbRegisterHit,ProbMSBIntact,ProbMSBLost,Log10TrialCount
0,64,0.2500000000,0.0000000000,1.000000000000e+00,1.000000000000e+00,20000,20000,1.000000000000e+00,0.000000000000e+00,1.000000000000e+00,0.000000000000e+00,0.0000
1,0,0.0000000000,-0.2500000000,3.787878787879e-03,4.800000000000e-03,20000,20000,0.000000000000e+00,3.787878787879e-03,0.000000000000e+00,3.787878787879e-03,-0.0000
1,63,0.2460937500,-0.0039062500,4.848484848485e-01,4.868000000000e-01,20000,20000,4.848484848485e-01,0.000000000000e+00,4.848484848485e-01,0.000000000000e+00,2.1072
1,65,0.2539062500,0.0039062500,4.924242424242e-01,4.885500000000e-01,20000,20000,4.848484848485e-01,7.575757575757e-03,4.924242424242e-01,0.000000000000e+00,2.1139
1,66,0.2578125000,0.0078125000,3.787878787879e-03,3.450000000000e-03,20000,20000,0.000000000000e+00,3.787878787879e-03,3.787878787879e-03,0.000000000000e+00,-0.0000
1,68,0.2656250000,0.0156250000,3.787878787879e-03,4.050000000000e-03,20000,20000,0.000000000000e+00,3.787878787879e-03,3.787878787879e-03,0.000000000000e+00,-0.0000
1,72,0.2812500000,0.0312500000,3.787878787879e-03,4.000000000000e-03,20000,20000,0.000000000000e+00,3.787878787879e-03,3.787878787879e-03,0.000000000000e+00,-0.0000
1,80,0.3125000000,0.0625000000,3.787878787879e-03,4.550000000000e-03,20000,20000,0.000000000000e+00,3.787878787879e-03,3.787878787879e-03,0.000000000000e+00,-0.0000
1,96,0.3750000000,0.1250000000,3.787878787879e-03,3.800000000000e-03,20000,20000,0.000000000000e+00,3.787878787879e-03,3.787878787879e-03,0.000000000000e+00,-0.0000
2,0,0.0000000000,-0.2500000000,7.374121442562e-03,6.750000000000e-03,20000,20180,0.000000000000e+00,7.374121442562e-03,0.000000000000e+00,7.374121442562e-03,2.4082
2,1,0.0039062500,-0.2460937500,5.761032377002e-05,1.000000000000e-04,20000,20180,0.000000000000e+00,5.761032377002e-05,0.000000000000e+00,5.761032377002e-05,0.3010
2,2,0.0078125000,-0.2421875000,2.880516188501e-05,0.000000000000e+00,20000,20180,0.000000000000e+00,2.880516188501e-05,0.000000000000e+00,2.880516188501e-05,0.0000
2,4,0.0156250000,-0.2343750000,2.880516188501e-05,5.000000000000e-05,20000,20180,0.000000000000e+00,2.880516188501e-05,0.000000000000e+00,2.880516188501e-05,0.0000
2,8,0.0312500000,-0.2187500000,2.880516188501e-05,0.000000000000e+00,20000,20180,0.000000000000e+00,2.880516188501e-05,0.000000000000e+00,2.880516188501e-05,0.0000
2,16,0.0625000000,-0.1875000000,2.880516188501e-05,1.000000000000e-04,20000,20180,0.000000000000e+00,2.880516188501e-05,0.000000000000e+00,2.880516188501e-05,0.0000
2,32,0.1250000000,-0.1250000000,2.880516188501e-05,5.000000000000e-05,20000,20180,0.000000000000e+00,2.880516188501e-05,0.000000000000e+00,2.880516188501e-05,0.0000
2,63,0.2460937500,-0.0039062500,2.341283558014e-01,2.322500000000e-01,20000,20180,2.341283558014e-01,0.000000000000e+00,2.341283558014e-01,0.000000000000e+00,3.9100
2,64,0.2500000000,0.0000000000,4.793178937666e-01,4.798000000000e-01,20000,20180,4.719437723240e-01,7.374121442562e-03,4.793178937666e-01,0.000000000000e+00,4.2212
2,65,0.2539062500,0.0039062500,2.378154165226e-01,2.403000000000e-01,20000,20180,2.341283558014e-01,3.687060721281e-03,2.378154165226e-01,0.000000000000e+00,3.9168
2,66,0.2578125000,0.0078125000,7.402926604447e-03,6.850000000000e-03,20000,20180,0.000000000000e+00,7.402926604447e-03,7.402926604447e-03,0.000000000000e+00,2.4099
2,67,0.2617187500,0.0117187500,7.431731766333e-03,7.350000000000e-03,20000,20180,0.000000000000e+00,7.431731766333e-03,7.431731766333e-03,0.000000000000e+00,2.4116
2,69,0.2695312500,0.0195312500,3.744671045051e-03,4.300000000000e-03,20000,20180,0.000000000000e+00,3.744671045051e-03,3.744671045051e-03,0.000000000000e+00,2.1139
2,70,0.2734375000,0.0234375000,2.880516188501e-05,0.000000000000e+00,20000,20180,0.000000000000e+00,2.880516188501e-05,2.880516188501e-05,0.000000000000e+00,0.0000
2,71,0.2773437500,0.0273437500,3.687060721281e-03,3.200000000000e-03,20000,20180,0.000000000000e+00,3.687060721281e-03,3.687060721281e-03,0.000000000000e+00,2.1072
2,73,0.2851562500,0.0351562500,3.744671045051e-03,4.250000000000e-03,20000,20180,0.000000000000e+00,3.744671045051e-03,3.744671045051e-03,0.000000000000e+00,2.1139
2,74,0.2890625000,0.0390625000,2.880516188501e-05,0.000000000000e+00,20000,20180,0.000000000000e+00,2.880516188501e-05,2.880516188501e-05,0.000000000000e+00,0.0000
2,76,0.2968750000,0.0468750000,2.880516188501e-05,5.000000000000e-05,20000,20180,0.000000000000e+00,2.880516188501e-05,2.880516188501e-05,0.000000000000e+00,0.0000
2,79,0.3085937500,0.0585937500,3.687060721281e-03,3.750000000000e-03,20000,20180,0.000000000000e+00,3.687060721281e-03,3.687060721281e-03,0.000000000000e+00,2.1072
2,81,0.3164062500,0.0664062500,3.744671045051e-03,4.100000000000e-03,20000,20180,0.000000000000e+00,3.744671045051e-03,3.744671045051e-03,0.000000000000e+00,2.1139
2,82,0.3203125000,0.0703125000,2.880516188501e-05,0.000000000000e+00,20000,20180,0.000000000000e+00,2.880516188501e-05,2.880516188501e-05,0.000000000000e+00,0.0000
2,84,0.3281250000,0.0781250000,2.880516188501e-05,0.000000000000e+00,20000,20180,0.000000000000e+00,2.880516188501e-05,2.880516188501e-05,0.000000000000e+00,0.0000
2,88,0.3437500000,0.0937500000,2.880516188501e-05,0.000000000000e+00,20000,20180,0.000000000000e+00,2.880516188501e-05,2.880516188501e-05,0.000000000000e+00,0.0000
2,95,0.3710937500,0.1210937500,3.687060721281e-03,3.350000000000e-03,20000,20180,0.000000000000e+00,3.687060721281e-03,3.687060721281e-03,0.000000000000e+00,2.1072
2,97,0.3789062500,0.1289062500,3.744671045051e-03,3.300000000000e-03,20000,20180,0.000000000000e+00,3.744671045051e-03,3.744671045051e-03,0.000000000000e+00,2.1139
2,98,0.3828125000,0.1328125000,2.880516188501e-05,5.000000000000e-05,20000,20180,0.000000000000e+00,2.880516188501e-05,2.880516188501e-05,0.000000000000e+00,0.0000
2,100,0.3906250000,0.1406250000,2.880516188501e-05,0.000000000000e+00,20000,20180,0.000000000000e+00,2.880516188501e-05,2.880516188501e-05,0.000000000000e+00,0.0000
2,104,0.4062500000,0.1562500000,2.880516188501e-05,0.000000000000e+00,20000,20180,0.000000000000e+00,2.880516188501e-05,2.880516188501e-05,0.000000000000e+00,0.0000
2,112,0.4375000000,0.1875000000,2.880516188501e-05,5.000000000000e-05,20000,20180,0.000000000000e+00,2.880516188501e-05,2.880516188501e-05,0.000000000000e+00,0.0000
3,0,0.0000000000,-0.2500000000,1.076565439611e-02,1.105000000000e-02,20000,20516,0.000000000000e+00,1.076565439611e-02,0.000000000000e+00,1.076565439611e-02,4.5138
3,1,0.0039062500,-0.2460937500,2.110912626688e-04,1.500000000000e-04,20000,20516,0.000000000000e+00,2.110912626688e-04,0.000000000000e+00,2.110912626688e-04,2.8062
3,2,0.0078125000,-0.2421875000,3.298300979200e-07,0.000000000000e+00,20000,20516,0.000000000000e+00,3.298300979200e-07,0.000000000000e+00,3.298300979200e-07,0.0000
3,3,0.0117187500,-0.2382812500,8.509616526335e-05,1.500000000000e-04,20000,20516,0.000000000000e+00,8.509616526335e-05,0.000000000000e+00,8.509616526335e-05,2.4116
3,5,0.0195312500,-0.2304687500,4.287791272959e-05,5.000000000000e-05,20000,20516,0.000000000000e+00,4.287791272959e-05,0.000000000000e+00,4.287791272959e-05,2.1139
3,6,0.0234375000,-0.2265625000,3.298300979200e-07,0.000000000000e+00,20000,20516,0.000000000000e+00,3.298300979200e-07,0.000000000000e+00,3.298300979200e-07,0.0000
3,7,0.0273437500,-0.2226562500,4.221825253375e-05,5.000000000000e-05,20000,20516,0.000000000000e+00,4.221825253375e-05,0.000000000000e+00,4.221825253375e-05,2.1072
3,9,0.0351562500,-0.2148437500,4.287791272959e-05,1.000000000000e-04,20000,20516,0.000000000000e+00,4.287791272959e-05,0.000000000000e+00,4.287791272959e-05,2.1139
3,10,0.0390625000,-0.2109375000,3.298300979200e-07,0.000000000000e+00,20000,20516,0.000000000000e+00,3.298300979200e-07,0.000000000000e+00,3.298300979200e-07,0.0000
3,12,0.0468750000,-0.2031250000,3.298300979200e-07,0.000000000000e+00,20000,20516,0.000000000000e+00,3.298300979200e-07,0.000000000000e+00,3.298300979200e-07,0.0000
3,15,0.0585937500,-0.1914062500,4.221825253375e-05,0.000000000000e+00,20000,20516,0.000000000000e+00,4.221825253375e-05,0.000000000000e+00,4.221825253375e-05,2.1072
3,17,0.0664062500,-0.1835937500,4.287791272959e-05,1.000000000000e-04,20000,20516,0.000000000000e+00,4.287791272959e-05,0.000000000000e+00,4.287791272959e-05,2.1139
3,18,0.0703125000,-0.1796875000,3.298300979200e-07,0.000000000000e+00,20000,20516,0.000000000000e+00,3.298300979200e-07,0.000000000000e+00,3.298300979200e-07,0.0000
3,20,0.0781250000,-0.1718750000,3.298300979200e-07,0.000000000000e+00,20000,20516,0.000000000000e+00,3.298300979200e-07,0.000000000000e+00,3.298300979200e-07,0.0000
3,24,0.0937500000,-0.1562500000,3.298300979200e-07,0.000000000000e+00,20000,20516,0.000000000000e+00,3.298300979200e-07,0.000000000000e+00,3.298300979200e-07,0.0000
3,31,0.1210937500,-0.1289062500,4.221825253375e-05,5.000000000000e-05,20000,20516,0.000000000000e+00,4.221825253375e-05,0.000000000000e+00,4.221825253375e-05,2.1072
3,33,0.1289062500,-0.1210937500,4.287791272959e-05,0.000000000000e+00,20000,20516,0.000000000000e+00,4.287791272959e-05,0.000000000000e+00,4.287791272959e-05,2.1139
3,34,0.1328125000,-0.1171875000,3.298300979200e-07,0.000000000000e+00,20000,20516,0.000000000000e+00,3.298300979200e-07,0.000000000000e+00,3.298300979200e-07,0.0000
3,36,0.1406250000,-0.1093750000,3.298300979200e-07,0.000000000000e+00,20000,20516,0.000000000000e+00,3.298300979200e-07,0.000000000000e+00,3.298300979200e-07,0.0000
3,40,0.1562500000,-0.0937500000,3.298300979200e-07,0.000000000000e+00,20000,20516,0.000000000000e+00,3.298300979200e-07,0.000000000000e+00,3.298300979200e-07,0.0000
3,48,0.1875000000,-0.0625000000,3.298300979200e-07,0.000000000000e+00,20000,20516,0.000000000000e+00,3.298300979200e-07,0.000000000000e+00,3.298300979200e-07,0.0000
3,63,0.2460937500,-0.0039062500,4.557460361019e-01,4.594500000000e-01,20000,20516,4.557460361019e-01,0.000000000000e+00,4.557460361019e-01,0.000000000000e+00,6.1404
3,64,0.2500000000,0.0000000000,8.042577107680e-03,8.400000000000e-03,20000,20516,0.000000000000e+00,8.042577107680e-03,8.042577107680e-03,0.000000000000e+00,4.3871
3,65,0.2539062500,0.0039062500,4.665961270031e-01,4.612000000000e-01,20000,20516,4.557460361019e-01,1.085009090118e-02,4.665961270031e-01,0.000000000000e+00,6.1507
3,66,0.2578125000,0.0078125000,1.353094993707e-02,1.375000000000e-02,20000,20516,0.000000000000e+00,1.353094993707e-02,1.353094993707e-02,0.000000000000e+00,4.6130
3,67,0.2617187500,0.0117187500,4.221825253375e-05,1.000000000000e-04,20000,20516,0.000000000000e+00,4.221825253375e-05,4.221825253375e-05,0.000000000000e+00,2.1072
3,68,0.2656250000,0.0156250000,8.253998200447e-03,8.650000000000e-03,20000,20516,0.000000000000e+00,8.253998200447e-03,8.253998200447e-03,0.000000000000e+00,4.3984
3,69,0.2695312500,0.0195312500,4.221825253375e-05,0.000000000000e+00,20000,20516,0.000000000000e+00,4.221825253375e-05,4.221825253375e-05,0.000000000000e+00,2.1072
3,70,0.2734375000,0.0234375000,5.446484406952e-03,5.400000000000e-03,20000,20516,0.000000000000e+00,5.446484406952e-03,5.446484406952e-03,0.000000000000e+00,4.2178
3,71,0.2773437500,0.0273437500,4.287791272959e-05,5.000000000000e-05,20000,20516,0.000000000000e+00,4.287791272959e-05,4.287791272959e-05,0.000000000000e+00,2.1139
3,72,0.2812500000,0.0312500000,5.488372829388e-03,5.450000000000e-03,20000,20516,0.000000000000e+00,5.488372829388e-03,5.488372829388e-03,0.000000000000e+00,4.2212
3,73,0.2851562500,0.0351562500,4.221825253375e-05,5.000000000000e-05,20000,20516,0.000000000000e+00,4.221825253375e-05,4.221825253375e-05,0.000000000000e+00,2.1072
3,74,0.2890625000,0.0390625000,2.765625371059e-03,2.650000000000e-03,20000,20516,0.000000000000e+00,2.765625371059e-03,2.765625371059e-03,0.000000000000e+00,3.9235
3,75,0.2929687500,0.0429687500,8.509616526335e-05,1.000000000000e-04,20000,20516,0.000000000000e+00,8.509616526335e-05,8.509616526335e-05,0.000000000000e+00,2.4116
3,77,0.3007812500,0.0507812500,4.287791272959e-05,1.000000000000e-04,20000,20516,0.000000000000e+00,4.287791272959e-05,4.287791272959e-05,0.000000000000e+00,2.1139
3,78,0.3046875000,0.0546875000,2.681188865991e-03,2.400000000000e-03,20000,20516,0.000000000000e+00,2.681188865991e-03,2.681188865991e-03,0.000000000000e+00,3.9100
3,80,0.3125000000,0.0625000000,5.488372829388e-03,5.350000000000e-03,20000,20516,0.000000000000e+00,5.488372829388e-03,5.488372829388e-03,0.000000000000e+00,4.2212
3,81,0.3164062500,0.0664062500,4.221825253375e-05,1.000000000000e-04,20000,20516,0.000000000000e+00,4.221825253375e-05,4.221825253375e-05,0.000000000000e+00,2.1072
3,82,0.3203125000,0.0703125000,2.765625371059e-03,3.400000000000e-03,20000,20516,0.000000000000e+00,2.765625371059e-03,2.765625371059e-03,0.000000000000e+00,3.9235
3,83,0.3242187500,0.0742187500,8.509616526335e-05,1.000000000000e-04,20000,20516,0.000000000000e+00,8.509616526335e-05,8.509616526335e-05,0.000000000000e+00,2.4116
3,85,0.3320312500,0.0820312500,4.287791272959e-05,5.000000000000e-05,20000,20516,0.000000000000e+00,4.287791272959e-05,4.287791272959e-05,0.000000000000e+00,2.1139
3,86,0.3359375000,0.0859375000,3.298300979200e-07,0.000000000000e+00,20000,20516,0.000000000000e+00,3.298300979200e-07,3.298300979200e-07,0.000000000000e+00,0.0000
3,87,0.3398437500,0.0898437500,4.221825253375e-05,0.000000000000e+00,20000,20516,0.000000000000e+00,4.221825253375e-05,4.221825253375e-05,0.000000000000e+00,2.1072
3,89,0.3476562500,0.0976562500,4.287791272959e-05,1.500000000000e-04,20000,20516,0.000000000000e+00,4.287791272959e-05,4.287791272959e-05,0.000000000000e+00,2.1139
3,90,0.3515625000,0.1015625000,3.298300979200e-07,0.000000000000e+00,20000,20516,0.000000000000e+00,3.298300979200e-07,3.298300979200e-07,0.000000000000e+00,0.0000
3,92,0.3593750000,0.1093750000,3.298300979200e-07,0.000000000000e+00,20000,20516,0.000000000000e+00,3.298300979200e-07,3.298300979200e-07,0.000000000000e+00,0.0000
3,94,0.3671875000,0.1171875000,2.680859035893e-03,2.700000000000e-03,20000,20516,0.000000000000e+00,2.680859035893e-03,2.680859035893e-03,0.000000000000e+00,3.9100
3,96,0.3750000000,0.1250000000,5.488372829388e-03,5.600000000000e-03,20000,20516,0.000000000000e+00,5.488372829388e-03,5.488372829388e-03,0.000000000000e+00,4.2212
3,97,0.3789062500,0.1289062500,4.221825253375e-05,1.500000000000e-04,20000,20516,0.000000000000e+00,4.221825253375e-05,4.221825253375e-05,0.000000000000e+00,2.1072
3,98,0.3828125000,0.1328125000,2.765625371059e-03,2.750000000000e-03,20000,20516,0.000000000000e+00,2.765625371059e-03,2.765625371059e-03,0.000000000000e+00,3.9235
3,99,0.3867187500,0.1367187500,8.509616526335e-05,5.000000000000e-05,20000,20516,0.000000000000e+00,8.509616526335e-05,8.509616526335e-05,0.000000000000e+00,2.4116
3,101,0.3945312500,0.1445312500,4.287791272959e-05,0.000000000000e+00,20000,20516,0.000000000000e+00,4.287791272959e-05,4.287791272959e-05,0.000000000000e+00,2.1139
3,102,0.3984375000,0.1484375000,3.298300979200e-07,0.000000000000e+00,20000,20516,0.000000000000e+00,3.298300979200e-07,3.298300979200e-07,0.000000000000e+00,0.0000
3,103,0.4023437500,0.1523437500,4.221825253375e-05,0.000000000000e+00,20000,20516,0.000000000000e+00,4.221825253375e-05,4.221825253375e-05,0.000000000000e+00,2.1072
3,105,0.4101562500,0.1601562500,4.287791272959e-05,0.000000000000e+00,20000,20516,0.000000000000e+00,4.287791272959e-05,4.287791272959e-05,0.000000000000e+00,2.1139
3,106,0.4140625000,0.1640625000,3.298300979200e-07,0.000000000000e+00,20000,20516,0.000000000000e+00,3.298300979200e-07,3.298300979200e-07,0.000000000000e+00,0.0000
3,108,0.4218750000,0.1718750000,3.298300979200e-07,0.000000000000e+00,20000,20516,0.000000000000e+00,3.298300979200e-07,3.298300979200e-07,0.000000000000e+00,0.0000
3,111,0.4335937500,0.1835937500,4.221825253375e-05,1.000000000000e-04,20000,20516,0.000000000000e+00,4.221825253375e-05,4.221825253375e-05,0.000000000000e+00,2.1072
3,113,0.4414062500,0.1914062500,4.287791272959e-05,5.000000000000e-05,20000,20516,0.000000000000e+00,4.287791272959e-05,4.287791272959e-05,0.000000000000e+00,2.1139
3,114,0.4453125000,0.1953125000,3.298300979200e-07,0.000000000000e+00,20000,20516,0.000000000000e+00,3.298300979200e-07,3.298300979200e-07,0.000000000000e+00,0.0000
3,116,0.4531250000,0.2031250000,3.298300979200e-07,0.000000000000e+00,20000,20516,0.000000000000e+00,3.298300979200e-07,3.298300979200e-07,0.000000000000e+00,0.0000
3,120,0.4687500000,0.2187500000,3.298300979200e-07,0.000000000000e+00,20000,20516,0.000000000000e+00,3.298300979200e-07,3.298300979200e-07,0.000000000000e+00,0.0000
4,0,0.0000000000,-0.2500000000,1.396922716021e-02,1.355000000000e-02,20000,21020,0.000000000000e+00,1.396922716021e-02,0.000000000000e+00,1.396922716021e-02,6.4415
4,1,0.0039062500,-0.2460937500,3.717147292052e-04,6.500000000000e-04,20000,21020,0.000000000000e+00,3.717147292052e-04,0.000000000000e+00,3.717147292052e-04,4.8665
4,2,0.0078125000,-0.2421875000,8.476001658118e-05,1.500000000000e-04,20000,21020,0.000000000000e+00,8.476001658118e-05,0.000000000000e+00,8.476001658118e-05,4.2245
4,3,0.0117187500,-0.2382812500,8.217192447183e-05,1.000000000000e-04,20000,21020,0.000000000000e+00,8.217192447183e-05,0.000000000000e+00,8.217192447183e-05,4.2110
4,4,0.0156250000,-0.2343750000,8.541209447592e-05,1.000000000000e-04,20000,21020,0.000000000000e+00,8.541209447592e-05,0.000000000000e+00,8.541209447592e-05,4.2278
4,5,0.0195312500,-0.2304687500,4.173298526325e-05,5.000000000000e-05,20000,21020,0.000000000000e+00,4.173298526325e-05,0.000000000000e+00,4.173298526325e-05,3.9168
4,6,0.0234375000,-0.2265625000,1.299100922076e-06,0.000000000000e+00,20000,21020,0.000000000000e+00,1.299100922076e-06,0.000000000000e+00,1.299100922076e-06,2.4099
4,7,0.0273437500,-0.2226562500,4.174309499805e-05,0.000000000000e+00,20000,21020,0.000000000000e+00,4.174309499805e-05,0.000000000000e+00,4.174309499805e-05,3.9169
4,8,0.0312500000,-0.2187500000,8.411299355384e-05,1.000000000000e-04,20000,21020,0.000000000000e+00,8.411299355384e-05,0.000000000000e+00,8.411299355384e-05,4.2212
4,9,0.0351562500,-0.2148437500,4.173298526325e-05,5.000000000000e-05,20000,21020,0.000000000000e+00,4.173298526325e-05,0.000000000000e+00,4.173298526325e-05,3.9168
4,10,0.0390625000,-0.2109375000,1.299100922076e-06,0.000000000000e+00,20000,21020,0.000000000000e+00,1.299100922076e-06,0.000000000000e+00,1.299100922076e-06,2.4099
4,11,0.0429687500,-0.2070312500,1.304155789477e-06,0.000000000000e+00,20000,21020,0.000000000000e+00,1.304155789477e-06,0.000000000000e+00,1.304155789477e-06,2.4116
4,13,0.0507812500,-0.1992187500,6.571327621394e-07,0.000000000000e+00,20000,21020,0.000000000000e+00,6.571327621394e-07,0.000000000000e+00,6.571327621394e-07,2.1139
4,14,0.0546875000,-0.1953125000,5.054867401072e-09,0.000000000000e+00,20000,21020,0.000000000000e+00,5.054867401072e-09,0.000000000000e+00,5.054867401072e-09,0.0000
4,15,0.0585937500,-0.1914062500,4.108596223591e-05,0.000000000000e+00,20000,21020,0.000000000000e+00,4.108596223591e-05,0.000000000000e+00,4.108596223591e-05,3.9100
4,16,0.0625000000,-0.1875000000,8.411299355384e-05,2.000000000000e-04,20000,21020,0.000000000000e+00,8.411299355384e-05,0.000000000000e+00,8.411299355384e-05,4.2212
4,17,0.0664062500,-0.1835937500,4.173298526325e-05,5.000000000000e-05,20000,21020,0.000000000000e+00,4.173298526325e-05,0.000000000000e+00,4.173298526325e-05,3.9168
4,18,0.0703125000,-0.1796875000,1.299100922076e-06,0.000000000000e+00,20000,21020,0.000000000000e+00,1.299100922076e-06,0.000000000000e+00,1.299100922076e-06,2.4099
4,19,0.0742187500,-0.1757812500,1.304155789477e-06,0.000000000000e+00,20000,21020,0.000000000000e+00,1.304155789477e-06,0.000000000000e+00,1.304155789477e-06,2.4116
4,21,0.0820312500,-0.1679687500,6.571327621394e-07,0.000000000000e+00,20000,21020,0.000000000000e+00,6.571327621394e-07,0.000000000000e+00,6.571327621394e-07,2.1139
4,22,0.0859375000,-0.1640625000,5.054867401072e-09,0.000000000000e+00,20000,21020,0.000000000000e+00,5.054867401072e-09,0.000000000000e+00,5.054867401072e-09,0.0000
4,23,0.0898437500,-0.1601562500,6.470230273372e-07,0.000000000000e+00,20000,21020,0.000000000000e+00,6.470230273372e-07,0.000000000000e+00,6.470230273372e-07,2.1072
4,25,0.0976562500,-0.1523437500,6.571327621394e-07,0.000000000000e+00,20000,21020,0.000000000000e+00,6.571327621394e-07,0.000000000000e+00,6.571327621394e-07,2.1139
4,26,0.1015625000,-0.1484375000,5.054867401072e-09,0.000000000000e+00,20000,21020,0.000000000000e+00,5.054867401072e-09,0.000000000000e+00,5.054867401072e-09,0.0000
4,28,0.1093750000,-0.1406250000,5.054867401072e-09,0.000000000000e+00,20000,21020,0.000000000000e+00,5.054867401072e-09,0.000000000000e+00,5.054867401072e-09,0.0000
4,31,0.1210937500,-0.1289062500,4.108596223591e-05,5.000000000000e-05,20000,21020,0.000000000000e+00,4.108596223591e-05,0.000000000000e+00,4.108596223591e-05,3.9100
4,32,0.1250000000,-0.1250000000,8.411299355384e-05,1.500000000000e-04,20000,21020,0.000000000000e+00,8.411299355384e-05,0.000000000000e+00,8.411299355384e-05,4.2212
4,33,0.1289062500,-0.1210937500,4.173298526325e-05,5.000000000000e-05,20000,21020,0.000000000000e+00,4.173298526325e-05,0.000000000000e+00,4.173298526325e-05,3.9168
4,34,0.1328125000,-0.1171875000,1.299100922076e-06,0.000000000000e+00,20000,21020,0.000000000000e+00,1.299100922076e-06,0.000000000000e+00,1.299100922076e-06,2.4099
4,35,0.1367187500,-0.1132812500,1.304155789477e-06,0.000000000000e+00,20000,21020,0.000000000000e+00,1.304155789477e-06,0.000000000000e+00,1.304155789477e-06,2.4116
4,37,0.1445312500,-0.1054687500,6.571327621394e-07,0.000000000000e+00,20000,21020,0.000000000000e+00,6.571327621394e-07,0.000000000000e+00,6.571327621394e-07,2.1139
4,38,0.1484375000,-0.1015625000,5.054867401072e-09,0.000000000000e+00,20000,21020,0.000000000000e+00,5.054867401072e-09,0.000000000000e+00,5.054867401072e-09,0.0000
4,39,0.1523437500,-0.0976562500,6.470230273372e-07,0.000000000000e+00,20000,21020,0.000000000000e+00,6.470230273372e-07,0.000000000000e+00,6.470230273372e-07,2.1072
4,41,0.1601562500,-0.0898437500,6.571327621394e-07,0.000000000000e+00,20000,21020,0.000000000000e+00,6.571327621394e-07,0.000000000000e+00,6.571327621394e-07,2.1139
4,42,0.1640625000,-0.0859375000,5.054867401072e-09,0.000000000000e+00,20000,21020,0.000000000000e+00,5.054867401072e-09,0.000000000000e+00,5.054867401072e-09,0.0000
4,44,0.1718750000,-0.0781250000,5.054867401072e-09,0.000000000000e+00,20000,21020,0.000000000000e+00,5.054867401072e-09,0.000000000000e+00,5.054867401072e-09,0.0000
4,47,0.1835937500,-0.0664062500,6.470230273372e-07,0.000000000000e+00,20000,21020,0.000000000000e+00,6.470230273372e-07,0.000000000000e+00,6.470230273372e-07,2.1072
4,49,0.1914062500,-0.0585937500,6.571327621394e-07,0.000000000000e+00,20000,21020,0.000000000000e+00,6.571327621394e-07,0.000000000000e+00,6.571327621394e-07,2.1139
4,50,0.1953125000,-0.0546875000,5.054867401072e-09,0.000000000000e+00,20000,21020,0.000000000000e+00,5.054867401072e-09,0.000000000000e+00,5.054867401072e-09,0.0000
4,52,0.2031250000,-0.0468750000,5.054867401072e-09,0.000000000000e+00,20000,21020,0.000000000000e+00,5.054867401072e-09,0.000000000000e+00,5.054867401072e-09,0.0000
4,56,0.2187500000,-0.0312500000,5.054867401072e-09,0.000000000000e+00,20000,21020,0.000000000000e+00,5.054867401072e-09,0.000000000000e+00,5.054867401072e-09,0.0000
4,62,0.2421875000,-0.0078125000,5.392532543464e-02,5.180000000000e-02,20000,21020,5.392532543464e-02,0.000000000000e+00,5.392532543464e-02,0.000000000000e+00,7.0281
4,63,0.2460937500,-0.0039062500,2.208781329803e-01,2.227000000000e-01,20000,21020,2.208781329803e-01,0.000000000000e+00,2.208781329803e-01,0.000000000000e+00,7.6404
4,64,0.2500000000,0.0000000000,3.496826245899e-01,3.461500000000e-01,20000,21020,3.339467010535e-01,1.573592353636e-02,3.496826245899e-01,0.000000000000e+00,7.8400
4,65,0.2539062500,0.0039062500,2.262193080709e-01,2.313000000000e-01,20000,21020,2.208781329803e-01,5.341175090669e-03,2.262193080709e-01,0.000000000000e+00,7.6508
4,66,0.2578125000,0.0078125000,6.970298195626e-02,7.070000000000e-02,20000,21020,5.392532543464e-02,1.577765652162e-02,6.970298195626e-02,0.000000000000e+00,7.1395
4,67,0.2617187500,0.0117187500,1.080754913713e-02,1.120000000000e-02,20000,21020,0.000000000000e+00,1.080754913713e-02,1.080754913713e-02,0.000000000000e+00,6.3300
4,68,0.2656250000,0.0156250000,1.766696376144e-03,1.900000000000e-03,20000,21020,0.000000000000e+00,1.766696376144e-03,1.766696376144e-03,0.000000000000e+00,5.5435
4,69,0.2695312500,0.0195312500,5.508107031722e-03,5.700000000000e-03,20000,21020,0.000000000000e+00,5.508107031722e-03,5.508107031722e-03,0.000000000000e+00,6.0373
4,70,0.2734375000,0.0234375000,3.535333821371e-03,3.650000000000e-03,20000,21020,0.000000000000e+00,3.535333821371e-03,3.535333821371e-03,0.000000000000e+00,5.8447
4,71,0.2773437500,0.0273437500,5.423994038168e-03,4.800000000000e-03,20000,21020,0.000000000000e+00,5.423994038168e-03,5.423994038168e-03,0.000000000000e+00,6.0306
4,72,0.2812500000,0.0312500000,8.347102539390e-05,5.000000000000e-05,20000,21020,0.000000000000e+00,8.347102539390e-05,8.347102539390e-05,0.000000000000e+00,4.2178
4,73,0.2851562500,0.0351562500,5.425288084223e-03,4.850000000000e-03,20000,21020,0.000000000000e+00,5.425288084223e-03,5.425288084223e-03,0.000000000000e+00,6.0307
4,74,0.2890625000,0.0390625000,1.850809369698e-03,2.200000000000e-03,20000,21020,0.000000000000e+00,1.850809369698e-03,1.850809369698e-03,0.000000000000e+00,5.5637
4,75,0.2929687500,0.0429687500,8.281894749917e-05,1.000000000000e-04,20000,21020,0.000000000000e+00,8.281894749917e-05,8.281894749917e-05,0.000000000000e+00,4.2144
4,76,0.2968750000,0.0468750000,1.264980567118e-04,0.000000000000e+00,20000,21020,0.000000000000e+00,1.264980567118e-04,1.264980567118e-04,0.000000000000e+00,4.3984
4,77,0.3007812500,0.0507812500,6.470230273372e-07,0.000000000000e+00,20000,21020,0.000000000000e+00,6.470230273372e-07,6.470230273372e-07,0.000000000000e+00,2.1072
4,78,0.3046875000,0.0546875000,1.767995477066e-03,2.050000000000e-03,20000,21020,0.000000000000e+00,1.767995477066e-03,1.767995477066e-03,0.000000000000e+00,5.5438
4,79,0.3085937500,0.0585937500,5.341832223431e-03,4.750000000000e-03,20000,21020,0.000000000000e+00,5.341832223431e-03,5.341832223431e-03,0.000000000000e+00,6.0240
4,80,0.3125000000,0.0625000000,4.108596223591e-05,0.000000000000e+00,20000,21020,0.000000000000e+00,4.108596223591e-05,4.108596223591e-05,0.000000000000e+00,3.9100
4,81,0.3164062500,0.0664062500,5.425288084223e-03,4.950000000000e-03,20000,21020,0.000000000000e+00,5.425288084223e-03,5.425288084223e-03,0.000000000000e+00,6.0307
4,82,0.3203125000,0.0703125000,1.850809369698e-03,2.150000000000e-03,20000,21020,0.000000000000e+00,1.850809369698e-03,1.850809369698e-03,0.000000000000e+00,5.5637
4,83,0.3242187500,0.0742187500,8.281894749917e-05,5.000000000000e-05,20000,21020,0.000000000000e+00,8.281894749917e-05,8.281894749917e-05,0.000000000000e+00,4.2144
4,84,0.3281250000,0.0781250000,1.264980567118e-04,2.000000000000e-04,20000,21020,0.000000000000e+00,1.264980567118e-04,1.264980567118e-04,0.000000000000e+00,4.3984
4,85,0.3320312500,0.0820312500,6.470230273372e-07,0.000000000000e+00,20000,21020,0.000000000000e+00,6.470230273372e-07,6.470230273372e-07,0.000000000000e+00,2.1072
4,86,0.3359375000,0.0859375000,8.347102539390e-05,0.000000000000e+00,20000,21020,0.000000000000e+00,8.347102539390e-05,8.347102539390e-05,0.000000000000e+00,4.2178
4,87,0.3398437500,0.0898437500,6.571327621394e-07,0.000000000000e+00,20000,21020,0.000000000000e+00,6.571327621394e-07,6.571327621394e-07,0.000000000000e+00,2.1139
4,88,0.3437500000,0.0937500000,8.411299355384e-05,1.000000000000e-04,20000,21020,0.000000000000e+00,8.411299355384e-05,8.411299355384e-05,0.000000000000e+00,4.2212
4,89,0.3476562500,0.0976562500,6.470230273372e-07,0.000000000000e+00,20000,21020,0.000000000000e+00,6.470230273372e-07,6.470230273372e-07,0.000000000000e+00,2.1072
4,90,0.3515625000,0.1015625000,4.238506315799e-05,1.000000000000e-04,20000,21020,0.000000000000e+00,4.238506315799e-05,4.238506315799e-05,0.000000000000e+00,3.9235
4,91,0.3554687500,0.1054687500,1.304155789477e-06,0.000000000000e+00,20000,21020,0.000000000000e+00,1.304155789477e-06,1.304155789477e-06,0.000000000000e+00,2.4116
4,93,0.3632812500,0.1132812500,6.571327621394e-07,0.000000000000e+00,20000,21020,0.000000000000e+00,6.571327621394e-07,6.571327621394e-07,0.000000000000e+00,2.1139
4,94,0.3671875000,0.1171875000,1.725615468776e-03,1.650000000000e-03,20000,21020,0.000000000000e+00,1.725615468776e-03,1.725615468776e-03,0.000000000000e+00,5.5332
4,95,0.3710937500,0.1210937500,5.341175090669e-03,4.450000000000e-03,20000,21020,0.000000000000e+00,5.341175090669e-03,5.341175090669e-03,0.000000000000e+00,6.0239
4,96,0.3750000000,0.1250000000,4.108596223591e-05,0.000000000000e+00,20000,21020,0.000000000000e+00,4.108596223591e-05,4.108596223591e-05,0.000000000000e+00,3.9100
4,97,0.3789062500,0.1289062500,5.425288084223e-03,5.500000000000e-03,20000,21020,0.000000000000e+00,5.425288084223e-03,5.425288084223e-03,0.000000000000e+00,6.0307
4,98,0.3828125000,0.1328125000,1.850809369698e-03,1.450000000000e-03,20000,21020,0.000000000000e+00,1.850809369698e-03,1.850809369698e-03,0.000000000000e+00,5.5637
4,99,0.3867187500,0.1367187500,8.281894749917e-05,0.000000000000e+00,20000,21020,0.000000000000e+00,8.281894749917e-05,8.281894749917e-05,0.000000000000e+00,4.2144
4,100,0.3906250000,0.1406250000,1.264980567118e-04,5.000000000000e-05,20000,21020,0.000000000000e+00,1.264980567118e-04,1.264980567118e-04,0.000000000000e+00,4.3984
4,101,0.3945312500,0.1445312500,6.470230273372e-07,0.000000000000e+00,20000,21020,0.000000000000e+00,6.470230273372e-07,6.470230273372e-07,0.000000000000e+00,2.1072
4,102,0.3984375000,0.1484375000,8.347102539390e-05,1.000000000000e-04,20000,21020,0.000000000000e+00,8.347102539390e-05,8.347102539390e-05,0.000000000000e+00,4.2178
4,103,0.4023437500,0.1523437500,6.571327621394e-07,0.000000000000e+00,20000,21020,0.000000000000e+00,6.571327621394e-07,6.571327621394e-07,0.000000000000e+00,2.1139
4,104,0.4062500000,0.1562500000,8.411299355384e-05,0.000000000000e+00,20000,21020,0.000000000000e+00,8.411299355384e-05,8.411299355384e-05,0.000000000000e+00,4.2212
4,105,0.4101562500,0.1601562500,6.470230273372e-07,0.000000000000e+00,20000,21020,0.000000000000e+00,6.470230273372e-07,6.470230273372e-07,0.000000000000e+00,2.1072
4,106,0.4140625000,0.1640625000,4.238506315799e-05,0.000000000000e+00,20000,21020,0.000000000000e+00,4.238506315799e-05,4.238506315799e-05,0.000000000000e+00,3.9235
4,107,0.4179687500,0.1679687500,1.304155789477e-06,0.000000000000e+00,20000,21020,0.000000000000e+00,1.304155789477e-06,1.304155789477e-06,0.000000000000e+00,2.4116
4,109,0.4257812500,0.1757812500,6.571327621394e-07,0.000000000000e+00,20000,21020,0.000000000000e+00,6.571327621394e-07,6.571327621394e-07,0.000000000000e+00,2.1139
4,110,0.4296875000,0.1796875000,4.109101710332e-05,5.000000000000e-05,20000,21020,0.000000000000e+00,4.109101710332e-05,4.109101710332e-05,0.000000000000e+00,3.9100
4,112,0.4375000000,0.1875000000,8.411299355384e-05,5.000000000000e-05,20000,21020,0.000000000000e+00,8.411299355384e-05,8.411299355384e-05,0.000000000000e+00,4.2212
4,113,0.4414062500,0.1914062500,6.470230273372e-07,0.000000000000e+00,20000,21020,0.000000000000e+00,6.470230273372e-07,6.470230273372e-07,0.000000000000e+00,2.1072
4,114,0.4453125000,0.1953125000,4.238506315799e-05,0.000000000000e+00,20000,21020,0.000000000000e+00,4.238506315799e-05,4.238506315799e-05,0.000000000000e+00,3.9235
4,115,0.4492187500,0.1992187500,1.304155789477e-06,0.000000000000e+00,20000,21020,0.000000000000e+00,1.304155789477e-06,1.304155789477e-06,0.000000000000e+00,2.4116
4,117,0.4570312500,0.2070312500,6.571327621394e-07,0.000000000000e+00,20000,21020,0.000000000000e+00,6.571327621394e-07,6.571327621394e-07,0.000000000000e+00,2.1139
4,118,0.4609375000,0.2109375000,5.054867401072e-09,0.000000000000e+00,20000,21020,0.000000000000e+00,5.054867401072e-09,5.054867401072e-09,0.000000000000e+00,0.0000
4,119,0.4648437500,0.2148437500,6.470230273372e-07,0.000000000000e+00,20000,21020,0.000000000000e+00,6.470230273372e-07,6.470230273372e-07,0.000000000000e+00,2.1072
4,121,0.4726562500,0.2226562500,6.571327621394e-07,0.000000000000e+00,20000,21020,0.000000000000e+00,6.571327621394e-07,6.571327621394e-07,0.000000000000e+00,2.1139
4,122,0.4765625000,0.2265625000,5.054867401072e-09,0.000000000000e+00,20000,21020,0.000000000000e+00,5.054867401072e-09,5.054867401072e-09,0.000000000000e+00,0.0000
4,124,0.4843750000,0.2343750000,5.054867401072e-09,0.000000000000e+00,20000,21020,0.000000000000e+00,5.054867401072e-09,5.054867401072e-09,0.000000000000e+00,0.0000
5,0,0.0000000000,-0.2500000000,1.699141572853e-02,1.555000000000e-02,20000,21524,0.000000000000e+00,1.699141572853e-02,0.000000000000e+00,1.699141572853e-02,8.2425
5,1,0.0039062500,-0.2460937500,6.723875742839e-04,8.000000000000e-04,20000,21524,0.000000000000e+00,6.723875742839e-04,0.000000000000e+00,6.723875742839e-04,6.8399
5,2,0.0078125000,-0.2421875000,3.963016042441e-06,0.000000000000e+00,20000,21524,0.000000000000e+00,3.963016042441e-06,0.000000000000e+00,3.963016042441e-06,4.6103
5,3,0.0117187500,-0.2382812500,2.718367707353e-04,2.500000000000e-04,20000,21524,0.000000000000e+00,2.718367707353e-04,0.000000000000e+00,2.718367707353e-04,6.4466
5,4,0.0156250000,-0.2343750000,3.160458633532e-06,0.000000000000e+00,20000,21524,0.000000000000e+00,3.160458633532e-06,0.000000000000e+00,3.160458633532e-06,4.5120
5,5,0.0195312500,-0.2304687500,1.383198362191e-04,0.000000000000e+00,20000,21524,0.000000000000e+00,1.383198362191e-04,0.000000000000e+00,1.383198362191e-04,6.1532
5,6,0.0234375000,-0.2265625000,3.197786885109e-06,0.000000000000e+00,20000,21524,0.000000000000e+00,3.197786885109e-06,0.000000000000e+00,3.197786885109e-06,4.5171
5,7,0.0273437500,-0.2226562500,1.351220493340e-04,5.000000000000e-05,20000,21524,0.000000000000e+00,1.351220493340e-04,0.000000000000e+00,1.351220493340e-04,6.1430
5,8,0.0312500000,-0.2187500000,1.605212026806e-06,0.000000000000e+00,20000,21524,0.000000000000e+00,1.605212026806e-06,0.000000000000e+00,1.605212026806e-06,4.2178
5,9,0.0351562500,-0.2148437500,1.383073934686e-04,1.000000000000e-04,20000,21524,0.000000000000e+00,1.383073934686e-04,0.000000000000e+00,1.383073934686e-04,6.1531
5,10,0.0390625000,-0.2109375000,3.197786885109e-06,0.000000000000e+00,20000,21524,0.000000000000e+00,3.197786885109e-06,0.000000000000e+00,3.197786885109e-06,4.5171
5,11,0.0429687500,-0.2070312500,1.592672067292e-06,0.000000000000e+00,20000,21524,0.000000000000e+00,1.592672067292e-06,0.000000000000e+00,1.592672067292e-06,4.2144
5,12,0.0468750000,-0.2031250000,1.642540278383e-06,0.000000000000e+00,20000,21524,0.000000000000e+00,1.642540278383e-06,0.000000000000e+00,1.642540278383e-06,4.2278
5,13,0.0507812500,-0.1992187500,8.025574089087e-07,0.000000000000e+00,20000,21524,0.000000000000e+00,8.025574089087e-07,0.000000000000e+00,8.025574089087e-07,3.9168
5,14,0.0546875000,-0.1953125000,2.498271003991e-08,0.000000000000e+00,20000,21524,0.000000000000e+00,2.498271003991e-08,0.000000000000e+00,2.498271003991e-08,2.4099
5,15,0.0585937500,-0.1914062500,1.343321290936e-04,1.500000000000e-04,20000,21524,0.000000000000e+00,1.343321290936e-04,0.000000000000e+00,1.343321290936e-04,6.1405
5,16,0.0625000000,-0.1875000000,1.580229316766e-06,0.000000000000e+00,20000,21524,0.000000000000e+00,1.580229316766e-06,0.000000000000e+00,1.580229316766e-06,4.2110
5,17,0.0664062500,-0.1835937500,1.383073934686e-04,5.000000000000e-05,20000,21524,0.000000000000e+00,1.383073934686e-04,0.000000000000e+00,1.383073934686e-04,6.1531
5,18,0.0703125000,-0.1796875000,3.197786885109e-06,0.000000000000e+00,20000,21524,0.000000000000e+00,3.197786885109e-06,0.000000000000e+00,3.197786885109e-06,4.5171
5,19,0.0742187500,-0.1757812500,1.592672067292e-06,0.000000000000e+00,20000,21524,0.000000000000e+00,1.592672067292e-06,0.000000000000e+00,1.592672067292e-06,4.2144
5,20,0.0781250000,-0.1718750000,1.642540278383e-06,5.000000000000e-05,20000,21524,0.000000000000e+00,1.642540278383e-06,0.000000000000e+00,1.642540278383e-06,4.2278
5,21,0.0820312500,-0.1679687500,8.025574089087e-07,0.000000000000e+00,20000,21524,0.000000000000e+00,8.025574089087e-07,0.000000000000e+00,8.025574089087e-07,3.9168
5,22,0.0859375000,-0.1640625000,2.498271003991e-08,0.000000000000e+00,20000,21524,0.000000000000e+00,2.498271003991e-08,0.000000000000e+00,2.498271003991e-08,2.4099
5,23,0.0898437500,-0.1601562500,8.027518268857e-07,0.000000000000e+00,20000,21524,0.000000000000e+00,8.027518268857e-07,0.000000000000e+00,8.027518268857e-07,3.9169
5,24,0.0937500000,-0.1562500000,1.617557568343e-06,0.000000000000e+00,20000,21524,0.000000000000e+00,1.617557568343e-06,0.000000000000e+00,1.617557568343e-06,4.2212
5,25,0.0976562500,-0.1523437500,8.025574089087e-07,0.000000000000e+00,20000,21524,0.000000000000e+00,8.025574089087e-07,0.000000000000e+00,8.025574089087e-07,3.9168
5,26,0.1015625000,-0.1484375000,2.498271003991e-08,0.000000000000e+00,20000,21524,0.000000000000e+00,2.498271003991e-08,0.000000000000e+00,2.498271003991e-08,2.4099
5,27,0.1054687500,-0.1445312500,2.507991902840e-08,0.000000000000e+00,20000,21524,0.000000000000e+00,2.507991902840e-08,0.000000000000e+00,2.507991902840e-08,2.4116
5,29,0.1132812500,-0.1367187500,1.263716850268e-08,0.000000000000e+00,20000,21524,0.000000000000e+00,1.263716850268e-08,0.000000000000e+00,1.263716850268e-08,2.1139
5,30,0.1171875000,-0.1328125000,9.720898848216e-11,0.000000000000e+00,20000,21524,0.000000000000e+00,9.720898848216e-11,0.000000000000e+00,9.720898848216e-11,0.0000
5,31,0.1210937500,-0.1289062500,1.343194919251e-04,3.000000000000e-04,20000,21524,0.000000000000e+00,1.343194919251e-04,0.000000000000e+00,1.343194919251e-04,6.1404
5,32,0.1250000000,-0.1250000000,1.580229316766e-06,0.000000000000e+00,20000,21524,0.000000000000e+00,1.580229316766e-06,0.000000000000e+00,1.580229316766e-06,4.2110
5,33,0.1289062500,-0.1210937500,1.383073934686e-04,1.500000000000e-04,20000,21524,0.000000000000e+00,1.383073934686e-04,0.000000000000e+00,1.383073934686e-04,6.1531
5,34,0.1328125000,-0.1171875000,3.197786885109e-06,0.000000000000e+00,20000,21524,0.000000000000e+00,3.197786885109e-06,0.000000000000e+00,3.197786885109e-06,4.5171
5,35,0.1367187500,-0.1132812500,1.592672067292e-06,0.000000000000e+00,20000,21524,0.000000000000e+00,1.592672067292e-06,0.000000000000e+00,1.592672067292e-06,4.2144
5,36,0.1406250000,-0.1093750000,1.642540278383e-06,0.000000000000e+00,20000,21524,0.000000000000e+00,1.642540278383e-06,0.000000000000e+00,1.642540278383e-06,4.2278
5,37,0.1445312500,-0.1054687500,8.025574089087e-07,0.000000000000e+00,20000,21524,0.000000000000e+00,8.025574089087e-07,0.000000000000e+00,8.025574089087e-07,3.9168
5,38,0.1484375000,-0.1015625000,2.498271003991e-08,0.000000000000e+00,20000,21524,0.000000000000e+00,2.498271003991e-08,0.000000000000e+00,2.498271003991e-08,2.4099
5,39,0.1523437500,-0.0976562500,8.027518268857e-07,0.000000000000e+00,20000,21524,0.000000000000e+00,8.027518268857e-07,0.000000000000e+00,8.027518268857e-07,3.9169
5,40,0.1562500000,-0.0937500000,1.617557568343e-06,0.000000000000e+00,20000,21524,0.000000000000e+00,1.617557568343e-06,0.000000000000e+00,1.617557568343e-06,4.2212
5,41,0.1601562500,-0.0898437500,8.025574089087e-07,0.000000000000e+00,20000,21524,0.000000000000e+00,8.025574089087e-07,0.000000000000e+00,8.025574089087e-07,3.9168
5,42,0.1640625000,-0.0859375000,2.498271003991e-08,0.000000000000e+00,20000,21524,0.000000000000e+00,2.498271003991e-08,0.000000000000e+00,2.498271003991e-08,2.4099
5,43,0.1679687500,-0.0820312500,2.507991902840e-08,0.000000000000e+00,20000,21524,0.000000000000e+00,2.507991902840e-08,0.000000000000e+00,2.507991902840e-08,2.4116
5,45,0.1757812500,-0.0742187500,1.263716850268e-08,0.000000000000e+00,20000,21524,0.000000000000e+00,1.263716850268e-08,0.000000000000e+00,1.263716850268e-08,2.1139
5,46,0.1796875000,-0.0703125000,9.720898848216e-11,0.000000000000e+00,20000,21524,0.000000000000e+00,9.720898848216e-11,0.000000000000e+00,9.720898848216e-11,0.0000
5,47,0.1835937500,-0.0664062500,7.901146583830e-07,0.000000000000e+00,20000,21524,0.000000000000e+00,7.901146583830e-07,0.000000000000e+00,7.901146583830e-07,3.9100
5,48,0.1875000000,-0.0625000000,1.617557568343e-06,0.000000000000e+00,20000,21524,0.000000000000e+00,1.617557568343e-06,0.000000000000e+00,1.617557568343e-06,4.2212
5,49,0.1914062500,-0.0585937500,8.025574089087e-07,0.000000000000e+00,20000,21524,0.000000000000e+00,8.025574089087e-07,0.000000000000e+00,8.025574089087e-07,3.9168
5,50,0.1953125000,-0.0546875000,2.498271003991e-08,0.000000000000e+00,20000,21524,0.000000000000e+00,2.498271003991e-08,0.000000000000e+00,2.498271003991e-08,2.4099
5,51,0.1992187500,-0.0507812500,2.507991902840e-08,0.000000000000e+00,20000,21524,0.000000000000e+00,2.507991902840e-08,0.000000000000e+00,2.507991902840e-08,2.4116
5,53,0.2070312500,-0.0429687500,1.263716850268e-08,0.000000000000e+00,20000,21524,0.000000000000e+00,1.263716850268e-08,0.000000000000e+00,1.263716850268e-08,2.1139
5,54,0.2109375000,-0.0390625000,9.720898848216e-11,0.000000000000e+00,20000,21524,0.000000000000e+00,9.720898848216e-11,0.000000000000e+00,9.720898848216e-11,0.0000
5,55,0.2148437500,-0.0351562500,1.244275052572e-08,0.000000000000e+00,20000,21524,0.000000000000e+00,1.244275052572e-08,0.000000000000e+00,1.244275052572e-08,2.1072
5,57,0.2226562500,-0.0273437500,1.263716850268e-08,0.000000000000e+00,20000,21524,0.000000000000e+00,1.263716850268e-08,0.000000000000e+00,1.263716850268e-08,2.1139
5,58,0.2265625000,-0.0234375000,9.720898848216e-11,0.000000000000e+00,20000,21524,0.000000000000e+00,9.720898848216e-11,0.000000000000e+00,9.720898848216e-11,0.0000
5,60,0.2343750000,-0.0156250000,9.720898848216e-11,0.000000000000e+00,20000,21524,0.000000000000e+00,9.720898848216e-11,0.000000000000e+00,9.720898848216e-11,0.0000
5,61,0.2382812500,-0.0117187500,2.571823213037e-02,2.700000000000e-02,20000,21524,2.571823213037e-02,0.000000000000e+00,2.571823213037e-02,0.000000000000e+00,8.4225
5,63,0.2460937500,-0.0039062500,4.055765206959e-01,3.995500000000e-01,20000,21524,4.024654442285e-01,3.111076467383e-03,4.055765206959e-01,0.000000000000e+00,9.6204
5,64,0.2500000000,0.0000000000,1.277615402605e-02,1.475000000000e-02,20000,21524,0.000000000000e+00,1.277615402605e-02,1.277615402605e-02,0.000000000000e+00,8.1187
5,65,0.2539062500,0.0039062500,4.165140779119e-01,4.189500000000e-01,20000,21524,4.024654442285e-01,1.404863368338e-02,4.165140779119e-01,0.000000000000e+00,9.6319
5,66,0.2578125000,0.0078125000,1.936808062094e-02,1.940000000000e-02,20000,21524,0.000000000000e+00,1.936808062094e-02,1.936808062094e-02,0.000000000000e+00,8.2994
5,67,0.2617187500,0.0117187500,2.799297223185e-02,2.745000000000e-02,20000,21524,2.571823213037e-02,2.274740101485e-03,2.799297223185e-02,0.000000000000e+00,8.4593
5,68,0.2656250000,0.0156250000,1.110981465427e-02,1.115000000000e-02,20000,21524,0.000000000000e+00,1.110981465427e-02,1.110981465427e-02,0.000000000000e+00,8.0580
5,69,0.2695312500,0.0195312500,2.243135515149e-03,2.000000000000e-03,20000,21524,0.000000000000e+00,2.243135515149e-03,2.243135515149e-03,0.000000000000e+00,7.3631
5,70,0.2734375000,0.0234375000,8.699964946205e-03,8.350000000000e-03,20000,21524,0.000000000000e+00,8.699964946205e-03,8.699964946205e-03,0.000000000000e+00,7.9518
5,71,0.2773437500,0.0273437500,1.274097214894e-03,1.750000000000e-03,20000,21524,0.000000000000e+00,1.274097214894e-03,1.274097214894e-03,0.000000000000e+00,7.1175
5,72,0.2812500000,0.0312500000,6.692271156504e-03,6.600000000000e-03,20000,21524,0.000000000000e+00,6.692271156504e-03,6.692271156504e-03,0.000000000000e+00,7.8379
5,73,0.2851562500,0.0351562500,1.043075776571e-04,1.000000000000e-04,20000,21524,0.000000000000e+00,1.043075776571e-04,1.043075776571e-04,0.000000000000e+00,6.0306
5,74,0.2890625000,0.0390625000,4.484703243732e-03,4.400000000000e-03,20000,21524,0.000000000000e+00,4.484703243732e-03,4.484703243732e-03,0.000000000000e+00,7.6640
5,75,0.2929687500,0.0429687500,1.310442489180e-03,1.000000000000e-03,20000,21524,0.000000000000e+00,1.310442489180e-03,1.310442489180e-03,0.000000000000e+00,7.1297
5,76,0.2968750000,0.0468750000,3.476504496885e-05,0.000000000000e+00,20000,21524,0.000000000000e+00,3.476504496885e-05,3.476504496885e-05,0.000000000000e+00,5.5534
5,77,0.3007812500,0.0507812500,1.142950624353e-03,1.600000000000e-03,20000,21524,0.000000000000e+00,1.142950624353e-03,1.142950624353e-03,0.000000000000e+00,7.0703
5,78,0.3046875000,0.0546875000,4.282458776687e-03,4.750000000000e-03,20000,21524,0.000000000000e+00,4.282458776687e-03,4.282458776687e-03,0.000000000000e+00,7.6440
5,79,0.3085937500,0.0585937500,6.796230337146e-05,1.000000000000e-04,20000,21524,0.000000000000e+00,6.796230337146e-05,6.796230337146e-05,0.000000000000e+00,5.8446
5,80,0.3125000000,0.0625000000,6.659111323562e-03,6.750000000000e-03,20000,21524,0.000000000000e+00,6.659111323562e-03,6.659111323562e-03,0.000000000000e+00,7.8357
5,81,0.3164062500,0.0664062500,1.027149055898e-04,1.000000000000e-04,20000,21524,0.000000000000e+00,1.027149055898e-04,1.027149055898e-04,0.000000000000e+00,6.0239
5,82,0.3203125000,0.0703125000,4.484703243732e-03,5.900000000000e-03,20000,21524,0.000000000000e+00,4.484703243732e-03,4.484703243732e-03,0.000000000000e+00,7.6640
5,83,0.3242187500,0.0742187500,1.310442489180e-03,1.700000000000e-03,20000,21524,0.000000000000e+00,1.310442489180e-03,1.310442489180e-03,0.000000000000e+00,7.1297
5,84,0.3281250000,0.0781250000,3.476504496885e-05,0.000000000000e+00,20000,21524,0.000000000000e+00,3.476504496885e-05,3.476504496885e-05,0.000000000000e+00,5.5534
5,85,0.3320312500,0.0820312500,1.059251352254e-04,2.000000000000e-04,20000,21524,0.000000000000e+00,1.059251352254e-04,1.059251352254e-04,0.000000000000e+00,6.0373
5,86,0.3359375000,0.0859375000,6.798718887251e-05,0.000000000000e+00,20000,21524,0.000000000000e+00,6.798718887251e-05,6.798718887251e-05,0.000000000000e+00,5.8447
5,87,0.3398437500,0.0898437500,1.043075776571e-04,2.000000000000e-04,20000,21524,0.000000000000e+00,1.043075776571e-04,1.043075776571e-04,0.000000000000e+00,6.0306
5,88,0.3437500000,0.0937500000,1.605212026806e-06,0.000000000000e+00,20000,21524,0.000000000000e+00,1.605212026806e-06,1.605212026806e-06,0.000000000000e+00,4.2178
5,89,0.3476562500,0.0976562500,1.043324631581e-04,1.500000000000e-04,20000,21524,0.000000000000e+00,1.043324631581e-04,1.043324631581e-04,0.000000000000e+00,6.0307
5,90,0.3515625000,0.1015625000,3.559248787881e-05,5.000000000000e-05,20000,21524,0.000000000000e+00,3.559248787881e-05,3.559248787881e-05,0.000000000000e+00,5.5637
5,91,0.3554687500,0.1054687500,1.592672067292e-06,0.000000000000e+00,20000,21524,0.000000000000e+00,1.592672067292e-06,1.592672067292e-06,0.000000000000e+00,4.2144
5,92,0.3593750000,0.1093750000,2.432654936766e-06,0.000000000000e+00,20000,21524,0.000000000000e+00,2.432654936766e-06,2.432654936766e-06,0.000000000000e+00,4.3984
5,93,0.3632812500,0.1132812500,1.037037931878e-03,8.500000000000e-04,20000,21524,0.000000000000e+00,1.037037931878e-03,1.037037931878e-03,0.000000000000e+00,7.0281
5,94,0.3671875000,0.1171875000,4.248471500835e-03,3.400000000000e-03,20000,21524,0.000000000000e+00,4.248471500835e-03,4.248471500835e-03,0.000000000000e+00,7.6405
5,95,0.3710937500,0.1210937500,9.956708412476e-05,5.000000000000e-05,20000,21524,0.000000000000e+00,9.956708412476e-05,9.956708412476e-05,0.000000000000e+00,6.0104
5,96,0.3750000000,0.1250000000,6.625111410541e-03,6.700000000000e-03,20000,21524,0.000000000000e+00,6.625111410541e-03,6.625111410541e-03,0.000000000000e+00,7.8335
5,97,0.3789062500,0.1289062500,1.358997212419e-04,1.000000000000e-04,20000,21524,0.000000000000e+00,1.358997212419e-04,1.358997212419e-04,0.000000000000e+00,6.1455
5,98,0.3828125000,0.1328125000,4.451518428080e-03,5.150000000000e-03,20000,21524,0.000000000000e+00,4.451518428080e-03,4.451518428080e-03,0.000000000000e+00,7.6608
5,99,0.3867187500,0.1367187500,1.310442489180e-03,1.100000000000e-03,20000,21524,0.000000000000e+00,1.310442489180e-03,1.310442489180e-03,0.000000000000e+00,7.1297
5,100,0.3906250000,0.1406250000,1.580229316766e-06,0.000000000000e+00,20000,21524,0.000000000000e+00,1.580229316766e-06,1.580229316766e-06,0.000000000000e+00,4.2110
5,101,0.3945312500,0.1445312500,1.722947665296e-04,4.500000000000e-04,20000,21524,0.000000000000e+00,1.722947665296e-04,1.722947665296e-04,0.000000000000e+00,6.2486
5,102,0.3984375000,0.1484375000,1.617557568343e-06,0.000000000000e+00,20000,21524,0.000000000000e+00,1.617557568343e-06,1.617557568343e-06,0.000000000000e+00,4.2212
5,103,0.4023437500,0.1523437500,1.374923933092e-04,1.000000000000e-04,20000,21524,0.000000000000e+00,1.374923933092e-04,1.374923933092e-04,0.000000000000e+00,6.1506
5,104,0.4062500000,0.1562500000,1.605212026806e-06,0.000000000000e+00,20000,21524,0.000000000000e+00,1.605212026806e-06,1.605212026806e-06,0.000000000000e+00,4.2178
5,105,0.4101562500,0.1601562500,1.043324631581e-04,2.000000000000e-04,20000,21524,0.000000000000e+00,1.043324631581e-04,1.043324631581e-04,0.000000000000e+00,6.0307
5,106,0.4140625000,0.1640625000,2.407672226726e-06,0.000000000000e+00,20000,21524,0.000000000000e+00,2.407672226726e-06,2.407672226726e-06,0.000000000000e+00,4.3939
5,107,0.4179687500,0.1679687500,3.477748771938e-05,0.000000000000e+00,20000,21524,0.000000000000e+00,3.477748771938e-05,3.477748771938e-05,0.000000000000e+00,5.5536
5,108,0.4218750000,0.1718750000,2.432654936766e-06,0.000000000000e+00,20000,21524,0.000000000000e+00,2.432654936766e-06,2.432654936766e-06,0.000000000000e+00,4.3984
5,109,0.4257812500,0.1757812500,3.319725840261e-05,0.000000000000e+00,20000,21524,0.000000000000e+00,3.319725840261e-05,3.319725840261e-05,0.000000000000e+00,5.5334
5,110,0.4296875000,0.1796875000,8.150973684229e-07,0.000000000000e+00,20000,21524,0.000000000000e+00,8.150973684229e-07,8.150973684229e-07,0.000000000000e+00,3.9235
5,111,0.4335937500,0.1835937500,1.027275427583e-04,2.500000000000e-04,20000,21524,0.000000000000e+00,1.027275427583e-04,1.027275427583e-04,0.000000000000e+00,6.0240
5,112,0.4375000000,0.1875000000,7.901146583830e-07,0.000000000000e+00,20000,21524,0.000000000000e+00,7.901146583830e-07,7.901146583830e-07,0.000000000000e+00,3.9100
5,113,0.4414062500,0.1914062500,1.043324631581e-04,1.500000000000e-04,20000,21524,0.000000000000e+00,1.043324631581e-04,1.043324631581e-04,0.000000000000e+00,6.0307
5,114,0.4453125000,0.1953125000,2.407672226726e-06,5.000000000000e-05,20000,21524,0.000000000000e+00,2.407672226726e-06,2.407672226726e-06,0.000000000000e+00,4.3939
5,115,0.4492187500,0.1992187500,3.477748771938e-05,5.000000000000e-05,20000,21524,0.000000000000e+00,3.477748771938e-05,3.477748771938e-05,0.000000000000e+00,5.5536
5,116,0.4531250000,0.2031250000,2.432654936766e-06,0.000000000000e+00,20000,21524,0.000000000000e+00,2.432654936766e-06,2.432654936766e-06,0.000000000000e+00,4.3984
5,117,0.4570312500,0.2070312500,1.244275052572e-08,0.000000000000e+00,20000,21524,0.000000000000e+00,1.244275052572e-08,1.244275052572e-08,0.000000000000e+00,2.1072
5,118,0.4609375000,0.2109375000,1.605212026806e-06,0.000000000000e+00,20000,21524,0.000000000000e+00,1.605212026806e-06,1.605212026806e-06,0.000000000000e+00,4.2178
5,119,0.4648437500,0.2148437500,1.263716850268e-08,0.000000000000e+00,20000,21524,0.000000000000e+00,1.263716850268e-08,1.263716850268e-08,0.000000000000e+00,2.1139
5,120,0.4687500000,0.2187500000,1.617557568343e-06,0.000000000000e+00,20000,21524,0.000000000000e+00,1.617557568343e-06,1.617557568343e-06,0.000000000000e+00,4.2212
5,121,0.4726562500,0.2226562500,1.244275052572e-08,0.000000000000e+00,20000,21524,0.000000000000e+00,1.244275052572e-08,1.244275052572e-08,0.000000000000e+00,2.1072
5,122,0.4765625000,0.2265625000,8.150973684229e-07,0.000000000000e+00,20000,21524,0.000000000000e+00,8.150973684229e-07,8.150973684229e-07,0.000000000000e+00,3.9235
5,123,0.4804687500,0.2304687500,2.507991902840e-08,0.000000000000e+00,20000,21524,0.000000000000e+00,2.507991902840e-08,2.507991902840e-08,0.000000000000e+00,2.4116
5,125,0.4882812500,0.2382812500,1.263716850268e-08,0.000000000000e+00,20000,21524,0.000000000000e+00,1.263716850268e-08,1.263716850268e-08,0.000000000000e+00,2.1139
5,126,0.4921875000,0.2421875000,9.720898848216e-11,0.000000000000e+00,20000,21524,0.000000000000e+00,9.720898848216e-11,9.720898848216e-11,0.000000000000e+00,0.0000
6,0,0.0000000000,-0.2500000000,1.983862593168e-02,2.125000000000e-02,20000,21860,0.000000000000e+00,1.983862593168e-02,0.000000000000e+00,1.983862593168e-02,9.9450
6,1,0.0039062500,-0.2460937500,9.127837723916e-04,8.000000000000e-04,20000,21860,0.000000000000e+00,9.127837723916e-04,0.000000000000e+00,9.127837723916e-04,8.6078
6,2,0.0078125000,-0.2421875000,1.581083494775e-04,2.000000000000e-04,20000,21860,0.000000000000e+00,1.581083494775e-04,0.000000000000e+00,1.581083494775e-04,7.8464
6,3,0.0117187500,-0.2382812500,2.448684301123e-04,1.500000000000e-04,20000,21860,0.000000000000e+00,2.448684301123e-04,0.000000000000e+00,2.448684301123e-04,8.0364
6,4,0.0156250000,-0.2343750000,1.612568938171e-04,3.000000000000e-04,20000,21860,0.000000000000e+00,1.612568938171e-04,0.000000000000e+00,1.612568938171e-04,7.8550
6,5,0.0195312500,-0.2304687500,1.255733192395e-04,5.000000000000e-05,20000,21860,0.000000000000e+00,1.255733192395e-04,0.000000000000e+00,1.255733192395e-04,7.7463
6,6,0.0234375000,-0.2265625000,6.296800430138e-06,0.000000000000e+00,20000,21860,0.000000000000e+00,6.296800430138e-06,0.000000000000e+00,6.296800430138e-06,6.4466
6,7,0.0273437500,-0.2226562500,1.256290954300e-04,5.000000000000e-05,20000,21860,0.000000000000e+00,1.256290954300e-04,0.000000000000e+00,1.256290954300e-04,7.7465
6,8,0.0312500000,-0.2187500000,1.550333086449e-04,0.000000000000e+00,20000,21860,0.000000000000e+00,1.550333086449e-04,0.000000000000e+00,1.550333086449e-04,7.8379
6,9,0.0351562500,-0.2148437500,1.255553036740e-04,0.000000000000e+00,20000,21860,0.000000000000e+00,1.255553036740e-04,0.000000000000e+00,1.255553036740e-04,7.7463
6,10,0.0390625000,-0.2109375000,6.296800430138e-06,0.000000000000e+00,20000,21860,0.000000000000e+00,6.296800430138e-06,0.000000000000e+00,6.296800430138e-06,6.4466
6,11,0.0429687500,-0.2070312500,6.315680742711e-06,5.000000000000e-05,20000,21860,0.000000000000e+00,6.315680742711e-06,0.000000000000e+00,6.315680742711e-06,6.4479
6,12,0.0468750000,-0.2031250000,7.321525791966e-08,0.000000000000e+00,20000,21860,0.000000000000e+00,7.321525791966e-08,0.000000000000e+00,7.321525791966e-08,4.5120
6,13,0.0507812500,-0.1992187500,3.204320530173e-06,0.000000000000e+00,20000,21860,0.000000000000e+00,3.204320530173e-06,0.000000000000e+00,3.204320530173e-06,6.1532
6,14,0.0546875000,-0.1953125000,7.408000506044e-08,0.000000000000e+00,20000,21860,0.000000000000e+00,7.408000506044e-08,0.000000000000e+00,7.408000506044e-08,4.5171
6,15,0.0585937500,-0.1914062500,1.224436552124e-04,2.500000000000e-04,20000,21860,0.000000000000e+00,1.224436552124e-04,0.000000000000e+00,1.224436552124e-04,7.7354
6,16,0.0625000000,-0.1875000000,1.549972797660e-04,2.000000000000e-04,20000,21860,0.000000000000e+00,1.549972797660e-04,0.000000000000e+00,1.549972797660e-04,7.8378
6,17,0.0664062500,-0.1835937500,1.255550154250e-04,5.000000000000e-05,20000,21860,0.000000000000e+00,1.255550154250e-04,0.000000000000e+00,1.255550154250e-04,7.7463
6,18,0.0703125000,-0.1796875000,6.296800430138e-06,0.000000000000e+00,20000,21860,0.000000000000e+00,6.296800430138e-06,0.000000000000e+00,6.296800430138e-06,6.4466
6,19,0.0742187500,-0.1757812500,6.315680742711e-06,0.000000000000e+00,20000,21860,0.000000000000e+00,6.315680742711e-06,0.000000000000e+00,6.315680742711e-06,6.4479
6,20,0.0781250000,-0.1718750000,7.321525791966e-08,0.000000000000e+00,20000,21860,0.000000000000e+00,7.321525791966e-08,0.000000000000e+00,7.321525791966e-08,4.5120
6,21,0.0820312500,-0.1679687500,3.204320530173e-06,0.000000000000e+00,20000,21860,0.000000000000e+00,3.204320530173e-06,0.000000000000e+00,3.204320530173e-06,6.1532
6,22,0.0859375000,-0.1640625000,7.408000506044e-08,0.000000000000e+00,20000,21860,0.000000000000e+00,7.408000506044e-08,0.000000000000e+00,7.408000506044e-08,4.5171
6,23,0.0898437500,-0.1601562500,3.130240525112e-06,0.000000000000e+00,20000,21860,0.000000000000e+00,3.130240525112e-06,0.000000000000e+00,3.130240525112e-06,6.1430
6,24,0.0937500000,-0.1562500000,3.718637899936e-08,0.000000000000e+00,20000,21860,0.000000000000e+00,3.718637899936e-08,0.000000000000e+00,3.718637899936e-08,4.2178
6,25,0.0976562500,-0.1523437500,3.204032281126e-06,0.000000000000e+00,20000,21860,0.000000000000e+00,3.204032281126e-06,0.000000000000e+00,3.204032281126e-06,6.1531
6,26,0.1015625000,-0.1484375000,7.408000506044e-08,0.000000000000e+00,20000,21860,0.000000000000e+00,7.408000506044e-08,0.000000000000e+00,7.408000506044e-08,4.5171
6,27,0.1054687500,-0.1445312500,3.689587800676e-08,0.000000000000e+00,20000,21860,0.000000000000e+00,3.689587800676e-08,0.000000000000e+00,3.689587800676e-08,4.2144
6,28,0.1093750000,-0.1406250000,3.805112614015e-08,0.000000000000e+00,20000,21860,0.000000000000e+00,3.805112614015e-08,0.000000000000e+00,3.805112614015e-08,4.2278
6,29,0.1132812500,-0.1367187500,1.859206352684e-08,0.000000000000e+00,20000,21860,0.000000000000e+00,1.859206352684e-08,0.000000000000e+00,1.859206352684e-08,3.9168
6,30,0.1171875000,-0.1328125000,5.787500395347e-10,0.000000000000e+00,20000,21860,0.000000000000e+00,5.787500395347e-10,0.000000000000e+00,5.787500395347e-10,2.4099
6,31,0.1210937500,-0.1289062500,1.224253559018e-04,1.500000000000e-04,20000,21860,0.000000000000e+00,1.224253559018e-04,0.000000000000e+00,1.224253559018e-04,7.7353
6,32,0.1250000000,-0.1250000000,1.549967010159e-04,2.000000000000e-04,20000,21860,0.000000000000e+00,1.549967010159e-04,0.000000000000e+00,1.549967010159e-04,7.8378
6,33,0.1289062500,-0.1210937500,1.255550154250e-04,5.000000000000e-05,20000,21860,0.000000000000e+00,1.255550154250e-04,0.000000000000e+00,1.255550154250e-04,7.7463
6,34,0.1328125000,-0.1171875000,6.296800430138e-06,5.000000000000e-05,20000,21860,0.000000000000e+00,6.296800430138e-06,0.000000000000e+00,6.296800430138e-06,6.4466
6,35,0.1367187500,-0.1132812500,6.315680742711e-06,0.000000000000e+00,20000,21860,0.000000000000e+00,6.315680742711e-06,0.000000000000e+00,6.315680742711e-06,6.4479
6,36,0.1406250000,-0.1093750000,7.321525791966e-08,0.000000000000e+00,20000,21860,0.000000000000e+00,7.321525791966e-08,0.000000000000e+00,7.321525791966e-08,4.5120
6,37,0.1445312500,-0.1054687500,3.204320530173e-06,0.000000000000e+00,20000,21860,0.000000000000e+00,3.204320530173e-06,0.000000000000e+00,3.204320530173e-06,6.1532
6,38,0.1484375000,-0.1015625000,7.408000506044e-08,0.000000000000e+00,20000,21860,0.000000000000e+00,7.408000506044e-08,0.000000000000e+00,7.408000506044e-08,4.5171
6,39,0.1523437500,-0.0976562500,3.130240525112e-06,0.000000000000e+00,20000,21860,0.000000000000e+00,3.130240525112e-06,0.000000000000e+00,3.130240525112e-06,6.1430
6,40,0.1562500000,-0.0937500000,3.718637899936e-08,0.000000000000e+00,20000,21860,0.000000000000e+00,3.718637899936e-08,0.000000000000e+00,3.718637899936e-08,4.2178
6,41,0.1601562500,-0.0898437500,3.204032281126e-06,5.000000000000e-05,20000,21860,0.000000000000e+00,3.204032281126e-06,0.000000000000e+00,3.204032281126e-06,6.1531
6,42,0.1640625000,-0.0859375000,7.408000506044e-08,0.000000000000e+00,20000,21860,0.000000000000e+00,7.408000506044e-08,0.000000000000e+00,7.408000506044e-08,4.5171
6,43,0.1679687500,-0.0820312500,3.689587800676e-08,0.000000000000e+00,20000,21860,0.000000000000e+00,3.689587800676e-08,0.000000000000e+00,3.689587800676e-08,4.2144
6,44,0.1718750000,-0.0781250000,3.805112614015e-08,0.000000000000e+00,20000,21860,0.000000000000e+00,3.805112614015e-08,0.000000000000e+00,3.805112614015e-08,4.2278
6,45,0.1757812500,-0.0742187500,1.859206352684e-08,0.000000000000e+00,20000,21860,0.000000000000e+00,1.859206352684e-08,0.000000000000e+00,1.859206352684e-08,3.9168
6,46,0.1796875000,-0.0703125000,5.787500395347e-10,0.000000000000e+00,20000,21860,0.000000000000e+00,5.787500395347e-10,0.000000000000e+00,5.787500395347e-10,2.4099
6,47,0.1835937500,-0.0664062500,3.111941214524e-06,0.000000000000e+00,20000,21860,0.000000000000e+00,3.111941214524e-06,0.000000000000e+00,3.111941214524e-06,6.1405
6,48,0.1875000000,-0.0625000000,3.660762895983e-08,0.000000000000e+00,20000,21860,0.000000000000e+00,3.660762895983e-08,0.000000000000e+00,3.660762895983e-08,4.2110
6,49,0.1914062500,-0.0585937500,3.204032281126e-06,0.000000000000e+00,20000,21860,0.000000000000e+00,3.204032281126e-06,0.000000000000e+00,3.204032281126e-06,6.1531
6,50,0.1953125000,-0.0546875000,7.408000506044e-08,0.000000000000e+00,20000,21860,0.000000000000e+00,7.408000506044e-08,0.000000000000e+00,7.408000506044e-08,4.5171
6,51,0.1992187500,-0.0507812500,3.689587800676e-08,0.000000000000e+00,20000,21860,0.000000000000e+00,3.689587800676e-08,0.000000000000e+00,3.689587800676e-08,4.2144
6,52,0.2031250000,-0.0468750000,3.805112614015e-08,0.000000000000e+00,20000,21860,0.000000000000e+00,3.805112614015e-08,0.000000000000e+00,3.805112614015e-08,4.2278
6,53,0.2070312500,-0.0429687500,1.859206352684e-08,0.000000000000e+00,20000,21860,0.000000000000e+00,1.859206352684e-08,0.000000000000e+00,1.859206352684e-08,3.9168
6,54,0.2109375000,-0.0390625000,5.787500395347e-10,0.000000000000e+00,20000,21860,0.000000000000e+00,5.787500395347e-10,0.000000000000e+00,5.787500395347e-10,2.4099
6,55,0.2148437500,-0.0351562500,1.859656741820e-08,0.000000000000e+00,20000,21860,0.000000000000e+00,1.859656741820e-08,0.000000000000e+00,1.859656741820e-08,3.9169
6,56,0.2187500000,-0.0312500000,3.747237610061e-08,0.000000000000e+00,20000,21860,0.000000000000e+00,3.747237610061e-08,0.000000000000e+00,3.747237610061e-08,4.2212
6,57,0.2226562500,-0.0273437500,1.859206352684e-08,0.000000000000e+00,20000,21860,0.000000000000e+00,1.859206352684e-08,0.000000000000e+00,1.859206352684e-08,3.9168
6,58,0.2265625000,-0.0234375000,5.787500395347e-10,0.000000000000e+00,20000,21860,0.000000000000e+00,5.787500395347e-10,0.000000000000e+00,5.787500395347e-10,2.4099
6,59,0.2304687500,-0.0195312500,5.810019852138e-10,0.000000000000e+00,20000,21860,0.000000000000e+00,5.810019852138e-10,0.000000000000e+00,5.810019852138e-10,2.4116
6,61,0.2382812500,-0.0117187500,1.221367809984e-02,1.195000000000e-02,20000,21860,1.221367780709e-02,2.927529382860e-10,1.221367780709e-02,2.927529382860e-10,9.7343
6,62,0.2421875000,-0.0078125000,7.804838013533e-02,7.905000000000e-02,20000,21860,7.626101264912e-02,1.787367486216e-03,7.804838013308e-02,2.251945679123e-12,10.5398
6,63,0.2460937500,-0.0039062500,1.952891166282e-01,1.959000000000e-01,20000,21860,1.952650928717e-01,2.402375650489e-05,1.952891166282e-01,0.000000000000e+00,10.9381
6,64,0.2500000000,0.0000000000,2.849006112422e-01,2.810500000000e-01,20000,21860,2.624362848196e-01,2.246432642264e-02,2.849006112422e-01,0.000000000000e+00,11.1021
6,65,0.2539062500,0.0039062500,2.017103784569e-01,2.025500000000e-01,20000,21860,1.952650928717e-01,6.445285585183e-03,2.017103784569e-01,0.000000000000e+00,10.9522
6,66,0.2578125000,0.0078125000,9.818069076810e-02,9.955000000000e-02,20000,21860,7.626101264912e-02,2.191967811898e-02,9.818069076810e-02,0.000000000000e+00,10.6395
6,67,0.2617187500,0.0117187500,2.532976112375e-02,2.605000000000e-02,20000,21860,1.221367780709e-02,1.311608331667e-02,2.532976112375e-02,0.000000000000e+00,10.0511
6,68,0.2656250000,0.0156250000,4.985602139946e-03,5.450000000000e-03,20000,21860,0.000000000000e+00,4.985602139946e-03,4.985602139946e-03,0.000000000000e+00,9.3452
6,69,0.2695312500,0.0195312500,6.749055690292e-03,6.200000000000e-03,20000,21860,0.000000000000e+00,6.749055690292e-03,6.749055690292e-03,0.000000000000e+00,9.4767
6,70,0.2734375000,0.0234375000,6.996212097214e-03,6.700000000000e-03,20000,21860,0.000000000000e+00,6.996212097214e-03,6.996212097214e-03,0.000000000000e+00,9.4923
6,71,0.2773437500,0.0273437500,6.668454843230e-03,5.950000000000e-03,20000,21860,0.000000000000e+00,6.668454843230e-03,6.668454843230e-03,0.000000000000e+00,9.4715
6,72,0.2812500000,0.0312500000,8.468994804202e-04,1.400000000000e-03,20000,21860,0.000000000000e+00,8.468994804202e-04,8.468994804202e-04,0.000000000000e+00,8.5753
6,73,0.2851562500,0.0351562500,6.599495222177e-03,6.350000000000e-03,20000,21860,0.000000000000e+00,6.599495222177e-03,6.599495222177e-03,0.000000000000e+00,9.4670
6,74,0.2890625000,0.0390625000,3.326937927498e-03,2.950000000000e-03,20000,21860,0.000000000000e+00,3.326937927498e-03,3.326937927498e-03,0.000000000000e+00,9.1695
6,75,0.2929687500,0.0429687500,2.006830219578e-04,5.000000000000e-05,20000,21860,0.000000000000e+00,2.006830219578e-04,2.006830219578e-04,0.000000000000e+00,7.9500
6,76,0.2968750000,0.0468750000,1.497764819512e-03,1.850000000000e-03,20000,21860,0.000000000000e+00,1.497764819512e-03,1.497764819512e-03,0.000000000000e+00,8.8229
6,77,0.3007812500,0.0507812500,2.794077280359e-05,0.000000000000e+00,20000,21860,0.000000000000e+00,2.794077280359e-05,2.794077280359e-05,0.000000000000e+00,7.0937
6,78,0.3046875000,0.0546875000,3.226230628479e-03,2.250000000000e-03,20000,21860,0.000000000000e+00,3.226230628479e-03,3.226230628479e-03,0.000000000000e+00,9.1561
6,79,0.3085937500,0.0585937500,6.497287586868e-03,6.050000000000e-03,20000,21860,0.000000000000e+00,6.497287586868e-03,6.497287586868e-03,0.000000000000e+00,9.4602
6,80,0.3125000000,0.0625000000,9.995713087481e-05,5.000000000000e-05,20000,21860,0.000000000000e+00,9.995713087481e-05,9.995713087481e-05,0.000000000000e+00,7.6473
6,81,0.3164062500,0.0664062500,6.573970841133e-03,6.500000000000e-03,20000,21860,0.000000000000e+00,6.573970841133e-03,6.573970841133e-03,0.000000000000e+00,9.4653
6,82,0.3203125000,0.0703125000,3.326919623684e-03,3.100000000000e-03,20000,21860,0.000000000000e+00,3.326919623684e-03,3.326919623684e-03,0.000000000000e+00,9.1695
6,83,0.3242187500,0.0742187500,2.006830219578e-04,2.000000000000e-04,20000,21860,0.000000000000e+00,2.006830219578e-04,2.006830219578e-04,0.000000000000e+00,7.9500
6,84,0.3281250000,0.0781250000,9.019756581903e-04,7.500000000000e-04,20000,21860,0.000000000000e+00,9.019756581903e-04,9.019756581903e-04,0.000000000000e+00,8.6026
6,85,0.3320312500,0.0820312500,5.196452930848e-05,5.000000000000e-05,20000,21860,0.000000000000e+00,5.196452930848e-05,5.196452930848e-05,0.000000000000e+00,7.3631
6,86,0.3359375000,0.0859375000,2.015435894874e-04,1.500000000000e-04,20000,21860,0.000000000000e+00,2.015435894874e-04,2.015435894874e-04,0.000000000000e+00,7.9518
6,87,0.3398437500,0.0898437500,2.951576559600e-05,5.000000000000e-05,20000,21860,0.000000000000e+00,2.951576559600e-05,2.951576559600e-05,0.000000000000e+00,7.1175
6,88,0.3437500000,0.0937500000,1.550333086449e-04,2.500000000000e-04,20000,21860,0.000000000000e+00,1.550333086449e-04,1.550333086449e-04,0.000000000000e+00,7.8379
6,89,0.3476562500,0.0976562500,2.416391760396e-06,0.000000000000e+00,20000,21860,0.000000000000e+00,2.416391760396e-06,2.416391760396e-06,0.000000000000e+00,6.0306
6,90,0.3515625000,0.1015625000,1.038927392370e-04,4.000000000000e-04,20000,21860,0.000000000000e+00,1.038927392370e-04,1.038927392370e-04,0.000000000000e+00,7.6640
6,91,0.3554687500,0.1054687500,3.035774106208e-05,0.000000000000e+00,20000,21860,0.000000000000e+00,3.035774106208e-05,3.035774106208e-05,0.000000000000e+00,7.1297
6,92,0.3593750000,0.1093750000,5.965945291583e-04,4.500000000000e-04,20000,21860,0.000000000000e+00,5.965945291583e-04,5.965945291583e-04,0.000000000000e+00,8.4231
6,93,0.3632812500,0.1132812500,2.453864136496e-06,0.000000000000e+00,20000,21860,0.000000000000e+00,2.453864136496e-06,2.453864136496e-06,0.000000000000e+00,6.0373
6,94,0.3671875000,0.1171875000,3.147918334725e-03,3.750000000000e-03,20000,21860,0.000000000000e+00,3.147918334725e-03,3.147918334725e-03,0.000000000000e+00,9.1455
6,95,0.3710937500,0.1210937500,6.446091241269e-03,6.300000000000e-03,20000,21860,0.000000000000e+00,6.446091241269e-03,6.446091241269e-03,0.000000000000e+00,9.4567
6,96,0.3750000000,0.1250000000,1.239814661297e-04,5.000000000000e-05,20000,21860,0.000000000000e+00,1.239814661297e-04,1.239814661297e-04,0.000000000000e+00,7.7408
6,97,0.3789062500,0.1289062500,6.548372668334e-03,6.950000000000e-03,20000,21860,0.000000000000e+00,6.548372668334e-03,6.548372668334e-03,0.000000000000e+00,9.4636
6,98,0.3828125000,0.1328125000,3.328457144100e-03,3.600000000000e-03,20000,21860,0.000000000000e+00,3.328457144100e-03,3.328457144100e-03,0.000000000000e+00,9.1697
6,99,0.3867187500,0.1367187500,1.999142617496e-04,3.000000000000e-04,20000,21860,0.000000000000e+00,1.999142617496e-04,1.999142617496e-04,0.000000000000e+00,7.9483
6,100,0.3906250000,0.1406250000,9.252306544870e-04,8.000000000000e-04,20000,21860,0.000000000000e+00,9.252306544870e-04,9.252306544870e-04,0.000000000000e+00,8.6137
6,101,0.3945312500,0.1445312500,2.379495882389e-06,0.000000000000e+00,20000,21860,0.000000000000e+00,2.379495882389e-06,2.379495882389e-06,0.000000000000e+00,6.0239
6,102,0.3984375000,0.1484375000,2.286423868249e-04,3.000000000000e-04,20000,21860,0.000000000000e+00,2.286423868249e-04,2.286423868249e-04,0.000000000000e+00,8.0066
6,103,0.4023437500,0.1523437500,3.185728466646e-06,5.000000000000e-05,20000,21860,0.000000000000e+00,3.185728466646e-06,3.185728466646e-06,0.000000000000e+00,6.1507
6,104,0.4062500000,0.1562500000,1.790570651498e-04,1.500000000000e-04,20000,21860,0.000000000000e+00,1.790570651498e-04,1.790570651498e-04,0.000000000000e+00,7.9004
6,105,0.4101562500,0.1601562500,3.953912176708e-06,0.000000000000e+00,20000,21860,0.000000000000e+00,3.953912176708e-06,3.953912176708e-06,0.000000000000e+00,6.2445
6,106,0.4140625000,0.1640625000,1.031239790289e-04,1.500000000000e-04,20000,21860,0.000000000000e+00,1.031239790289e-04,1.031239790289e-04,0.000000000000e+00,7.6608
6,107,0.4179687500,0.1679687500,4.796464140878e-06,0.000000000000e+00,20000,21860,0.000000000000e+00,4.796464140878e-06,4.796464140878e-06,0.000000000000e+00,6.3284
6,108,0.4218750000,0.1718750000,4.962164105505e-05,5.000000000000e-05,20000,21860,0.000000000000e+00,4.962164105505e-05,4.962164105505e-05,0.000000000000e+00,7.3431
6,109,0.4257812500,0.1757812500,3.222624344653e-06,0.000000000000e+00,20000,21860,0.000000000000e+00,3.222624344653e-06,3.222624344653e-06,0.000000000000e+00,6.1557
6,110,0.4296875000,0.1796875000,9.997629943643e-05,1.500000000000e-04,20000,21860,0.000000000000e+00,9.997629943643e-05,9.997629943643e-05,0.000000000000e+00,7.6473
6,111,0.4335937500,0.1835937500,1.574416294320e-06,0.000000000000e+00,20000,21860,0.000000000000e+00,1.574416294320e-06,1.574416294320e-06,0.000000000000e+00,5.8446
6,112,0.4375000000,0.1875000000,1.534963669786e-04,2.500000000000e-04,20000,21860,0.000000000000e+00,1.534963669786e-04,1.534963669786e-04,0.000000000000e+00,7.8335
6,113,0.4414062500,0.1914062500,3.148256090545e-06,0.000000000000e+00,20000,21860,0.000000000000e+00,3.148256090545e-06,3.148256090545e-06,0.000000000000e+00,6.1455
6,114,0.4453125000,0.1953125000,1.031239790289e-04,5.000000000000e-05,20000,21860,0.000000000000e+00,1.031239790289e-04,1.031239790289e-04,0.000000000000e+00,7.6608
6,115,0.4492187500,0.1992187500,4.796464140878e-06,0.000000000000e+00,20000,21860,0.000000000000e+00,4.796464140878e-06,4.796464140878e-06,0.000000000000e+00,6.3284
6,116,0.4531250000,0.2031250000,2.559788455016e-05,0.000000000000e+00,20000,21860,0.000000000000e+00,2.559788455016e-05,2.559788455016e-05,0.000000000000e+00,7.0556
6,117,0.4570312500,0.2070312500,3.991384552809e-06,0.000000000000e+00,20000,21860,0.000000000000e+00,3.991384552809e-06,3.991384552809e-06,0.000000000000e+00,6.2486
6,118,0.4609375000,0.2109375000,3.747237610061e-08,0.000000000000e+00,20000,21860,0.000000000000e+00,3.747237610061e-08,3.747237610061e-08,0.000000000000e+00,4.2212
6,119,0.4648437500,0.2148437500,3.185151968552e-06,0.000000000000e+00,20000,21860,0.000000000000e+00,3.185151968552e-06,3.185151968552e-06,0.000000000000e+00,6.1506
6,120,0.4687500000,0.2187500000,3.718637899936e-08,0.000000000000e+00,20000,21860,0.000000000000e+00,3.718637899936e-08,3.718637899936e-08,0.000000000000e+00,4.2178
6,121,0.4726562500,0.2226562500,2.416968258490e-06,0.000000000000e+00,20000,21860,0.000000000000e+00,2.416968258490e-06,2.416968258490e-06,0.000000000000e+00,6.0307
6,122,0.4765625000,0.2265625000,5.577619058053e-08,0.000000000000e+00,20000,21860,0.000000000000e+00,5.577619058053e-08,5.577619058053e-08,0.000000000000e+00,4.3939
6,123,0.4804687500,0.2304687500,8.056560861631e-07,0.000000000000e+00,20000,21860,0.000000000000e+00,8.056560861631e-07,8.056560861631e-07,0.000000000000e+00,5.5536
6,124,0.4843750000,0.2343750000,5.635494062006e-08,0.000000000000e+00,20000,21860,0.000000000000e+00,5.635494062006e-08,5.635494062006e-08,0.000000000000e+00,4.3984
6,125,0.4882812500,0.2382812500,2.882490469278e-10,0.000000000000e+00,20000,21860,0.000000000000e+00,2.882490469278e-10,2.882490469278e-10,0.000000000000e+00,2.1072
6,126,0.4921875000,0.2421875000,1.888256451945e-08,0.000000000000e+00,20000,21860,0.000000000000e+00,1.888256451945e-08,1.888256451945e-08,0.000000000000e+00,3.9235
6,127,0.4960937500,0.2460937500,2.927529382860e-10,0.000000000000e+00,20000,21860,0.000000000000e+00,2.927529382860e-10,2.927529382860e-10,0.000000000000e+00,2.1139
7,0,0.0000000000,-0.2500000000,2.251709674546e-02,2.195000000000e-02,20000,22004,0.000000000000e+00,2.251709674546e-02,0.000000000000e+00,2.251709674546e-02,11.5665
7,1,0.0039062500,-0.2460937500,1.348964842041e-03,1.800000000000e-03,20000,22004,0.000000000000e+00,1.348964842041e-03,0.000000000000e+00,1.348964842041e-03,10.3440
7,2,0.0078125000,-0.2421875000,1.400131842937e-05,0.000000000000e+00,20000,22004,0.000000000000e+00,1.400131842937e-05,0.000000000000e+00,1.400131842937e-05,8.3601
7,3,0.0117187500,-0.2382812500,5.464146927067e-04,7.500000000000e-04,20000,22004,0.000000000000e+00,5.464146927067e-04,0.000000000000e+00,5.464146927067e-04,9.9515
7,4,0.0156250000,-0.2343750000,1.328644096190e-05,0.000000000000e+00,20000,22004,0.000000000000e+00,1.328644096190e-05,0.000000000000e+00,1.328644096190e-05,8.3374
7,5,0.0195312500,-0.2304687500,2.806920811577e-04,3.000000000000e-04,20000,22004,0.000000000000e+00,2.806920811577e-04,0.000000000000e+00,2.806920811577e-04,9.6622
7,6,0.0234375000,-0.2265625000,1.084855733022e-05,5.000000000000e-05,20000,22004,0.000000000000e+00,1.084855733022e-05,0.000000000000e+00,1.084855733022e-05,8.2493
7,7,0.0273437500,-0.2226562500,2.725351777863e-04,4.000000000000e-04,20000,22004,0.000000000000e+00,2.725351777863e-04,0.000000000000e+00,2.725351777863e-04,9.6494
7,8,0.0312500000,-0.2187500000,6.813070673228e-06,0.000000000000e+00,20000,22004,0.000000000000e+00,6.813070673228e-06,0.000000000000e+00,6.813070673228e-06,8.0473
7,9,0.0351562500,-0.2148437500,2.806081532022e-04,1.500000000000e-04,20000,22004,0.000000000000e+00,2.806081532022e-04,0.000000000000e+00,2.806081532022e-04,9.6621
7,10,0.0390625000,-0.2109375000,1.084855733022e-05,0.000000000000e+00,20000,22004,0.000000000000e+00,1.084855733022e-05,0.000000000000e+00,1.084855733022e-05,8.2493
7,11,0.0429687500,-0.2070312500,6.728141666733e-06,5.000000000000e-05,20000,22004,0.000000000000e+00,6.728141666733e-06,0.000000000000e+00,6.728141666733e-06,8.0419
7,12,0.0468750000,-0.2031250000,4.375187041549e-06,0.000000000000e+00,20000,22004,0.000000000000e+00,4.375187041549e-06,0.000000000000e+00,4.375187041549e-06,7.8550
7,13,0.0507812500,-0.1992187500,3.407028041380e-06,0.000000000000e+00,20000,22004,0.000000000000e+00,3.407028041380e-06,0.000000000000e+00,3.407028041380e-06,7.7463
7,14,0.0546875000,-0.1953125000,1.708434225231e-07,0.000000000000e+00,20000,22004,0.000000000000e+00,1.708434225231e-07,0.000000000000e+00,1.708434225231e-07,6.4466
7,15,0.0585937500,-0.1914062500,2.692155774685e-04,2.000000000000e-04,20000,22004,0.000000000000e+00,2.692155774685e-04,0.000000000000e+00,2.692155774685e-04,9.6441
7,16,0.0625000000,-0.1875000000,6.644213711192e-06,5.000000000000e-05,20000,22004,0.000000000000e+00,6.644213711192e-06,0.000000000000e+00,6.644213711192e-06,8.0364
7,17,0.0664062500,-0.1835937500,2.806076644078e-04,3.000000000000e-04,20000,22004,0.000000000000e+00,2.806076644078e-04,0.000000000000e+00,2.806076644078e-04,9.6621
7,18,0.0703125000,-0.1796875000,1.084855733022e-05,0.000000000000e+00,20000,22004,0.000000000000e+00,1.084855733022e-05,0.000000000000e+00,1.084855733022e-05,8.2493
7,19,0.0742187500,-0.1757812500,6.728141666733e-06,0.000000000000e+00,20000,22004,0.000000000000e+00,6.728141666733e-06,0.000000000000e+00,6.728141666733e-06,8.0419
7,20,0.0781250000,-0.1718750000,4.375187041549e-06,0.000000000000e+00,20000,22004,0.000000000000e+00,4.375187041549e-06,0.000000000000e+00,4.375187041549e-06,7.8550
7,21,0.0820312500,-0.1679687500,3.407028041380e-06,0.000000000000e+00,20000,22004,0.000000000000e+00,3.407028041380e-06,0.000000000000e+00,3.407028041380e-06,7.7463
7,22,0.0859375000,-0.1640625000,1.708434225231e-07,0.000000000000e+00,20000,22004,0.000000000000e+00,1.708434225231e-07,0.000000000000e+00,1.708434225231e-07,6.4466
7,23,0.0898437500,-0.1601562500,3.408541348877e-06,0.000000000000e+00,20000,22004,0.000000000000e+00,3.408541348877e-06,0.000000000000e+00,3.408541348877e-06,7.7465
7,24,0.0937500000,-0.1562500000,4.206330079512e-06,0.000000000000e+00,20000,22004,0.000000000000e+00,4.206330079512e-06,0.000000000000e+00,4.206330079512e-06,7.8379
7,25,0.0976562500,-0.1523437500,3.406539246970e-06,0.000000000000e+00,20000,22004,0.000000000000e+00,3.406539246970e-06,0.000000000000e+00,3.406539246970e-06,7.7463
7,26,0.1015625000,-0.1484375000,1.708434225231e-07,0.000000000000e+00,20000,22004,0.000000000000e+00,1.708434225231e-07,0.000000000000e+00,1.708434225231e-07,6.4466
7,27,0.1054687500,-0.1445312500,1.713556790658e-07,0.000000000000e+00,20000,22004,0.000000000000e+00,1.713556790658e-07,0.000000000000e+00,1.713556790658e-07,6.4479
7,28,0.1093750000,-0.1406250000,1.986460486192e-09,0.000000000000e+00,20000,22004,0.000000000000e+00,1.986460486192e-09,0.000000000000e+00,1.986460486192e-09,4.5120
7,29,0.1132812500,-0.1367187500,8.693892911321e-08,0.000000000000e+00,20000,22004,0.000000000000e+00,8.693892911321e-08,0.000000000000e+00,8.693892911321e-08,6.1532
7,30,0.1171875000,-0.1328125000,2.009922617919e-09,0.000000000000e+00,20000,22004,0.000000000000e+00,2.009922617919e-09,0.000000000000e+00,2.009922617919e-09,4.5171
7,31,0.1210937500,-0.1289062500,2.691291507959e-04,5.000000000000e-04,20000,22004,0.000000000000e+00,2.691291507959e-04,0.000000000000e+00,2.691291507959e-04,9.6439
7,32,0.1250000000,-0.1250000000,7.295043530501e-06,5.000000000000e-05,20000,22004,0.000000000000e+00,7.295043530501e-06,0.000000000000e+00,7.295043530501e-06,8.0770
7,33,0.1289062500,-0.1210937500,2.799558492400e-04,4.000000000000e-04,20000,22004,0.000000000000e+00,2.799558492400e-04,0.000000000000e+00,2.799558492400e-04,9.6611
7,34,0.1328125000,-0.1171875000,1.150036467725e-05,0.000000000000e+00,20000,22004,0.000000000000e+00,1.150036467725e-05,0.000000000000e+00,1.150036467725e-05,8.2747
7,35,0.1367187500,-0.1132812500,5.424526972669e-06,0.000000000000e+00,20000,22004,0.000000000000e+00,5.424526972669e-06,0.000000000000e+00,5.424526972669e-06,7.9483
7,36,0.1406250000,-0.1093750000,5.026994388581e-06,0.000000000000e+00,20000,22004,0.000000000000e+00,5.026994388581e-06,0.000000000000e+00,5.026994388581e-06,7.9153
7,37,0.1445312500,-0.1054687500,2.755220694349e-06,0.000000000000e+00,20000,22004,0.000000000000e+00,2.755220694349e-06,0.000000000000e+00,2.755220694349e-06,7.6541
7,38,0.1484375000,-0.1015625000,1.474458116587e-06,0.000000000000e+00,20000,22004,0.000000000000e+00,1.474458116587e-06,0.000000000000e+00,1.474458116587e-06,7.3826
7,39,0.1523437500,-0.0976562500,2.756734001845e-06,0.000000000000e+00,20000,22004,0.000000000000e+00,2.756734001845e-06,0.000000000000e+00,2.756734001845e-06,7.6544
7,40,0.1562500000,-0.0937500000,4.206330079512e-06,0.000000000000e+00,20000,22004,0.000000000000e+00,4.206330079512e-06,0.000000000000e+00,4.206330079512e-06,7.8379
7,41,0.1601562500,-0.0898437500,2.754731899938e-06,0.000000000000e+00,20000,22004,0.000000000000e+00,2.754731899938e-06,0.000000000000e+00,2.754731899938e-06,7.6540
7,42,0.1640625000,-0.0859375000,8.226507695549e-07,0.000000000000e+00,20000,22004,0.000000000000e+00,8.226507695549e-07,0.000000000000e+00,8.226507695549e-07,7.1292
7,43,0.1679687500,-0.0820312500,1.713556790658e-07,0.000000000000e+00,20000,22004,0.000000000000e+00,1.713556790658e-07,0.000000000000e+00,1.713556790658e-07,6.4479
7,44,0.1718750000,-0.0781250000,1.986460486192e-09,0.000000000000e+00,20000,22004,0.000000000000e+00,1.986460486192e-09,0.000000000000e+00,1.986460486192e-09,4.5120
7,45,0.1757812500,-0.0742187500,8.693892911321e-08,0.000000000000e+00,20000,22004,0.000000000000e+00,8.693892911321e-08,0.000000000000e+00,8.693892911321e-08,6.1532
7,46,0.1796875000,-0.0703125000,6.538172696498e-07,0.000000000000e+00,20000,22004,0.000000000000e+00,6.538172696498e-07,0.000000000000e+00,6.538172696498e-07,7.0294
7,47,0.1835937500,-0.0664062500,2.670307329275e-06,0.000000000000e+00,20000,22004,0.000000000000e+00,2.670307329275e-06,0.000000000000e+00,2.670307329275e-06,7.6405
7,48,0.1875000000,-0.0625000000,4.205352551790e-06,0.000000000000e+00,20000,22004,0.000000000000e+00,4.205352551790e-06,0.000000000000e+00,4.205352551790e-06,7.8378
7,49,0.1914062500,-0.0585937500,2.754724079227e-06,0.000000000000e+00,20000,22004,0.000000000000e+00,2.754724079227e-06,0.000000000000e+00,2.754724079227e-06,7.6540
7,50,0.1953125000,-0.0546875000,8.226507695549e-07,0.000000000000e+00,20000,22004,0.000000000000e+00,8.226507695549e-07,0.000000000000e+00,8.226507695549e-07,7.1292
7,51,0.1992187500,-0.0507812500,1.713556790658e-07,0.000000000000e+00,20000,22004,0.000000000000e+00,1.713556790658e-07,0.000000000000e+00,1.713556790658e-07,6.4479
7,52,0.2031250000,-0.0468750000,1.986460486192e-09,0.000000000000e+00,20000,22004,0.000000000000e+00,1.986460486192e-09,0.000000000000e+00,1.986460486192e-09,4.5120
7,53,0.2070312500,-0.0429687500,8.693892911321e-08,0.000000000000e+00,20000,22004,0.000000000000e+00,8.693892911321e-08,0.000000000000e+00,8.693892911321e-08,6.1532
7,54,0.2109375000,-0.0390625000,2.009922617919e-09,0.000000000000e+00,20000,22004,0.000000000000e+00,2.009922617919e-09,0.000000000000e+00,2.009922617919e-09,4.5171
7,55,0.2148437500,-0.0351562500,8.492900649530e-08,0.000000000000e+00,20000,22004,0.000000000000e+00,8.492900649530e-08,0.000000000000e+00,8.492900649530e-08,6.1430
7,56,0.2187500000,-0.0312500000,1.008932763549e-09,0.000000000000e+00,20000,22004,0.000000000000e+00,1.008932763549e-09,0.000000000000e+00,1.008932763549e-09,4.2178
7,57,0.2226562500,-0.0273437500,8.693110840264e-08,0.000000000000e+00,20000,22004,0.000000000000e+00,8.693110840264e-08,0.000000000000e+00,8.693110840264e-08,6.1531
7,58,0.2265625000,-0.0234375000,2.009922617919e-09,0.000000000000e+00,20000,22004,0.000000000000e+00,2.009922617919e-09,0.000000000000e+00,2.009922617919e-09,4.5171
7,59,0.2304687500,-0.0195312500,1.001050953672e-09,0.000000000000e+00,20000,22004,0.000000000000e+00,1.001050953672e-09,0.000000000000e+00,1.001050953672e-09,4.2144
7,60,0.2343750000,-0.0156250000,1.032394895275e-09,0.000000000000e+00,20000,22004,0.000000000000e+00,1.032394895275e-09,0.000000000000e+00,1.032394895275e-09,4.2278
7,61,0.2382812500,-0.0117187500,4.819195402232e-02,5.010000000000e-02,20000,22004,4.819195351788e-02,5.044358321236e-10,4.819195351788e-02,5.044358321236e-10,11.8969
7,62,0.2421875000,-0.0078125000,1.010301403602e-03,8.000000000000e-04,20000,22004,0.000000000000e+00,1.010301403602e-03,1.010301387899e-03,1.570252045249e-11,10.2184
7,63,0.2460937500,-0.0039062500,3.601386811735e-01,3.570500000000e-01,20000,22004,3.538990597939e-01,6.239621379610e-03,3.601386811655e-01,7.942909178303e-12,12.7704
7,64,0.2500000000,0.0000000000,1.630848054568e-02,1.590000000000e-02,20000,22004,0.000000000000e+00,1.630848054568e-02,1.630848054568e-02,0.000000000000e+00,11.4264
7,65,0.2539062500,0.0039062500,3.705782622862e-01,3.669500000000e-01,20000,22004,3.538990597939e-01,1.667920249237e-02,3.705782622862e-01,0.000000000000e+00,12.7828
7,66,0.2578125000,0.0078125000,2.337193425940e-02,2.390000000000e-02,20000,22004,0.000000000000e+00,2.337193425940e-02,2.337193425940e-02,0.000000000000e+00,11.5827
7,67,0.2617187500,0.0117187500,5.275062631506e-02,5.165000000000e-02,20000,22004,4.819195351788e-02,4.558672797177e-03,5.275062631506e-02,0.000000000000e+00,11.9362
7,68,0.2656250000,0.0156250000,1.418196217983e-02,1.485000000000e-02,20000,22004,0.000000000000e+00,1.418196217983e-02,1.418196217983e-02,0.000000000000e+00,11.3657
7,69,0.2695312500,0.0195312500,4.528423721816e-03,4.750000000000e-03,20000,22004,0.000000000000e+00,4.528423721816e-03,4.528423721816e-03,0.000000000000e+00,10.8699
7,70,0.2734375000,0.0234375000,1.128911602669e-02,1.165000000000e-02,20000,22004,0.000000000000e+00,1.128911602669e-02,1.128911602669e-02,0.000000000000e+00,11.2666
7,71,0.2773437500,0.0273437500,2.614124889090e-03,2.100000000000e-03,20000,22004,0.000000000000e+00,2.614124889090e-03,2.614124889090e-03,0.000000000000e+00,10.6313
7,72,0.2812500000,0.0312500000,7.980478863036e-03,8.500000000000e-03,20000,22004,0.000000000000e+00,7.980478863036e-03,7.980478863036e-03,0.000000000000e+00,11.1160
7,73,0.2851562500,0.0351562500,2.132567138027e-04,1.000000000000e-04,20000,22004,0.000000000000e+00,2.132567138027e-04,2.132567138027e-04,0.000000000000e+00,9.5429
7,74,0.2890625000,0.0390625000,5.743236679535e-03,6.850000000000e-03,20000,22004,0.000000000000e+00,5.743236679535e-03,5.743236679535e-03,0.000000000000e+00,10.9731
7,75,0.2929687500,0.0429687500,2.589152846011e-03,2.650000000000e-03,20000,22004,0.000000000000e+00,2.589152846011e-03,2.589152846011e-03,0.000000000000e+00,10.6271
7,76,0.2968750000,0.0468750000,7.515495145041e-04,9.000000000000e-04,20000,22004,0.000000000000e+00,7.515495145041e-04,7.515495145041e-04,0.000000000000e+00,10.0899
7,77,0.3007812500,0.0507812500,2.317522252668e-03,2.750000000000e-03,20000,22004,0.000000000000e+00,2.317522252668e-03,2.317522252668e-03,0.000000000000e+00,10.5790
7,78,0.3046875000,0.0546875000,5.419139691831e-03,5.850000000000e-03,20000,22004,0.000000000000e+00,5.419139691831e-03,5.419139691831e-03,0.000000000000e+00,10.9479
7,79,0.3085937500,0.0585937500,1.729176607096e-04,1.500000000000e-04,20000,22004,0.000000000000e+00,1.729176607096e-04,1.729176607096e-04,0.000000000000e+00,9.4518
7,80,0.3125000000,0.0625000000,7.583286096643e-03,8.350000000000e-03,20000,22004,0.000000000000e+00,7.583286096643e-03,7.583286096643e-03,0.000000000000e+00,11.0938
7,81,0.3164062500,0.0664062500,1.755656125377e-04,3.500000000000e-04,20000,22004,0.000000000000e+00,1.755656125377e-04,1.755656125377e-04,0.000000000000e+00,9.4584
7,82,0.3203125000,0.0703125000,5.725747881414e-03,5.850000000000e-03,20000,22004,0.000000000000e+00,5.725747881414e-03,5.725747881414e-03,0.000000000000e+00,10.9718
7,83,0.3242187500,0.0742187500,2.589152846011e-03,2.650000000000e-03,20000,22004,0.000000000000e+00,2.589152846011e-03,2.589152846011e-03,0.000000000000e+00,10.6271
7,84,0.3281250000,0.0781250000,4.363354814795e-04,2.500000000000e-04,20000,22004,0.000000000000e+00,4.363354814795e-04,4.363354814795e-04,0.000000000000e+00,9.8538
7,85,0.3320312500,0.0820312500,2.160953658375e-04,1.500000000000e-04,20000,22004,0.000000000000e+00,2.160953658375e-04,2.160953658375e-04,0.000000000000e+00,9.5486
7,86,0.3359375000,0.0859375000,1.898197080640e-04,1.500000000000e-04,20000,22004,0.000000000000e+00,1.898197080640e-04,1.898197080640e-04,0.000000000000e+00,9.4923
7,87,0.3398437500,0.0898437500,1.809270693900e-04,3.500000000000e-04,20000,22004,0.000000000000e+00,1.809270693900e-04,1.809270693900e-04,0.000000000000e+00,9.4715
7,88,0.3437500000,0.0937500000,2.297789287962e-05,5.000000000000e-05,20000,22004,0.000000000000e+00,2.297789287962e-05,2.297789287962e-05,0.000000000000e+00,8.5753
7,89,0.3476562500,0.0976562500,1.790560719195e-04,2.500000000000e-04,20000,22004,0.000000000000e+00,1.790560719195e-04,1.790560719195e-04,0.000000000000e+00,9.4670
7,90,0.3515625000,0.1015625000,9.026575772282e-05,1.000000000000e-04,20000,22004,0.000000000000e+00,9.026575772282e-05,9.026575772282e-05,0.000000000000e+00,9.1695
7,91,0.3554687500,0.1054687500,5.444888192653e-06,0.000000000000e+00,20000,22004,0.000000000000e+00,5.444888192653e-06,5.444888192653e-06,0.000000000000e+00,7.9500
7,92,0.3593750000,0.1093750000,3.558510630114e-04,4.000000000000e-04,20000,22004,0.000000000000e+00,3.558510630114e-04,3.558510630114e-04,0.000000000000e+00,9.7652
7,93,0.3632812500,0.1132812500,2.118349792020e-03,2.150000000000e-03,20000,22004,0.000000000000e+00,2.118349792020e-03,2.118349792020e-03,0.000000000000e+00,10.5400
7,94,0.3671875000,0.1171875000,5.301340358052e-03,5.700000000000e-03,20000,22004,0.000000000000e+00,5.301340358052e-03,5.301340358052e-03,0.000000000000e+00,10.9383
7,95,0.3710937500,0.1210937500,2.685215578361e-04,1.000000000000e-04,20000,22004,0.000000000000e+00,2.685215578361e-04,2.685215578361e-04,0.000000000000e+00,9.6429
7,96,0.3750000000,0.1250000000,7.462120441622e-03,7.800000000000e-03,20000,22004,0.000000000000e+00,7.462120441622e-03,7.462120441622e-03,0.000000000000e+00,11.0868
7,97,0.3789062500,0.1289062500,2.596289035207e-04,2.000000000000e-04,20000,22004,0.000000000000e+00,2.596289035207e-04,2.596289035207e-04,0.000000000000e+00,9.6283
7,98,0.3828125000,0.1328125000,5.641643379197e-03,6.100000000000e-03,20000,22004,0.000000000000e+00,5.641643379197e-03,5.641643379197e-03,0.000000000000e+00,10.9654
7,99,0.3867187500,0.1367187500,2.604686718705e-03,2.850000000000e-03,20000,22004,0.000000000000e+00,2.604686718705e-03,2.604686718705e-03,0.000000000000e+00,10.6297
7,100,0.3906250000,0.1406250000,3.367601766881e-04,4.000000000000e-04,20000,22004,0.000000000000e+00,3.367601766881e-04,3.367601766881e-04,0.000000000000e+00,9.7413
7,101,0.3945312500,0.1445312500,3.842199457015e-04,3.500000000000e-04,20000,22004,0.000000000000e+00,3.842199457015e-04,3.842199457015e-04,0.000000000000e+00,9.7985
7,102,0.3984375000,0.1484375000,4.815925141212e-06,0.000000000000e+00,20000,22004,0.000000000000e+00,4.815925141212e-06,4.815925141212e-06,0.000000000000e+00,7.8966
7,103,0.4023437500,0.1523437500,2.812167550337e-04,3.000000000000e-04,20000,22004,0.000000000000e+00,2.812167550337e-04,2.812167550337e-04,0.000000000000e+00,9.6630
7,104,0.4062500000,0.1562500000,6.161263326197e-06,5.000000000000e-05,20000,22004,0.000000000000e+00,6.161263326197e-06,6.161263326197e-06,0.000000000000e+00,8.0036
7,105,0.4101562500,0.1601562500,1.951583206206e-04,2.000000000000e-04,20000,22004,0.000000000000e+00,1.951583206206e-04,1.951583206206e-04,0.000000000000e+00,9.5044
7,106,0.4140625000,0.1640625000,7.569655990196e-06,0.000000000000e+00,20000,22004,0.000000000000e+00,7.569655990196e-06,7.569655990196e-06,0.000000000000e+00,8.0930
7,107,0.4179687500,0.1679687500,1.050201929840e-04,1.500000000000e-04,20000,22004,0.000000000000e+00,1.050201929840e-04,1.050201929840e-04,0.000000000000e+00,9.2352
7,108,0.4218750000,0.1718750000,6.962055209693e-06,0.000000000000e+00,20000,22004,0.000000000000e+00,6.962055209693e-06,6.962055209693e-06,0.000000000000e+00,8.0567
7,109,0.4257812500,0.1757812500,1.022888098155e-04,0.000000000000e+00,20000,22004,0.000000000000e+00,1.022888098155e-04,1.022888098155e-04,0.000000000000e+00,9.2238
7,110,0.4296875000,0.1796875000,4.143764394908e-06,0.000000000000e+00,20000,22004,0.000000000000e+00,4.143764394908e-06,4.143764394908e-06,0.000000000000e+00,7.8314
7,111,0.4335937500,0.1835937500,1.749585240138e-04,1.000000000000e-04,20000,22004,0.000000000000e+00,1.749585240138e-04,1.749585240138e-04,0.000000000000e+00,9.4569
7,112,0.4375000000,0.1875000000,4.057345543048e-06,0.000000000000e+00,20000,22004,0.000000000000e+00,4.057345543048e-06,4.057345543048e-06,0.000000000000e+00,7.8222
7,113,0.4414062500,0.1914062500,1.776908847711e-04,1.000000000000e-04,20000,22004,0.000000000000e+00,1.776908847711e-04,1.776908847711e-04,0.000000000000e+00,9.4636
7,114,0.4453125000,0.1953125000,6.875636357833e-06,0.000000000000e+00,20000,22004,0.000000000000e+00,6.875636357833e-06,6.875636357833e-06,0.000000000000e+00,8.0513
7,115,0.4492187500,0.1992187500,8.885537077762e-05,1.000000000000e-04,20000,22004,0.000000000000e+00,8.885537077762e-05,8.885537077762e-05,0.000000000000e+00,9.1626
7,116,0.4531250000,0.2031250000,7.613862556725e-06,0.000000000000e+00,20000,22004,0.000000000000e+00,7.613862556725e-06,7.613862556725e-06,0.000000000000e+00,8.0956
7,117,0.4570312500,0.2070312500,1.755385470136e-05,5.000000000000e-05,20000,22004,0.000000000000e+00,1.755385470136e-05,1.755385470136e-05,0.000000000000e+00,8.4583
7,118,0.4609375000,0.2109375000,6.203475611528e-06,0.000000000000e+00,20000,22004,0.000000000000e+00,6.203475611528e-06,6.203475611528e-06,0.000000000000e+00,8.0066
7,119,0.4648437500,0.2148437500,8.643449328109e-08,0.000000000000e+00,20000,22004,0.000000000000e+00,8.643449328109e-08,8.643449328109e-08,0.000000000000e+00,6.1507
7,120,0.4687500000,0.2187500000,4.858137426544e-06,0.000000000000e+00,20000,22004,0.000000000000e+00,4.858137426544e-06,4.858137426544e-06,0.000000000000e+00,7.9004
7,121,0.4726562500,0.2226562500,1.072766869650e-07,0.000000000000e+00,20000,22004,0.000000000000e+00,1.072766869650e-07,1.072766869650e-07,0.000000000000e+00,6.2445
7,122,0.4765625000,0.2265625000,2.797937415512e-06,0.000000000000e+00,20000,22004,0.000000000000e+00,2.797937415512e-06,2.797937415512e-06,0.000000000000e+00,7.6608
7,123,0.4804687500,0.2304687500,1.301366239773e-07,0.000000000000e+00,20000,22004,0.000000000000e+00,1.301366239773e-07,1.301366239773e-07,0.000000000000e+00,6.3284
7,124,0.4843750000,0.2343750000,6.945162474850e-07,0.000000000000e+00,20000,22004,0.000000000000e+00,6.945162474850e-07,6.945162474850e-07,0.000000000000e+00,7.0556
7,125,0.4882812500,0.2382812500,8.743554423476e-08,0.000000000000e+00,20000,22004,0.000000000000e+00,8.743554423476e-08,8.743554423476e-08,0.000000000000e+00,6.1557
7,126,0.4921875000,0.2421875000,1.016692374823e-09,0.000000000000e+00,20000,22004,0.000000000000e+00,1.016692374823e-09,1.016692374823e-09,0.000000000000e+00,4.2212
7,127,0.4960937500,0.2460937500,2.185888605869e-08,0.000000000000e+00,20000,22004,0.000000000000e+00,2.185888605869e-08,2.185888605869e-08,0.000000000000e+00,5.5536
7,128,0.5000000000,0.2500000000,5.123176420006e-10,0.000000000000e+00,20000,22004,0.000000000000e+00,5.123176420006e-10,5.123176420006e-10,0.000000000000e+00,3.9235
8,0,0.0000000000,-0.2500000000,2.503290355248e-02,2.615000000000e-02,20000,22040,0.000000000000e+00,2.503290355248e-02,0.000000000000e+00,2.503290355248e-02,13.1193
8,1,0.0039062500,-0.2460937500,1.649858003163e-03,1.650000000000e-03,20000,22040,0.000000000000e+00,1.649858003163e-03,0.000000000000e+00,1.649858003163e-03,11.9383
8,2,0.0078125000,-0.2421875000,2.467782180822e-04,2.500000000000e-04,20000,22040,0.000000000000e+00,2.467782180822e-04,0.000000000000e+00,2.467782180822e-04,11.1131
8,3,0.0117187500,-0.2382812500,4.793791140510e-04,4.000000000000e-04,20000,22040,0.000000000000e+00,4.793791140510e-04,0.000000000000e+00,4.793791140510e-04,11.4015
8,4,0.0156250000,-0.2343750000,2.552814129170e-04,2.000000000000e-04,20000,22040,0.000000000000e+00,2.552814129170e-04,0.000000000000e+00,2.552814129170e-04,11.1278
8,5,0.0195312500,-0.2304687500,2.482221970791e-04,3.500000000000e-04,20000,22040,0.000000000000e+00,2.482221970791e-04,0.000000000000e+00,2.482221970791e-04,11.1156
8,6,0.0234375000,-0.2265625000,1.708753310223e-05,5.000000000000e-05,20000,22040,0.000000000000e+00,1.708753310223e-05,0.000000000000e+00,1.708753310223e-05,9.9535
8,7,0.0273437500,-0.2226562500,2.483727274992e-04,3.000000000000e-04,20000,22040,0.000000000000e+00,2.483727274992e-04,0.000000000000e+00,2.483727274992e-04,11.1159
8,8,0.0312500000,-0.2187500000,2.386074655257e-04,1.500000000000e-04,20000,22040,0.000000000000e+00,2.386074655257e-04,0.000000000000e+00,2.386074655257e-04,11.0985
8,9,0.0351562500,-0.2148437500,2.481214286535e-04,3.500000000000e-04,20000,22040,0.000000000000e+00,2.481214286535e-04,0.000000000000e+00,2.481214286535e-04,11.1155
8,10,0.0390625000,-0.2109375000,1.708753310223e-05,5.000000000000e-05,20000,22040,0.000000000000e+00,1.708753310223e-05,0.000000000000e+00,1.708753310223e-05,9.9535
8,11,0.0429687500,-0.2070312500,1.711241409952e-05,0.000000000000e+00,20000,22040,0.000000000000e+00,1.711241409952e-05,0.000000000000e+00,1.711241409952e-05,9.9541
8,12,0.0468750000,-0.2031250000,4.135857108762e-07,0.000000000000e+00,20000,22040,0.000000000000e+00,4.135857108762e-07,0.000000000000e+00,4.135857108762e-07,8.3374
8,13,0.0507812500,-0.1992187500,8.737496689735e-06,0.000000000000e+00,20000,22040,0.000000000000e+00,8.737496689735e-06,0.000000000000e+00,8.737496689735e-06,9.6622
8,14,0.0546875000,-0.1953125000,3.376982826527e-07,0.000000000000e+00,20000,22040,0.000000000000e+00,3.376982826527e-07,0.000000000000e+00,3.376982826527e-07,8.2493
8,15,0.0585937500,-0.1914062500,2.397438987004e-04,1.500000000000e-04,20000,22040,0.000000000000e+00,2.397438987004e-04,0.000000000000e+00,2.397438987004e-04,11.1006
8,16,0.0625000000,-0.1875000000,2.384059598357e-04,3.500000000000e-04,20000,22040,0.000000000000e+00,2.384059598357e-04,0.000000000000e+00,2.384059598357e-04,11.0981
8,17,0.0664062500,-0.1835937500,2.481188161102e-04,1.000000000000e-04,20000,22040,0.000000000000e+00,2.481188161102e-04,0.000000000000e+00,2.481188161102e-04,11.1155
8,18,0.0703125000,-0.1796875000,1.708753310223e-05,5.000000000000e-05,20000,22040,0.000000000000e+00,1.708753310223e-05,0.000000000000e+00,1.708753310223e-05,9.9535
8,19,0.0742187500,-0.1757812500,1.711241409952e-05,0.000000000000e+00,20000,22040,0.000000000000e+00,1.711241409952e-05,0.000000000000e+00,1.711241409952e-05,9.9541
8,20,0.0781250000,-0.1718750000,4.135857108762e-07,0.000000000000e+00,20000,22040,0.000000000000e+00,4.135857108762e-07,0.000000000000e+00,4.135857108762e-07,8.3374
8,21,0.0820312500,-0.1679687500,8.737496689735e-06,5.000000000000e-05,20000,22040,0.000000000000e+00,8.737496689735e-06,0.000000000000e+00,8.737496689735e-06,9.6622
8,22,0.0859375000,-0.1640625000,3.376982826527e-07,0.000000000000e+00,20000,22040,0.000000000000e+00,3.376982826527e-07,0.000000000000e+00,3.376982826527e-07,8.2493
8,23,0.0898437500,-0.1601562500,8.483585300741e-06,0.000000000000e+00,20000,22040,0.000000000000e+00,8.483585300741e-06,0.000000000000e+00,8.483585300741e-06,9.6494
8,24,0.0937500000,-0.1562500000,2.120800209565e-07,0.000000000000e+00,20000,22040,0.000000000000e+00,2.120800209565e-07,0.000000000000e+00,2.120800209565e-07,8.0473
8,25,0.0976562500,-0.1523437500,8.734884146372e-06,0.000000000000e+00,20000,22040,0.000000000000e+00,8.734884146372e-06,0.000000000000e+00,8.734884146372e-06,9.6621
8,26,0.1015625000,-0.1484375000,3.376982826527e-07,0.000000000000e+00,20000,22040,0.000000000000e+00,3.376982826527e-07,0.000000000000e+00,3.376982826527e-07,8.2493
8,27,0.1054687500,-0.1445312500,2.094363164742e-07,0.000000000000e+00,20000,22040,0.000000000000e+00,2.094363164742e-07,0.000000000000e+00,2.094363164742e-07,8.0419
8,28,0.1093750000,-0.1406250000,1.361925927330e-07,0.000000000000e+00,20000,22040,0.000000000000e+00,1.361925927330e-07,0.000000000000e+00,1.361925927330e-07,7.8550
8,29,0.1132812500,-0.1367187500,1.060553475916e-07,0.000000000000e+00,20000,22040,0.000000000000e+00,1.060553475916e-07,0.000000000000e+00,1.060553475916e-07,7.7463
8,30,0.1171875000,-0.1328125000,5.318083191381e-09,0.000000000000e+00,20000,22040,0.000000000000e+00,5.318083191381e-09,0.000000000000e+00,5.318083191381e-09,6.4466
8,31,0.1210937500,-0.1289062500,2.396405648384e-04,2.500000000000e-04,20000,22040,0.000000000000e+00,2.396405648384e-04,0.000000000000e+00,2.396405648384e-04,11.1004
8,32,0.1250000000,-0.1250000000,2.389241784378e-04,1.500000000000e-04,20000,22040,0.000000000000e+00,2.389241784378e-04,0.000000000000e+00,2.389241784378e-04,11.0991
8,33,0.1289062500,-0.1210937500,2.476359054906e-04,5.000000000000e-05,20000,22040,0.000000000000e+00,2.476359054906e-04,0.000000000000e+00,2.476359054906e-04,11.1146
8,34,0.1328125000,-0.1171875000,1.755013878354e-05,0.000000000000e+00,20000,22040,0.000000000000e+00,1.755013878354e-05,0.000000000000e+00,1.755013878354e-05,9.9651
8,35,0.1367187500,-0.1132812500,1.614662329116e-05,0.000000000000e+00,20000,22040,0.000000000000e+00,1.614662329116e-05,0.000000000000e+00,1.614662329116e-05,9.9289
8,36,0.1406250000,-0.1093750000,8.559016693289e-07,0.000000000000e+00,20000,22040,0.000000000000e+00,8.559016693289e-07,0.000000000000e+00,8.559016693289e-07,8.6532
8,37,0.1445312500,-0.1054687500,8.254601285553e-06,0.000000000000e+00,20000,22040,0.000000000000e+00,8.254601285553e-06,0.000000000000e+00,8.254601285553e-06,9.6375
8,38,0.1484375000,-0.1015625000,1.303489091017e-06,0.000000000000e+00,20000,22040,0.000000000000e+00,1.303489091017e-06,0.000000000000e+00,1.303489091017e-06,8.8359
8,39,0.1523437500,-0.0976562500,8.041269342288e-06,0.000000000000e+00,20000,22040,0.000000000000e+00,8.041269342288e-06,0.000000000000e+00,8.041269342288e-06,9.6261
8,40,0.1562500000,-0.0937500000,2.120800209565e-07,0.000000000000e+00,20000,22040,0.000000000000e+00,2.120800209565e-07,0.000000000000e+00,2.120800209565e-07,8.0473
8,41,0.1601562500,-0.0898437500,8.211409296460e-06,0.000000000000e+00,20000,22040,0.000000000000e+00,8.211409296460e-06,0.000000000000e+00,8.211409296460e-06,9.6352
8,42,0.1640625000,-0.0859375000,8.205936868350e-07,0.000000000000e+00,20000,22040,0.000000000000e+00,8.205936868350e-07,0.000000000000e+00,8.205936868350e-07,8.6349
8,43,0.1679687500,-0.0820312500,2.094363164742e-07,0.000000000000e+00,20000,22040,0.000000000000e+00,2.094363164742e-07,0.000000000000e+00,2.094363164742e-07,8.0419
8,44,0.1718750000,-0.0781250000,1.564823155978e-07,0.000000000000e+00,20000,22040,0.000000000000e+00,1.564823155978e-07,0.000000000000e+00,1.564823155978e-07,7.9153
8,45,0.1757812500,-0.0742187500,8.576562472680e-08,0.000000000000e+00,20000,22040,0.000000000000e+00,8.576562472680e-08,0.000000000000e+00,8.576562472680e-08,7.6541
8,46,0.1796875000,-0.0703125000,5.287929331033e-07,0.000000000000e+00,20000,22040,0.000000000000e+00,5.287929331033e-07,0.000000000000e+00,5.287929331033e-07,8.4441
8,47,0.1835937500,-0.0664062500,7.917645757389e-06,5.000000000000e-05,20000,22040,0.000000000000e+00,7.917645757389e-06,0.000000000000e+00,7.917645757389e-06,9.6194
8,48,0.1875000000,-0.0625000000,1.865340502462e-07,0.000000000000e+00,20000,22040,0.000000000000e+00,1.865340502462e-07,0.000000000000e+00,1.865340502462e-07,7.9916
8,49,0.1914062500,-0.0585937500,8.211394081070e-06,5.000000000000e-05,20000,22040,0.000000000000e+00,8.211394081070e-06,0.000000000000e+00,8.211394081070e-06,9.6352
8,50,0.1953125000,-0.0546875000,8.205936868350e-07,0.000000000000e+00,20000,22040,0.000000000000e+00,8.205936868350e-07,0.000000000000e+00,8.205936868350e-07,8.6349
8,51,0.1992187500,-0.0507812500,2.094363164742e-07,0.000000000000e+00,20000,22040,0.000000000000e+00,2.094363164742e-07,0.000000000000e+00,2.094363164742e-07,8.0419
8,52,0.2031250000,-0.0468750000,1.564823155978e-07,0.000000000000e+00,20000,22040,0.000000000000e+00,1.564823155978e-07,0.000000000000e+00,1.564823155978e-07,7.9153
8,53,0.2070312500,-0.0429687500,8.576562472680e-08,0.000000000000e+00,20000,22040,0.000000000000e+00,8.576562472680e-08,0.000000000000e+00,8.576562472680e-08,7.6541
8,54,0.2109375000,-0.0390625000,4.589752892099e-08,0.000000000000e+00,20000,22040,0.000000000000e+00,4.589752892099e-08,0.000000000000e+00,4.589752892099e-08,7.3826
8,55,0.2148437500,-0.0351562500,8.581273157494e-08,0.000000000000e+00,20000,22040,0.000000000000e+00,8.581273157494e-08,0.000000000000e+00,8.581273157494e-08,7.6544
8,56,0.2187500000,-0.0312500000,1.309363448875e-07,0.000000000000e+00,20000,22040,0.000000000000e+00,1.309363448875e-07,0.000000000000e+00,1.309363448875e-07,7.8379
8,57,0.2226562500,-0.0273437500,8.575040933658e-08,0.000000000000e+00,20000,22040,0.000000000000e+00,8.575040933658e-08,0.000000000000e+00,8.575040933658e-08,7.6540
8,58,0.2265625000,-0.0234375000,2.560780605618e-08,0.000000000000e+00,20000,22040,0.000000000000e+00,2.560780605618e-08,0.000000000000e+00,2.560780605618e-08,7.1292
8,59,0.2304687500,-0.0195312500,5.334028920336e-09,0.000000000000e+00,20000,22040,0.000000000000e+00,5.334028920336e-09,0.000000000000e+00,5.334028920336e-09,6.4479
8,60,0.2343750000,-0.0156250000,2.719185532052e-03,2.800000000000e-03,20000,22040,2.719185470217e-03,6.183534587369e-11,2.719185470217e-03,6.183534587369e-11,12.1552
8,61,0.2382812500,-0.0117187500,2.301195247075e-02,2.285000000000e-02,20000,22040,2.301194976448e-02,2.706270166948e-09,2.301194976448e-02,2.706270166948e-09,13.0828
8,62,0.2421875000,-0.0078125000,8.835344985950e-02,8.805000000000e-02,20000,22040,8.384271860911e-02,4.510731250390e-03,8.835344979693e-02,6.256568460448e-11,13.6670
8,63,0.2460937500,-0.0039062500,1.718603642330e-01,1.702500000000e-01,20000,22040,1.717753259308e-01,8.503830217325e-05,1.718603642173e-01,1.570228271202e-11,13.9560
8,64,0.2500000000,0.0000000000,2.443676506015e-01,2.426500000000e-01,20000,22040,2.164507635217e-01,2.791688707980e-02,2.443676506010e-01,4.887944109725e-13,14.1089
8,65,0.2539062500,0.0039062500,1.790522106886e-01,1.783000000000e-01,20000,22040,1.717753259308e-01,7.276884757794e-03,1.790522106886e-01,0.000000000000e+00,13.9738
8,66,0.2578125000,0.0078125000,1.103291101515e-01,1.091000000000e-01,20000,22040,8.384271860911e-02,2.648639154244e-02,1.103291101515e-01,0.000000000000e+00,13.7635
8,67,0.2617187500,0.0117187500,3.787352573817e-02,3.910000000000e-02,20000,22040,2.301194976448e-02,1.486157597369e-02,3.787352573817e-02,0.000000000000e+00,13.2991
8,68,0.2656250000,0.0156250000,1.154140972381e-02,1.260000000000e-02,20000,22040,2.719185470217e-03,8.822224253593e-03,1.154140972381e-02,0.000000000000e+00,12.7831
8,69,0.2695312500,0.0195312500,7.746260226884e-03,8.800000000000e-03,20000,22040,0.000000000000e+00,7.746260226884e-03,7.746260226884e-03,0.000000000000e+00,12.6099
8,70,0.2734375000,0.0234375000,1.018324564606e-02,1.000000000000e-02,20000,22040,0.000000000000e+00,1.018324564606e-02,1.018324564606e-02,0.000000000000e+00,12.7287
8,71,0.2773437500,0.0273437500,7.677405834959e-03,8.500000000000e-03,20000,22040,0.000000000000e+00,7.677405834959e-03,7.677405834959e-03,0.000000000000e+00,12.6060
8,72,0.2812500000,0.0312500000,1.985476608545e-03,2.000000000000e-03,20000,22040,0.000000000000e+00,1.985476608545e-03,1.985476608545e-03,0.000000000000e+00,12.0187
8,73,0.2851562500,0.0351562500,7.535853852963e-03,7.800000000000e-03,20000,22040,0.000000000000e+00,7.535853852963e-03,7.535853852963e-03,0.000000000000e+00,12.5979
8,74,0.2890625000,0.0390625000,4.498491592215e-03,5.000000000000e-03,20000,22040,0.000000000000e+00,4.498491592215e-03,4.498491592215e-03,0.000000000000e+00,12.3739
8,75,0.2929687500,0.0429687500,3.413481294017e-04,3.000000000000e-04,20000,22040,0.000000000000e+00,3.413481294017e-04,3.413481294017e-04,0.000000000000e+00,11.2540
8,76,0.2968750000,0.0468750000,3.542205711289e-03,3.750000000000e-03,20000,22040,0.000000000000e+00,3.542205711289e-03,3.542205711289e-03,0.000000000000e+00,12.2701
8,77,0.3007812500,0.0507812500,1.163065349012e-04,1.000000000000e-04,20000,22040,0.000000000000e+00,1.163065349012e-04,1.163065349012e-04,0.000000000000e+00,10.7864
8,78,0.3046875000,0.0546875000,4.416019889987e-03,4.300000000000e-03,20000,22040,0.000000000000e+00,4.416019889987e-03,4.416019889987e-03,0.000000000000e+00,12.3658
8,79,0.3085937500,0.0585937500,7.397827312729e-03,6.950000000000e-03,20000,22040,0.000000000000e+00,7.397827312729e-03,7.397827312729e-03,0.000000000000e+00,12.5899
8,80,0.3125000000,0.0625000000,1.908227334123e-04,1.000000000000e-04,20000,22040,0.000000000000e+00,1.908227334123e-04,1.908227334123e-04,0.000000000000e+00,11.0014
8,81,0.3164062500,0.0664062500,7.446816249556e-03,8.550000000000e-03,20000,22040,0.000000000000e+00,7.446816249556e-03,7.446816249556e-03,0.000000000000e+00,12.5928
8,82,0.3203125000,0.0703125000,4.488134419123e-03,4.350000000000e-03,20000,22040,0.000000000000e+00,4.488134419123e-03,4.488134419123e-03,0.000000000000e+00,12.3729
8,83,0.3242187500,0.0742187500,3.403214694248e-04,4.000000000000e-04,20000,22040,0.000000000000e+00,3.403214694248e-04,3.403214694248e-04,0.000000000000e+00,11.2527
8,84,0.3281250000,0.0781250000,2.052382375486e-03,1.750000000000e-03,20000,22040,0.000000000000e+00,2.052382375486e-03,2.052382375486e-03,0.000000000000e+00,12.0331
8,85,0.3320312500,0.0820312500,1.610900112084e-04,5.000000000000e-05,20000,22040,0.000000000000e+00,1.610900112084e-04,1.610900112084e-04,0.000000000000e+00,10.9279
8,86,0.3359375000,0.0859375000,3.519153571641e-04,5.000000000000e-05,20000,22040,0.000000000000e+00,3.519153571641e-04,3.519153571641e-04,0.000000000000e+00,11.2672
8,87,0.3398437500,0.0898437500,8.137353740358e-05,1.500000000000e-04,20000,22040,0.000000000000e+00,8.137353740358e-05,8.137353740358e-05,0.000000000000e+00,10.6313
8,88,0.3437500000,0.0937500000,2.484195755031e-04,3.500000000000e-04,20000,22040,0.000000000000e+00,2.484195755031e-04,2.484195755031e-04,0.000000000000e+00,11.1160
8,89,0.3476562500,0.0976562500,6.638341285688e-06,0.000000000000e+00,20000,22040,0.000000000000e+00,6.638341285688e-06,6.638341285688e-06,0.000000000000e+00,9.5429
8,90,0.3515625000,0.1015625000,1.787777954719e-04,2.000000000000e-04,20000,22040,0.000000000000e+00,1.787777954719e-04,1.787777954719e-04,0.000000000000e+00,10.9731
8,91,0.3554687500,0.1054687500,2.603770550762e-04,4.500000000000e-04,20000,22040,0.000000000000e+00,2.603770550762e-04,2.603770550762e-04,0.000000000000e+00,11.1364
8,92,0.3593750000,0.1093750000,1.333437015684e-03,1.050000000000e-03,20000,22040,0.000000000000e+00,1.333437015684e-03,1.333437015684e-03,0.000000000000e+00,11.8458
8,93,0.3632812500,0.1132812500,3.817577443539e-05,5.000000000000e-05,20000,22040,0.000000000000e+00,3.817577443539e-05,3.817577443539e-05,0.000000000000e+00,10.3026
8,94,0.3671875000,0.1171875000,4.287389292394e-03,3.900000000000e-03,20000,22040,0.000000000000e+00,4.287389292394e-03,4.287389292394e-03,0.000000000000e+00,12.3530
8,95,0.3710937500,0.1210937500,7.269334739357e-03,7.600000000000e-03,20000,22040,0.000000000000e+00,7.269334739357e-03,7.269334739357e-03,0.000000000000e+00,12.5823
8,96,0.3750000000,0.1250000000,2.361749019095e-04,3.500000000000e-04,20000,22040,0.000000000000e+00,2.361749019095e-04,2.361749019095e-04,0.000000000000e+00,11.0940
8,97,0.3789062500,0.1289062500,7.375517645538e-03,6.700000000000e-03,20000,22040,0.000000000000e+00,7.375517645538e-03,7.375517645538e-03,0.000000000000e+00,12.5886
8,98,0.3828125000,0.1328125000,4.492301294387e-03,4.400000000000e-03,20000,22040,0.000000000000e+00,4.492301294387e-03,4.492301294387e-03,0.000000000000e+00,12.3733
8,99,0.3867187500,0.1367187500,3.480599697254e-04,3.500000000000e-04,20000,22040,0.000000000000e+00,3.480599697254e-04,3.480599697254e-04,0.000000000000e+00,11.2625
8,100,0.3906250000,0.1406250000,1.925062625391e-03,2.300000000000e-03,20000,22040,0.000000000000e+00,1.925062625391e-03,1.925062625391e-03,0.000000000000e+00,12.0053
8,101,0.3945312500,0.1445312500,2.063587713101e-04,2.000000000000e-04,20000,22040,0.000000000000e+00,2.063587713101e-04,2.063587713101e-04,0.000000000000e+00,11.0354
8,102,0.3984375000,0.1484375000,4.159125517531e-04,6.500000000000e-04,20000,22040,0.000000000000e+00,4.159125517531e-04,4.159125517531e-04,0.000000000000e+00,11.3398
8,103,0.4023437500,0.1523437500,1.898669753888e-05,5.000000000000e-05,20000,22040,0.000000000000e+00,1.898669753888e-05,1.898669753888e-05,0.000000000000e+00,9.9993
8,104,0.4062500000,0.1562500000,3.029948720648e-04,2.000000000000e-04,20000,22040,0.000000000000e+00,3.029948720648e-04,3.029948720648e-04,0.000000000000e+00,11.2022
8,105,0.4101562500,0.1601562500,2.116237418345e-05,0.000000000000e+00,20000,22040,0.000000000000e+00,2.116237418345e-05,2.116237418345e-05,0.000000000000e+00,10.0464
8,106,0.4140625000,0.1640625000,1.766420180843e-04,1.500000000000e-04,20000,22040,0.000000000000e+00,1.766420180843e-04,1.766420180843e-04,0.000000000000e+00,10.9679
8,107,0.4179687500,0.1679687500,2.183440072240e-05,0.000000000000e+00,20000,22040,0.000000000000e+00,2.183440072240e-05,2.183440072240e-05,0.000000000000e+00,10.0599
8,108,0.4218750000,0.1718750000,1.351834437835e-04,2.000000000000e-04,20000,22040,0.000000000000e+00,1.351834437835e-04,1.351834437835e-04,0.000000000000e+00,10.8517
8,109,0.4257812500,0.1757812500,1.911431023393e-05,5.000000000000e-05,20000,22040,0.000000000000e+00,1.911431023393e-05,1.911431023393e-05,0.000000000000e+00,10.0022
8,110,0.4296875000,0.1796875000,1.712856085421e-04,5.000000000000e-04,20000,22040,0.000000000000e+00,1.712856085421e-04,1.712856085421e-04,0.000000000000e+00,10.9545
8,111,0.4335937500,0.1835937500,6.450539610851e-06,0.000000000000e+00,20000,22040,0.000000000000e+00,6.450539610851e-06,6.450539610851e-06,0.000000000000e+00,9.5304
8,112,0.4375000000,0.1875000000,2.323703353957e-04,1.500000000000e-04,20000,22040,0.000000000000e+00,2.323703353957e-04,2.323703353957e-04,0.000000000000e+00,11.0870
8,113,0.4414062500,0.1914062500,8.626216255417e-06,0.000000000000e+00,20000,22040,0.000000000000e+00,8.626216255417e-06,8.626216255417e-06,0.000000000000e+00,9.6566
8,114,0.4453125000,0.1953125000,1.756369618313e-04,2.500000000000e-04,20000,22040,0.000000000000e+00,1.756369618313e-04,1.756369618313e-04,0.000000000000e+00,10.9654
8,115,0.4492187500,0.1992187500,1.147787690107e-05,0.000000000000e+00,20000,22040,0.000000000000e+00,1.147787690107e-05,1.147787690107e-05,0.000000000000e+00,9.7807
8,116,0.4531250000,0.2031250000,6.976937726740e-05,1.000000000000e-04,20000,22040,0.000000000000e+00,6.976937726740e-05,6.976937726740e-05,0.000000000000e+00,10.5645
8,117,0.4570312500,0.2070312500,2.124878907931e-05,5.000000000000e-05,20000,22040,0.000000000000e+00,2.124878907931e-05,2.124878907931e-05,0.000000000000e+00,10.0481
8,118,0.4609375000,0.2109375000,1.176572043612e-06,0.000000000000e+00,20000,22040,0.000000000000e+00,1.176572043612e-06,1.176572043612e-06,0.000000000000e+00,8.7914
8,119,0.4648437500,0.2148437500,8.753828950464e-06,0.000000000000e+00,20000,22040,0.000000000000e+00,8.753828950464e-06,8.753828950464e-06,0.000000000000e+00,9.6630
8,120,0.4687500000,0.2187500000,1.917902980917e-07,0.000000000000e+00,20000,22040,0.000000000000e+00,1.917902980917e-07,1.917902980917e-07,0.000000000000e+00,8.0036
8,121,0.4726562500,0.2226562500,6.074967178851e-06,0.000000000000e+00,20000,22040,0.000000000000e+00,6.074967178851e-06,6.074967178851e-06,0.000000000000e+00,9.5044
8,122,0.4765625000,0.2265625000,2.356313148699e-07,0.000000000000e+00,20000,22040,0.000000000000e+00,2.356313148699e-07,2.356313148699e-07,0.000000000000e+00,8.0930
8,123,0.4804687500,0.2304687500,2.765925938603e-06,0.000000000000e+00,20000,22040,0.000000000000e+00,2.765925938603e-06,2.765925938603e-06,0.000000000000e+00,9.1626
8,124,0.4843750000,0.2343750000,2.167176718971e-07,0.000000000000e+00,20000,22040,0.000000000000e+00,2.167176718971e-07,2.167176718971e-07,0.000000000000e+00,8.0567
8,125,0.4882812500,0.2382812500,5.464234926493e-07,0.000000000000e+00,20000,22040,0.000000000000e+00,5.464234926493e-07,5.464234926493e-07,0.000000000000e+00,8.4583
8,126,0.4921875000,0.2421875000,1.086990520740e-07,0.000000000000e+00,20000,22040,0.000000000000e+00,1.086990520740e-07,1.086990520740e-07,0.000000000000e+00,7.7570
8,127,0.4960937500,0.2460937500,2.041296752563e-09,0.000000000000e+00,20000,22040,0.000000000000e+00,2.041296752563e-09,2.041296752563e-09,0.000000000000e+00,6.0307
8,128,0.5000000000,0.2500000000,2.160372396462e-08,0.000000000000e+00,20000,22040,0.000000000000e+00,2.160372396462e-08,2.160372396462e-08,0.000000000000e+00,7.0553
8,129,0.5039062500,0.2539062500,6.804322508542e-10,0.000000000000e+00,20000,22040,0.000000000000e+00,6.804322508542e-10,6.804322508542e-10,0.000000000000e+00,5.5536
9,0,0.0000000000,-0.2500000000,2.739196135797e-02,2.780000000000e-02,20000,22044,0.000000000000e+00,2.739196135797e-02,0.000000000000e+00,2.739196135797e-02,14.6124
9,1,0.0039062500,-0.2460937500,2.208582307266e-03,2.250000000000e-03,20000,22044,0.000000000000e+00,2.208582307266e-03,0.000000000000e+00,2.208582307266e-03,13.5189
9,2,0.0078125000,-0.2421875000,3.306653290832e-05,5.000000000000e-05,20000,22044,0.000000000000e+00,3.306653290832e-05,0.000000000000e+00,3.306653290832e-05,11.6942
9,3,0.0117187500,-0.2382812500,8.959419935714e-04,1.150000000000e-03,20000,22044,0.000000000000e+00,8.959419935714e-04,0.000000000000e+00,8.959419935714e-04,13.1271
9,4,0.0156250000,-0.2343750000,3.369907389538e-05,0.000000000000e+00,20000,22044,0.000000000000e+00,3.369907389538e-05,0.000000000000e+00,3.369907389538e-05,11.7024
9,5,0.0195312500,-0.2304687500,4.646297773677e-04,6.000000000000e-04,20000,22044,0.000000000000e+00,4.646297773677e-04,0.000000000000e+00,4.646297773677e-04,12.8419
9,6,0.0234375000,-0.2265625000,2.523081059625e-05,0.000000000000e+00,20000,22044,0.000000000000e+00,2.523081059625e-05,0.000000000000e+00,2.523081059625e-05,11.5767
9,7,0.0273437500,-0.2226562500,4.487544343439e-04,5.500000000000e-04,20000,22044,0.000000000000e+00,4.487544343439e-04,0.000000000000e+00,4.487544343439e-04,12.8268
9,8,0.0312500000,-0.2187500000,1.744300047199e-05,0.000000000000e+00,20000,22044,0.000000000000e+00,1.744300047199e-05,0.000000000000e+00,1.744300047199e-05,11.4164
9,9,0.0351562500,-0.2148437500,4.643388893174e-04,3.000000000000e-04,20000,22044,0.000000000000e+00,4.643388893174e-04,0.000000000000e+00,4.643388893174e-04,12.8416
9,10,0.0390625000,-0.2109375000,2.523081059625e-05,0.000000000000e+00,20000,22044,0.000000000000e+00,2.523081059625e-05,0.000000000000e+00,2.523081059625e-05,11.5767
9,11,0.0429687500,-0.2070312500,1.714769505924e-05,1.000000000000e-04,20000,22044,0.000000000000e+00,1.714769505924e-05,0.000000000000e+00,1.714769505924e-05,11.4090
9,12,0.0468750000,-0.2031250000,8.974737172863e-06,0.000000000000e+00,20000,22044,0.000000000000e+00,8.974737172863e-06,0.000000000000e+00,8.974737172863e-06,11.1278
9,13,0.0507812500,-0.1992187500,8.726561616060e-06,0.000000000000e+00,20000,22044,0.000000000000e+00,8.726561616060e-06,0.000000000000e+00,8.726561616060e-06,11.1156
9,14,0.0546875000,-0.1953125000,6.007335856251e-07,0.000000000000e+00,20000,22044,0.000000000000e+00,6.007335856251e-07,0.000000000000e+00,6.007335856251e-07,9.9535
9,15,0.0585937500,-0.1914062500,4.403385929858e-04,7.500000000000e-04,20000,22044,0.000000000000e+00,4.403385929858e-04,0.000000000000e+00,4.403385929858e-04,12.8186
9,16,0.0625000000,-0.1875000000,1.685680700902e-05,0.000000000000e+00,20000,22044,0.000000000000e+00,1.685680700902e-05,0.000000000000e+00,1.685680700902e-05,11.4016
9,17,0.0664062500,-0.1835937500,4.643353466775e-04,8.000000000000e-04,20000,22044,0.000000000000e+00,4.643353466775e-04,0.000000000000e+00,4.643353466775e-04,12.8416
9,18,0.0703125000,-0.1796875000,2.523081059625e-05,0.000000000000e+00,20000,22044,0.000000000000e+00,2.523081059625e-05,0.000000000000e+00,2.523081059625e-05,11.5767
9,19,0.0742187500,-0.1757812500,1.714769505924e-05,0.000000000000e+00,20000,22044,0.000000000000e+00,1.714769505924e-05,0.000000000000e+00,1.714769505924e-05,11.4090
9,20,0.0781250000,-0.1718750000,8.974737172863e-06,0.000000000000e+00,20000,22044,0.000000000000e+00,8.974737172863e-06,0.000000000000e+00,8.974737172863e-06,11.1278
9,21,0.0820312500,-0.1679687500,8.726561616060e-06,0.000000000000e+00,20000,22044,0.000000000000e+00,8.726561616060e-06,0.000000000000e+00,8.726561616060e-06,11.1156
9,22,0.0859375000,-0.1640625000,6.007335856251e-07,0.000000000000e+00,20000,22044,0.000000000000e+00,6.007335856251e-07,0.000000000000e+00,6.007335856251e-07,9.9535
9,23,0.0898437500,-0.1601562500,8.731853701142e-06,0.000000000000e+00,20000,22044,0.000000000000e+00,8.731853701142e-06,0.000000000000e+00,8.731853701142e-06,11.1159
9,24,0.0937500000,-0.1562500000,8.388543709886e-06,0.000000000000e+00,20000,22044,0.000000000000e+00,8.388543709886e-06,0.000000000000e+00,8.388543709886e-06,11.0985
9,25,0.0976562500,-0.1523437500,8.723018976101e-06,0.000000000000e+00,20000,22044,0.000000000000e+00,8.723018976101e-06,0.000000000000e+00,8.723018976101e-06,11.1155
9,26,0.1015625000,-0.1484375000,6.007335856251e-07,0.000000000000e+00,20000,22044,0.000000000000e+00,6.007335856251e-07,0.000000000000e+00,6.007335856251e-07,9.9535
9,27,0.1054687500,-0.1445312500,6.016083081863e-07,0.000000000000e+00,20000,22044,0.000000000000e+00,6.016083081863e-07,0.000000000000e+00,6.016083081863e-07,9.9541
9,28,0.1093750000,-0.1406250000,1.454012264799e-08,0.000000000000e+00,20000,22044,0.000000000000e+00,1.454012264799e-08,0.000000000000e+00,1.454012264799e-08,8.3374
9,29,0.1132812500,-0.1367187500,3.071776179985e-07,0.000000000000e+00,20000,22044,0.000000000000e+00,3.071776179985e-07,0.000000000000e+00,3.071776179985e-07,9.6622
9,30,0.1171875000,-0.1328125000,1.187220524951e-08,0.000000000000e+00,20000,22044,0.000000000000e+00,1.187220524951e-08,0.000000000000e+00,1.187220524951e-08,8.2493
9,31,0.1210937500,-0.1289062500,4.400352357233e-04,3.500000000000e-04,20000,22044,0.000000000000e+00,4.400352357233e-04,0.000000000000e+00,4.400352357233e-04,12.8183
9,32,0.1250000000,-0.1250000000,1.949439309196e-05,5.000000000000e-05,20000,22044,0.000000000000e+00,1.949439309196e-05,0.000000000000e+00,1.949439309196e-05,11.4647
9,33,0.1289062500,-0.1210937500,4.617259647671e-04,6.000000000000e-04,20000,22044,0.000000000000e+00,4.617259647671e-04,0.000000000000e+00,4.617259647671e-04,12.8392
9,34,0.1328125000,-0.1171875000,2.782312386781e-05,5.000000000000e-05,20000,22044,0.000000000000e+00,2.782312386781e-05,0.000000000000e+00,2.782312386781e-05,11.6192
9,35,0.1367187500,-0.1132812500,1.192840162246e-05,0.000000000000e+00,20000,22044,0.000000000000e+00,1.192840162246e-05,0.000000000000e+00,1.192840162246e-05,11.2514
9,36,0.1406250000,-0.1093750000,1.154936034229e-05,0.000000000000e+00,20000,22044,0.000000000000e+00,1.154936034229e-05,0.000000000000e+00,1.154936034229e-05,11.2374
9,37,0.1445312500,-0.1054687500,6.117271552954e-06,0.000000000000e+00,20000,22044,0.000000000000e+00,6.117271552954e-06,0.000000000000e+00,6.117271552954e-06,10.9614
9,38,0.1484375000,-0.1015625000,5.818600401267e-06,0.000000000000e+00,20000,22044,0.000000000000e+00,5.818600401267e-06,0.000000000000e+00,5.818600401267e-06,10.9396
9,39,0.1523437500,-0.0976562500,6.157230531713e-06,5.000000000000e-05,20000,22044,0.000000000000e+00,6.157230531713e-06,0.000000000000e+00,6.157230531713e-06,10.9642
9,40,0.1562500000,-0.0937500000,8.388543709886e-06,0.000000000000e+00,20000,22044,0.000000000000e+00,8.388543709886e-06,0.000000000000e+00,8.388543709886e-06,11.0985
9,41,0.1601562500,-0.0898437500,6.080488640458e-06,0.000000000000e+00,20000,22044,0.000000000000e+00,6.080488640458e-06,0.000000000000e+00,6.080488640458e-06,10.9587
9,42,0.1640625000,-0.0859375000,3.208597027592e-06,0.000000000000e+00,20000,22044,0.000000000000e+00,3.208597027592e-06,0.000000000000e+00,3.208597027592e-06,10.6811
9,43,0.1679687500,-0.0820312500,6.023216187558e-07,0.000000000000e+00,20000,22044,0.000000000000e+00,6.023216187558e-07,0.000000000000e+00,6.023216187558e-07,9.9546
9,44,0.1718750000,-0.0781250000,3.080360363181e-08,0.000000000000e+00,20000,22044,0.000000000000e+00,3.080360363181e-08,0.000000000000e+00,3.080360363181e-08,8.6634
9,45,0.1757812500,-0.0742187500,2.902008264452e-07,0.000000000000e+00,20000,22044,0.000000000000e+00,2.902008264452e-07,0.000000000000e+00,2.902008264452e-07,9.6375
9,46,0.1796875000,-0.0703125000,2.655115851462e-06,0.000000000000e+00,20000,22044,0.000000000000e+00,2.655115851462e-06,0.000000000000e+00,2.655115851462e-06,10.5989
9,47,0.1835937500,-0.0664062500,5.855299890394e-06,0.000000000000e+00,20000,22044,0.000000000000e+00,5.855299890394e-06,0.000000000000e+00,5.855299890394e-06,10.9424
9,48,0.1875000000,-0.0625000000,8.347505942368e-06,0.000000000000e+00,20000,22044,0.000000000000e+00,8.347505942368e-06,0.000000000000e+00,8.347505942368e-06,11.0964
9,49,0.1914062500,-0.0585937500,6.096660274214e-06,0.000000000000e+00,20000,22044,0.000000000000e+00,6.096660274214e-06,0.000000000000e+00,6.096660274214e-06,10.9599
9,50,0.1953125000,-0.0546875000,3.190906925469e-06,0.000000000000e+00,20000,22044,0.000000000000e+00,3.190906925469e-06,0.000000000000e+00,3.190906925469e-06,10.6787
9,51,0.1992187500,-0.0507812500,6.023216187558e-07,0.000000000000e+00,20000,22044,0.000000000000e+00,6.023216187558e-07,0.000000000000e+00,6.023216187558e-07,9.9546
9,52,0.2031250000,-0.0468750000,1.311350150906e-08,0.000000000000e+00,20000,22044,0.000000000000e+00,1.311350150906e-08,0.000000000000e+00,1.311350150906e-08,8.2925
9,53,0.2070312500,-0.0429687500,3.255810306907e-07,0.000000000000e+00,20000,22044,0.000000000000e+00,3.255810306907e-07,0.000000000000e+00,3.255810306907e-07,9.6875
9,54,0.2109375000,-0.0390625000,1.044558411058e-08,0.000000000000e+00,20000,22044,0.000000000000e+00,1.044558411058e-08,0.000000000000e+00,1.044558411058e-08,8.1937
9,55,0.2148437500,-0.0351562500,3.003909774376e-07,0.000000000000e+00,20000,22044,0.000000000000e+00,3.003909774376e-07,0.000000000000e+00,3.003909774376e-07,9.6525
9,56,0.2187500000,-0.0312500000,7.455938236753e-09,0.000000000000e+00,20000,22044,0.000000000000e+00,7.455938236753e-09,0.000000000000e+00,7.455938236753e-09,8.0473
9,57,0.2226562500,-0.0273437500,2.886823580787e-07,0.000000000000e+00,20000,22044,0.000000000000e+00,2.886823580787e-07,0.000000000000e+00,2.886823580787e-07,9.6352
9,58,0.2265625000,-0.0234375000,1.115889468004e-08,0.000000000000e+00,20000,22044,0.000000000000e+00,1.115889468004e-08,0.000000000000e+00,1.115889468004e-08,8.2224
9,59,0.2304687500,-0.0195312500,1.274643242262e-03,1.200000000000e-03,20000,22044,1.274618189164e-03,2.505309762380e-08,1.274618189164e-03,2.505309762380e-08,13.2802
9,60,0.2343750000,-0.0156250000,5.501331407737e-09,0.000000000000e+00,20000,22044,0.000000000000e+00,5.501331407737e-09,0.000000000000e+00,5.501331407737e-09,7.9153
9,61,0.2382812500,-0.0117187500,6.389550676436e-02,6.535000000000e-02,20000,22044,6.360871465660e-02,2.867921077597e-04,6.389550374916e-02,3.015197744302e-09,14.9803
9,62,0.2421875000,-0.0078125000,2.479781725740e-03,2.500000000000e-03,20000,22044,0.000000000000e+00,2.479781725740e-03,2.479780825465e-03,9.002744316627e-10,13.5692
9,63,0.2460937500,-0.0039062500,3.215608853269e-01,3.179500000000e-01,20000,22044,3.125170236418e-01,9.043861685111e-03,3.215608852317e-01,9.513375189977e-11,15.6821
9,64,0.2500000000,0.0000000000,1.907009056391e-02,1.850000000000e-02,20000,22044,0.000000000000e+00,1.907009056391e-02,1.907009056282e-02,1.086949439186e-12,14.4552
9,65,0.2539062500,0.0039062500,3.313226337676e-01,3.331000000000e-01,20000,22044,3.125170236418e-01,1.880561012586e-02,3.313226337676e-01,8.558657001464e-15,15.6951
9,66,0.2578125000,0.0078125000,2.627243996390e-02,2.615000000000e-02,20000,22044,0.000000000000e+00,2.627243996390e-02,2.627243996390e-02,0.000000000000e+00,14.5943
9,67,0.2617187500,0.0117187500,7.027735435937e-02,6.790000000000e-02,20000,22044,6.360871465660e-02,6.668639702772e-03,7.027735435937e-02,0.000000000000e+00,15.0216
9,68,0.2656250000,0.0156250000,1.721156499198e-02,1.840000000000e-02,20000,22044,0.000000000000e+00,1.721156499198e-02,1.721156499198e-02,0.000000000000e+00,14.4106
9,69,0.2695312500,0.0195312500,8.061892801656e-03,8.250000000000e-03,20000,22044,1.274618189164e-03,6.787274612492e-03,8.061892801656e-03,0.000000000000e+00,14.0812
9,70,0.2734375000,0.0234375000,1.344076389673e-02,1.410000000000e-02,20000,22044,0.000000000000e+00,1.344076389673e-02,1.344076389673e-02,0.000000000000e+00,14.3032
9,71,0.2773437500,0.0273437500,3.988342091481e-03,4.550000000000e-03,20000,22044,0.000000000000e+00,3.988342091481e-03,3.988342091481e-03,0.000000000000e+00,13.7756
9,72,0.2812500000,0.0312500000,9.262439360699e-03,9.150000000000e-03,20000,22044,0.000000000000e+00,9.262439360699e-03,9.262439360699e-03,0.000000000000e+00,14.1415
9,73,0.2851562500,0.0351562500,4.709482803540e-04,4.000000000000e-04,20000,22044,0.000000000000e+00,4.709482803540e-04,4.709482803540e-04,0.000000000000e+00,12.8478
9,74,0.2890625000,0.0390625000,6.740290070545e-03,6.700000000000e-03,20000,22044,0.000000000000e+00,6.740290070545e-03,6.740290070545e-03,0.000000000000e+00,14.0035
9,75,0.2929687500,0.0429687500,3.848167026600e-03,4.100000000000e-03,20000,22044,0.000000000000e+00,3.848167026600e-03,3.848167026600e-03,0.000000000000e+00,13.7601
9,76,0.2968750000,0.0468750000,1.773517438341e-03,1.600000000000e-03,20000,22044,0.000000000000e+00,1.773517438341e-03,1.773517438341e-03,0.000000000000e+00,13.4236
9,77,0.3007812500,0.0507812500,3.533975208925e-03,3.400000000000e-03,20000,22044,0.000000000000e+00,3.533975208925e-03,3.533975208925e-03,0.000000000000e+00,13.7231
9,78,0.3046875000,0.0546875000,6.295431000765e-03,5.150000000000e-03,20000,22044,0.000000000000e+00,6.295431000765e-03,6.295431000765e-03,0.000000000000e+00,13.9738
9,79,0.3085937500,0.0585937500,3.093867481690e-04,5.000000000000e-04,20000,22044,0.000000000000e+00,3.093867481690e-04,3.093867481690e-04,0.000000000000e+00,12.6653
9,80,0.3125000000,0.0625000000,8.360709668427e-03,7.750000000000e-03,20000,22044,0.000000000000e+00,8.360709668427e-03,8.360709668427e-03,0.000000000000e+00,14.0970
9,81,0.3164062500,0.0664062500,2.590002145307e-04,3.000000000000e-04,20000,22044,0.000000000000e+00,2.590002145307e-04,2.590002145307e-04,0.000000000000e+00,12.5881
9,82,0.3203125000,0.0703125000,6.682951463728e-03,6.650000000000e-03,20000,22044,0.000000000000e+00,6.682951463728e-03,6.682951463728e-03,0.000000000000e+00,13.9998
9,83,0.3242187500,0.0742187500,3.758201882513e-03,3.650000000000e-03,20000,22044,0.000000000000e+00,3.758201882513e-03,3.758201882513e-03,0.000000000000e+00,13.7498
9,84,0.3281250000,0.0781250000,1.010904717301e-03,6.000000000000e-04,20000,22044,0.000000000000e+00,1.010904717301e-03,1.010904717301e-03,0.000000000000e+00,13.1795
9,85,0.3320312500,0.0820312500,4.753060087525e-04,3.500000000000e-04,20000,22044,0.000000000000e+00,4.753060087525e-04,4.753060087525e-04,0.000000000000e+00,12.8518
9,86,0.3359375000,0.0859375000,3.520469560651e-04,4.000000000000e-04,20000,22044,0.000000000000e+00,3.520469560651e-04,3.520469560651e-04,0.000000000000e+00,12.7214
9,87,0.3398437500,0.0898437500,2.762292196580e-04,2.500000000000e-04,20000,22044,0.000000000000e+00,2.762292196580e-04,2.762292196580e-04,0.000000000000e+00,12.6161
9,88,0.3437500000,0.0937500000,6.348149124645e-05,0.000000000000e+00,20000,22044,0.000000000000e+00,6.348149124645e-05,6.348149124645e-05,0.000000000000e+00,11.9775
9,89,0.3476562500,0.0976562500,2.712527827909e-04,1.000000000000e-04,20000,22044,0.000000000000e+00,2.712527827909e-04,2.712527827909e-04,0.000000000000e+00,12.6082
9,90,0.3515625000,0.1015625000,2.537464592261e-04,4.000000000000e-04,20000,22044,0.000000000000e+00,2.537464592261e-04,2.537464592261e-04,0.000000000000e+00,12.5792
9,91,0.3554687500,0.1054687500,1.200052017428e-05,0.000000000000e+00,20000,22044,0.000000000000e+00,1.200052017428e-05,1.200052017428e-05,0.000000000000e+00,11.2540
9,92,0.3593750000,0.1093750000,8.934461212476e-04,1.200000000000e-03,20000,22044,0.000000000000e+00,8.934461212476e-04,8.934461212476e-04,0.000000000000e+00,13.1259
9,93,0.3632812500,0.1132812500,3.096898735308e-03,3.450000000000e-03,20000,22044,0.000000000000e+00,3.096898735308e-03,3.096898735308e-03,0.000000000000e+00,13.6657
9,94,0.3671875000,0.1171875000,6.054842896152e-03,6.700000000000e-03,20000,22044,0.000000000000e+00,6.054842896152e-03,6.054842896152e-03,0.000000000000e+00,13.9569
9,95,0.3710937500,0.1210937500,4.849981019848e-04,3.500000000000e-04,20000,22044,0.000000000000e+00,4.849981019848e-04,4.849981019848e-04,0.000000000000e+00,12.8605
9,96,0.3750000000,0.1250000000,8.103591328047e-03,9.450000000000e-03,20000,22044,0.000000000000e+00,8.103591328047e-03,8.103591328047e-03,0.000000000000e+00,14.0835
9,97,0.3789062500,0.1289062500,4.039301492446e-04,3.000000000000e-04,20000,22044,0.000000000000e+00,4.039301492446e-04,4.039301492446e-04,0.000000000000e+00,12.7811
9,98,0.3828125000,0.1328125000,6.542422021265e-03,6.000000000000e-03,20000,22044,0.000000000000e+00,6.542422021265e-03,6.542422021265e-03,0.000000000000e+00,13.9905
9,99,0.3867187500,0.1367187500,3.796055786672e-03,4.150000000000e-03,20000,22044,0.000000000000e+00,3.796055786672e-03,3.796055786672e-03,0.000000000000e+00,13.7541
9,100,0.3906250000,0.1406250000,8.215180505281e-04,8.500000000000e-04,20000,22044,0.000000000000e+00,8.215180505281e-04,8.215180505281e-04,0.000000000000e+00,13.0894
9,101,0.3945312500,0.1445312500,6.586394914629e-04,4.500000000000e-04,20000,22044,0.000000000000e+00,6.586394914629e-04,6.586394914629e-04,0.000000000000e+00,12.9935
9,102,0.3984375000,0.1484375000,1.190657737608e-04,1.000000000000e-04,20000,22044,0.000000000000e+00,1.190657737608e-04,1.190657737608e-04,0.000000000000e+00,12.2506
9,103,0.4023437500,0.1523437500,4.621616901888e-04,4.000000000000e-04,20000,22044,0.000000000000e+00,4.621616901888e-04,4.621616901888e-04,0.000000000000e+00,12.8396
9,104,0.4062500000,0.1562500000,2.149980148357e-05,5.000000000000e-05,20000,22044,0.000000000000e+00,2.149980148357e-05,2.149980148357e-05,0.000000000000e+00,11.5072
9,105,0.4101562500,0.1601562500,3.103512712320e-04,3.000000000000e-04,20000,22044,0.000000000000e+00,3.103512712320e-04,3.103512712320e-04,0.000000000000e+00,12.6667
9,106,0.4140625000,0.1640625000,2.996331481365e-05,5.000000000000e-05,20000,22044,0.000000000000e+00,2.996331481365e-05,2.996331481365e-05,0.000000000000e+00,11.6514
9,107,0.4179687500,0.1679687500,2.024581514366e-04,3.000000000000e-04,20000,22044,0.000000000000e+00,2.024581514366e-04,2.024581514366e-04,0.000000000000e+00,12.4811
9,108,0.4218750000,0.1718750000,1.546350657688e-05,1.000000000000e-04,20000,22044,0.000000000000e+00,1.546350657688e-05,1.546350657688e-05,0.000000000000e+00,11.3641
9,109,0.4257812500,0.1757812500,1.995616996577e-04,3.000000000000e-04,20000,22044,0.000000000000e+00,1.995616996577e-04,1.995616996577e-04,0.000000000000e+00,12.4749
9,110,0.4296875000,0.1796875000,1.833120174970e-05,0.000000000000e+00,20000,22044,0.000000000000e+00,1.833120174970e-05,1.833120174970e-05,0.000000000000e+00,11.4380
9,111,0.4335937500,0.1835937500,2.557687600434e-04,2.500000000000e-04,20000,22044,0.000000000000e+00,2.557687600434e-04,2.557687600434e-04,0.000000000000e+00,12.5827
9,112,0.4375000000,0.1875000000,1.076677821333e-05,0.000000000000e+00,20000,22044,0.000000000000e+00,1.076677821333e-05,1.076677821333e-05,0.000000000000e+00,11.2069
9,113,0.4414062500,0.1914062500,2.597546471149e-04,3.000000000000e-04,20000,22044,0.000000000000e+00,2.597546471149e-04,2.597546471149e-04,0.000000000000e+00,12.5894
9,114,0.4453125000,0.1953125000,1.454605739193e-05,0.000000000000e+00,20000,22044,0.000000000000e+00,1.454605739193e-05,1.454605739193e-05,0.000000000000e+00,11.3375
9,115,0.4492187500,0.1992187500,1.556781258201e-04,1.000000000000e-04,20000,22044,0.000000000000e+00,1.556781258201e-04,1.556781258201e-04,0.000000000000e+00,12.3670
9,116,0.4531250000,0.2031250000,1.663918505747e-05,0.000000000000e+00,20000,22044,0.000000000000e+00,1.663918505747e-05,1.663918505747e-05,0.000000000000e+00,11.3959
9,117,0.4570312500,0.2070312500,5.124788346054e-05,0.000000000000e+00,20000,22044,0.000000000000e+00,5.124788346054e-05,5.124788346054e-05,0.000000000000e+00,11.8845
9,118,0.4609375000,0.2109375000,2.164995050520e-05,0.000000000000e+00,20000,22044,0.000000000000e+00,2.164995050520e-05,2.164995050520e-05,0.000000000000e+00,11.5103
9,119,0.4648437500,0.2148437500,3.225440939576e-07,0.000000000000e+00,20000,22044,0.000000000000e+00,3.225440939576e-07,3.225440939576e-07,0.000000000000e+00,9.6834
9,120,0.4687500000,0.2187500000,1.101481056455e-05,0.000000000000e+00,20000,22044,0.000000000000e+00,1.101481056455e-05,1.101481056455e-05,0.000000000000e+00,11.2168
9,121,0.4726562500,0.2226562500,3.813426238704e-07,0.000000000000e+00,20000,22044,0.000000000000e+00,3.813426238704e-07,3.813426238704e-07,0.000000000000e+00,9.7561
9,122,0.4765625000,0.2265625000,6.572718041791e-06,0.000000000000e+00,20000,22044,0.000000000000e+00,6.572718041791e-06,6.572718041791e-06,0.000000000000e+00,10.9925
9,123,0.4804687500,0.2304687500,4.049685568805e-07,0.000000000000e+00,20000,22044,0.000000000000e+00,4.049685568805e-07,4.049685568805e-07,0.000000000000e+00,9.7822
9,124,0.4843750000,0.2343750000,2.452829669557e-06,0.000000000000e+00,20000,22044,0.000000000000e+00,2.452829669557e-06,2.452829669557e-06,0.000000000000e+00,10.5645
9,125,0.4882812500,0.2382812500,2.916502735224e-07,0.000000000000e+00,20000,22044,0.000000000000e+00,2.916502735224e-07,2.916502735224e-07,0.000000000000e+00,9.6397
9,126,0.4921875000,0.2421875000,4.032976438552e-07,0.000000000000e+00,20000,22044,0.000000000000e+00,4.032976438552e-07,4.032976438552e-07,0.000000000000e+00,9.7804
9,127,0.4960937500,0.2460937500,1.163563070407e-07,0.000000000000e+00,20000,22044,0.000000000000e+00,1.163563070407e-07,1.163563070407e-07,0.000000000000e+00,9.2406
9,128,0.5000000000,0.2500000000,3.061945128844e-09,0.000000000000e+00,20000,22044,0.000000000000e+00,3.061945128844e-09,3.061945128844e-09,0.000000000000e+00,7.6608
9,129,0.5039062500,0.2539062500,1.913954919991e-08,0.000000000000e+00,20000,22044,0.000000000000e+00,1.913954919991e-08,1.913954919991e-08,0.000000000000e+00,8.4567
9,130,0.5078125000,0.2578125000,7.595059206311e-10,0.000000000000e+00,20000,22044,0.000000000000e+00,7.595059206311e-10,7.595059206311e-10,0.000000000000e+00,7.0553
10,0,0.0000000000,-0.2500000000,2.960002795981e-02,3.005000000000e-02,20000,22044,0.000000000000e+00,2.960002795981e-02,0.000000000000e+00,2.960002795981e-02,16.0526
10,1,0.0039062500,-0.2460937500,2.553534757849e-03,2.600000000000e-03,20000,22044,0.000000000000e+00,2.553534757849e-03,0.000000000000e+00,2.553534757849e-03,14.9885
10,2,0.0078125000,-0.2421875000,3.501839873857e-04,4.000000000000e-04,20000,22044,0.000000000000e+00,3.501839873857e-04,0.000000000000e+00,3.501839873857e-04,14.1256
10,3,0.0117187500,-0.2382812500,7.761093714266e-04,1.150000000000e-03,20000,22044,0.000000000000e+00,7.761093714266e-04,0.000000000000e+00,7.761093714266e-04,14.4713
10,4,0.0156250000,-0.2343750000,3.677457024934e-04,3.000000000000e-04,20000,22044,0.000000000000e+00,3.677457024934e-04,0.000000000000e+00,3.677457024934e-04,14.1469
10,5,0.0195312500,-0.2304687500,4.058063978886e-04,5.500000000000e-04,20000,22044,0.000000000000e+00,4.058063978886e-04,0.000000000000e+00,4.058063978886e-04,14.1897
10,6,0.0234375000,-0.2265625000,3.547861882162e-05,0.000000000000e+00,20000,22044,0.000000000000e+00,3.547861882162e-05,0.000000000000e+00,3.547861882162e-05,13.1313
10,7,0.0273437500,-0.2226562500,4.060987198329e-04,4.500000000000e-04,20000,22044,0.000000000000e+00,4.060987198329e-04,0.000000000000e+00,4.060987198329e-04,14.1900
10,8,0.0312500000,-0.2187500000,3.335886159814e-04,3.500000000000e-04,20000,22044,0.000000000000e+00,3.335886159814e-04,0.000000000000e+00,3.335886159814e-04,14.1046
10,9,0.0351562500,-0.2148437500,4.054875647359e-04,3.500000000000e-04,20000,22044,0.000000000000e+00,4.054875647359e-04,0.000000000000e+00,4.054875647359e-04,14.1893
10,10,0.0390625000,-0.2109375000,3.547861882162e-05,5.000000000000e-05,20000,22044,0.000000000000e+00,3.547861882162e-05,0.000000000000e+00,3.547861882162e-05,13.1313
10,11,0.0429687500,-0.2070312500,3.546536321746e-05,5.000000000000e-05,20000,22044,0.000000000000e+00,3.546536321746e-05,0.000000000000e+00,3.546536321746e-05,13.1311
10,12,0.0468750000,-0.2031250000,1.321532309623e-06,0.000000000000e+00,20000,22044,0.000000000000e+00,1.321532309623e-06,0.000000000000e+00,1.321532309623e-06,11.7024
10,13,0.0507812500,-0.1992187500,1.822077558305e-05,0.000000000000e+00,20000,22044,0.000000000000e+00,1.822077558305e-05,0.000000000000e+00,1.822077558305e-05,12.8419
10,14,0.0546875000,-0.1953125000,9.894435527943e-07,0.000000000000e+00,20000,22044,0.000000000000e+00,9.894435527943e-07,0.000000000000e+00,9.894435527943e-07,11.5767
10,15,0.0585937500,-0.1914062500,3.882315697270e-04,4.000000000000e-04,20000,22044,0.000000000000e+00,3.882315697270e-04,0.000000000000e+00,3.882315697270e-04,14.1704
10,16,0.0625000000,-0.1875000000,3.329511229059e-04,4.500000000000e-04,20000,22044,0.000000000000e+00,3.329511229059e-04,0.000000000000e+00,3.329511229059e-04,14.1037
10,17,0.0664062500,-0.1835937500,4.054761573614e-04,4.000000000000e-04,20000,22044,0.000000000000e+00,4.054761573614e-04,0.000000000000e+00,4.054761573614e-04,14.1893
10,18,0.0703125000,-0.1796875000,3.547861882162e-05,0.000000000000e+00,20000,22044,0.000000000000e+00,3.547861882162e-05,0.000000000000e+00,3.547861882162e-05,13.1313
10,19,0.0742187500,-0.1757812500,3.546536321746e-05,5.000000000000e-05,20000,22044,0.000000000000e+00,3.546536321746e-05,0.000000000000e+00,3.546536321746e-05,13.1311
10,20,0.0781250000,-0.1718750000,1.321532309623e-06,0.000000000000e+00,20000,22044,0.000000000000e+00,1.321532309623e-06,0.000000000000e+00,1.321532309623e-06,11.7024
10,21,0.0820312500,-0.1679687500,1.822077558305e-05,0.000000000000e+00,20000,22044,0.000000000000e+00,1.822077558305e-05,0.000000000000e+00,1.822077558305e-05,12.8419
10,22,0.0859375000,-0.1640625000,9.894435527943e-07,0.000000000000e+00,20000,22044,0.000000000000e+00,9.894435527943e-07,0.000000000000e+00,9.894435527943e-07,11.5767
10,23,0.0898437500,-0.1601562500,1.759821311152e-05,5.000000000000e-05,20000,22044,0.000000000000e+00,1.759821311152e-05,0.000000000000e+00,1.759821311152e-05,12.8268
10,24,0.0937500000,-0.1562500000,6.840392341958e-07,0.000000000000e+00,20000,22044,0.000000000000e+00,6.840392341958e-07,0.000000000000e+00,6.840392341958e-07,11.4164
10,25,0.0976562500,-0.1523437500,1.820936820853e-05,0.000000000000e+00,20000,22044,0.000000000000e+00,1.820936820853e-05,0.000000000000e+00,1.820936820853e-05,12.8416
10,26,0.1015625000,-0.1484375000,9.894435527943e-07,0.000000000000e+00,20000,22044,0.000000000000e+00,9.894435527943e-07,0.000000000000e+00,9.894435527943e-07,11.5767
10,27,0.1054687500,-0.1445312500,6.724586297743e-07,0.000000000000e+00,20000,22044,0.000000000000e+00,6.724586297743e-07,0.000000000000e+00,6.724586297743e-07,11.4090
10,28,0.1093750000,-0.1406250000,3.519504773672e-07,0.000000000000e+00,20000,22044,0.000000000000e+00,3.519504773672e-07,0.000000000000e+00,3.519504773672e-07,11.1278
10,29,0.1132812500,-0.1367187500,3.422181025906e-07,0.000000000000e+00,20000,22044,0.000000000000e+00,3.422181025906e-07,0.000000000000e+00,3.422181025906e-07,11.1156
10,30,0.1171875000,-0.1328125000,3.772435206782e-06,0.000000000000e+00,20000,22044,0.000000000000e+00,3.772435206782e-06,0.000000000000e+00,3.772435206782e-06,12.1580
10,31,0.1210937500,-0.1289062500,3.841526597056e-04,1.500000000000e-04,20000,22044,0.000000000000e+00,3.841526597056e-04,0.000000000000e+00,3.841526597056e-04,14.1658
10,32,0.1250000000,-0.1250000000,3.350993595901e-04,3.500000000000e-04,20000,22044,0.000000000000e+00,3.350993595901e-04,0.000000000000e+00,3.350993595901e-04,14.1065
10,33,0.1289062500,-0.1210937500,3.997619544043e-04,5.500000000000e-04,20000,22044,0.000000000000e+00,3.997619544043e-04,0.000000000000e+00,3.997619544043e-04,14.1831
10,34,0.1328125000,-0.1171875000,4.109035775111e-05,0.000000000000e+00,20000,22044,0.000000000000e+00,4.109035775111e-05,0.000000000000e+00,4.109035775111e-05,13.1951
10,35,0.1367187500,-0.1132812500,3.153429548188e-05,5.000000000000e-05,20000,22044,0.000000000000e+00,3.153429548188e-05,0.000000000000e+00,3.153429548188e-05,13.0801
10,36,0.1406250000,-0.1093750000,3.081375382143e-06,0.000000000000e+00,20000,22044,0.000000000000e+00,3.081375382143e-06,0.000000000000e+00,3.081375382143e-06,12.0701
10,37,0.1445312500,-0.1054687500,1.625558858000e-05,0.000000000000e+00,20000,22044,0.000000000000e+00,1.625558858000e-05,0.000000000000e+00,1.625558858000e-05,12.7923
10,38,0.1484375000,-0.1015625000,4.919151802348e-06,5.000000000000e-05,20000,22044,0.000000000000e+00,4.919151802348e-06,0.000000000000e+00,4.919151802348e-06,12.2732
10,39,0.1523437500,-0.0976562500,1.583834206604e-05,0.000000000000e+00,20000,22044,0.000000000000e+00,1.583834206604e-05,0.000000000000e+00,1.583834206604e-05,12.7811
10,40,0.1562500000,-0.0937500000,6.840392341958e-07,0.000000000000e+00,20000,22044,0.000000000000e+00,6.840392341958e-07,0.000000000000e+00,6.840392341958e-07,11.4164
10,41,0.1601562500,-0.0898437500,1.604019676099e-05,0.000000000000e+00,20000,22044,0.000000000000e+00,1.604019676099e-05,0.000000000000e+00,1.604019676099e-05,12.7866
10,42,0.1640625000,-0.0859375000,2.953299042774e-06,0.000000000000e+00,20000,22044,0.000000000000e+00,2.953299042774e-06,0.000000000000e+00,2.953299042774e-06,12.0517
10,43,0.1679687500,-0.0820312500,6.731243863058e-07,0.000000000000e+00,20000,22044,0.000000000000e+00,6.731243863058e-07,0.000000000000e+00,6.731243863058e-07,11.4094
10,44,0.1718750000,-0.0781250000,4.536098213496e-07,0.000000000000e+00,20000,22044,0.000000000000e+00,4.536098213496e-07,0.000000000000e+00,4.536098213496e-07,11.2380
10,45,0.1757812500,-0.0742187500,2.398930020766e-07,0.000000000000e+00,20000,22044,0.000000000000e+00,2.398930020766e-07,0.000000000000e+00,2.398930020766e-07,10.9614
10,46,0.1796875000,-0.0703125000,2.193367410935e-06,0.000000000000e+00,20000,22044,0.000000000000e+00,2.193367410935e-06,0.000000000000e+00,2.193367410935e-06,11.9225
10,47,0.1835937500,-0.0664062500,1.542159288473e-05,0.000000000000e+00,20000,22044,0.000000000000e+00,1.542159288473e-05,0.000000000000e+00,1.542159288473e-05,12.7695
10,48,0.1875000000,-0.0625000000,5.458641861204e-07,0.000000000000e+00,20000,22044,0.000000000000e+00,5.458641861204e-07,0.000000000000e+00,5.458641861204e-07,11.3184
10,49,0.1914062500,-0.0585937500,1.605158828949e-05,1.000000000000e-04,20000,22044,0.000000000000e+00,1.605158828949e-05,0.000000000000e+00,1.605158828949e-05,12.7869
10,50,0.1953125000,-0.0546875000,2.940437074153e-06,0.000000000000e+00,20000,22044,0.000000000000e+00,2.940437074153e-06,0.000000000000e+00,2.940437074153e-06,12.0498
10,51,0.1992187500,-0.0507812500,6.724306568108e-07,0.000000000000e+00,20000,22044,0.000000000000e+00,6.724306568108e-07,0.000000000000e+00,6.724306568108e-07,11.4090
10,52,0.2031250000,-0.0468750000,4.386946372069e-07,0.000000000000e+00,20000,22044,0.000000000000e+00,4.386946372069e-07,0.000000000000e+00,4.386946372069e-07,11.2235
10,53,0.2070312500,-0.0429687500,2.669484523820e-07,5.000000000000e-05,20000,22044,0.000000000000e+00,2.669484523820e-07,0.000000000000e+00,2.669484523820e-07,11.0078
10,54,0.2109375000,-0.0390625000,2.025124165775e-07,0.000000000000e+00,20000,22044,0.000000000000e+00,2.025124165775e-07,0.000000000000e+00,2.025124165775e-07,10.8878
10,55,0.2148437500,-0.0351562500,2.536002870141e-07,0.000000000000e+00,20000,22044,0.000000000000e+00,2.536002870141e-07,0.000000000000e+00,2.536002870141e-07,10.9855
10,56,0.2187500000,-0.0312500000,3.289624984269e-07,0.000000000000e+00,20000,22044,0.000000000000e+00,3.289624984269e-07,0.000000000000e+00,3.289624984269e-07,11.0985
10,57,0.2226562500,-0.0273437500,2.398379939099e-07,0.000000000000e+00,20000,22044,0.000000000000e+00,2.398379939099e-07,0.000000000000e+00,2.398379939099e-07,10.9613
10,58,0.2265625000,-0.0234375000,1.109121502727e-07,0.000000000000e+00,20000,22044,0.000000000000e+00,1.109121502727e-07,0.000000000000e+00,1.109121502727e-07,10.6263
10,59,0.2304687500,-0.0195312500,5.948582760611e-04,5.000000000000e-04,20000,22044,5.948218216098e-04,3.645445129516e-08,5.948218216098e-04,3.645445129516e-08,14.3558
10,60,0.2343750000,-0.0156250000,6.548040442125e-03,5.900000000000e-03,20000,22044,6.398083459333e-03,1.499569827921e-04,6.548038540411e-03,1.901713951159e-09,15.3975
10,61,0.2382812500,-0.0117187500,3.047463342626e-02,3.155000000000e-02,20000,22044,3.047087247507e-02,3.760951181015e-06,3.047462135210e-02,1.207415406149e-08,16.0653
10,62,0.2421875000,-0.0078125000,9.218591925090e-02,9.475000000000e-02,20000,22044,8.461333183161e-02,7.572587419287e-03,9.218591884127e-02,4.096307494344e-10,16.5460
10,63,0.2460937500,-0.0039062500,1.518935231003e-01,1.494500000000e-01,20000,22044,1.517144781817e-01,1.790449186390e-04,1.518935222324e-01,8.678971580888e-10,16.7629
10,64,0.2500000000,0.0000000000,2.158755494398e-01,2.155000000000e-01,20000,22044,1.835375150686e-01,3.233803437126e-02,2.158755494046e-01,3.526225420484e-11,16.9155
10,65,0.2539062500,0.0039062500,1.596560305790e-01,1.617500000000e-01,20000,22044,1.517144781817e-01,7.941552397355e-03,1.596560305790e-01,2.131273410168e-14,16.7845
10,66,0.2578125000,0.0078125000,1.145983516839e-01,1.139500000000e-01,20000,22044,8.461333183161e-02,2.998501985231e-02,1.145983516839e-01,0.000000000000e+00,16.6405
10,67,0.2617187500,0.0117187500,4.670886162372e-02,4.630000000000e-02,20000,22044,3.047087247507e-02,1.623798914865e-02,4.670886162372e-02,0.000000000000e+00,16.2507
10,68,0.2656250000,0.0156250000,1.910189014835e-02,1.885000000000e-02,20000,22044,6.398083459333e-03,1.270380668902e-02,1.910189014835e-02,0.000000000000e+00,15.8624
10,69,0.2695312500,0.0195312500,9.195396062871e-03,9.600000000000e-03,20000,22044,5.948218216098e-04,8.600574241261e-03,9.195396062871e-03,0.000000000000e+00,15.5449
10,70,0.2734375000,0.0234375000,1.312744727510e-02,1.275000000000e-02,20000,22044,0.000000000000e+00,1.312744727510e-02,1.312744727510e-02,0.000000000000e+00,15.6995
10,71,0.2773437500,0.0273437500,8.544475290944e-03,7.150000000000e-03,20000,22044,0.000000000000e+00,8.544475290944e-03,8.544475290944e-03,0.000000000000e+00,15.5130
10,72,0.2812500000,0.0312500000,3.321261248279e-03,4.100000000000e-03,20000,22044,0.000000000000e+00,3.321261248279e-03,3.321261248279e-03,0.000000000000e+00,15.1026
10,73,0.2851562500,0.0351562500,8.328502477074e-03,8.250000000000e-03,20000,22044,0.000000000000e+00,8.328502477074e-03,8.328502477074e-03,0.000000000000e+00,15.5019
10,74,0.2890625000,0.0390625000,5.552999276796e-03,6.350000000000e-03,20000,22044,0.000000000000e+00,5.552999276796e-03,5.552999276796e-03,0.000000000000e+00,15.3259
10,75,0.2929687500,0.0429687500,5.025630915916e-04,5.500000000000e-04,20000,22044,0.000000000000e+00,5.025630915916e-04,5.025630915916e-04,0.000000000000e+00,14.2825
10,76,0.2968750000,0.0468750000,5.816787481191e-03,5.350000000000e-03,20000,22044,0.000000000000e+00,5.816787481191e-03,5.816787481191e-03,0.000000000000e+00,15.3460
10,77,0.3007812500,0.0507812500,2.640252713016e-04,2.000000000000e-04,20000,22044,0.000000000000e+00,2.640252713016e-04,2.640252713016e-04,0.000000000000e+00,14.0030
10,78,0.3046875000,0.0546875000,5.471572984548e-03,5.650000000000e-03,20000,22044,0.000000000000e+00,5.471572984548e-03,5.471572984548e-03,0.000000000000e+00,15.3195
10,79,0.3085937500,0.0585937500,8.138595193968e-03,7.450000000000e-03,20000,22044,0.000000000000e+00,8.138595193968e-03,8.138595193968e-03,0.000000000000e+00,15.4919
10,80,0.3125000000,0.0625000000,3.123034605576e-04,3.500000000000e-04,20000,22044,0.000000000000e+00,3.123034605576e-04,3.123034605576e-04,0.000000000000e+00,14.0759
10,81,0.3164062500,0.0664062500,8.146369390242e-03,7.750000000000e-03,20000,22044,0.000000000000e+00,8.146369390242e-03,8.146369390242e-03,0.000000000000e+00,15.4923
10,82,0.3203125000,0.0703125000,5.417274484893e-03,5.600000000000e-03,20000,22044,0.000000000000e+00,5.417274484893e-03,5.417274484893e-03,0.000000000000e+00,15.3151
10,83,0.3242187500,0.0742187500,4.946174484324e-04,4.500000000000e-04,20000,22044,0.000000000000e+00,4.946174484324e-04,4.946174484324e-04,0.000000000000e+00,14.2756
10,84,0.3281250000,0.0781250000,3.343289677046e-03,2.750000000000e-03,20000,22044,0.000000000000e+00,3.343289677046e-03,3.343289677046e-03,0.000000000000e+00,15.1055
10,85,0.3320312500,0.0820312500,3.198058797026e-04,1.000000000000e-04,20000,22044,0.000000000000e+00,3.198058797026e-04,3.198058797026e-04,0.000000000000e+00,14.0862
10,86,0.3359375000,0.0859375000,5.863919075387e-04,6.500000000000e-04,20000,22044,0.000000000000e+00,5.863919075387e-04,5.863919075387e-04,0.000000000000e+00,14.3495
10,87,0.3398437500,0.0898437500,1.524088355498e-04,1.000000000000e-04,20000,22044,0.000000000000e+00,1.524088355498e-04,1.524088355498e-04,0.000000000000e+00,13.7644
10,88,0.3437500000,0.0937500000,3.672296527709e-04,0.000000000000e+00,20000,22044,0.000000000000e+00,3.672296527709e-04,3.672296527709e-04,0.000000000000e+00,14.1463
10,89,0.3476562500,0.0976562500,6.420899073667e-05,5.000000000000e-05,20000,22044,0.000000000000e+00,6.420899073667e-05,6.420899073667e-05,0.000000000000e+00,13.3889
10,90,0.3515625000,0.1015625000,2.683218374708e-04,2.000000000000e-04,20000,22044,0.000000000000e+00,2.683218374708e-04,2.683218374708e-04,0.000000000000e+00,14.0100
10,91,0.3554687500,0.1054687500,6.385103839891e-04,6.500000000000e-04,20000,22044,0.000000000000e+00,6.385103839891e-04,6.385103839891e-04,0.000000000000e+00,14.3865
10,92,0.3593750000,0.1093750000,2.052674668268e-03,1.900000000000e-03,20000,22044,0.000000000000e+00,2.052674668268e-03,2.052674668268e-03,0.000000000000e+00,14.8937
10,93,0.3632812500,0.1132812500,1.156094556572e-04,5.000000000000e-05,20000,22044,0.000000000000e+00,1.156094556572e-04,1.156094556572e-04,0.000000000000e+00,13.6443
10,94,0.3671875000,0.1171875000,5.217499160349e-03,4.750000000000e-03,20000,22044,0.000000000000e+00,5.217499160349e-03,5.217499160349e-03,0.000000000000e+00,15.2988
10,95,0.3710937500,0.1210937500,7.912964367389e-03,8.000000000000e-03,20000,22044,0.000000000000e+00,7.912964367389e-03,7.912964367389e-03,0.000000000000e+00,15.4797
10,96,0.3750000000,0.1250000000,3.699135035428e-04,3.000000000000e-04,20000,22044,0.000000000000e+00,3.699135035428e-04,3.699135035428e-04,0.000000000000e+00,14.1494
10,97,0.3789062500,0.1289062500,8.013042406250e-03,8.350000000000e-03,20000,22044,0.000000000000e+00,8.013042406250e-03,8.013042406250e-03,0.000000000000e+00,15.4851
10,98,0.3828125000,0.1328125000,5.420836974356e-03,6.250000000000e-03,20000,22044,0.000000000000e+00,5.420836974356e-03,5.420836974356e-03,0.000000000000e+00,15.3154
10,99,0.3867187500,0.1367187500,5.212345887742e-04,4.500000000000e-04,20000,22044,0.000000000000e+00,5.212345887742e-04,5.212345887742e-04,0.000000000000e+00,14.2984
10,100,0.3906250000,0.1406250000,2.944874584496e-03,2.400000000000e-03,20000,22044,0.000000000000e+00,2.944874584496e-03,2.944874584496e-03,0.000000000000e+00,15.0504
10,101,0.3945312500,0.1445312500,5.551505018896e-04,8.500000000000e-04,20000,22044,0.000000000000e+00,5.551505018896e-04,5.551505018896e-04,0.000000000000e+00,14.3258
10,102,0.3984375000,0.1484375000,6.336087015902e-04,9.500000000000e-04,20000,22044,0.000000000000e+00,6.336087015902e-04,6.336087015902e-04,0.000000000000e+00,14.3832
10,103,0.4023437500,0.1523437500,1.072616715549e-04,5.000000000000e-05,20000,22044,0.000000000000e+00,1.072616715549e-04,1.072616715549e-04,0.000000000000e+00,13.6118
10,104,0.4062500000,0.1562500000,4.485960827062e-04,6.500000000000e-04,20000,22044,0.000000000000e+00,4.485960827062e-04,4.485960827062e-04,0.000000000000e+00,14.2332
10,105,0.4101562500,0.1601562500,6.167311664873e-05,0.000000000000e+00,20000,22044,0.000000000000e+00,6.167311664873e-05,6.167311664873e-05,0.000000000000e+00,13.3714
10,106,0.4140625000,0.1640625000,2.600464490178e-04,2.500000000000e-04,20000,22044,0.000000000000e+00,2.600464490178e-04,2.600464490178e-04,0.000000000000e+00,13.9964
10,107,0.4179687500,0.1679687500,5.890528840830e-05,0.000000000000e+00,20000,22044,0.000000000000e+00,5.890528840830e-05,5.890528840830e-05,0.000000000000e+00,13.3515
10,108,0.4218750000,0.1718750000,2.468543673622e-04,3.500000000000e-04,20000,22044,0.000000000000e+00,2.468543673622e-04,2.468543673622e-04,0.000000000000e+00,13.9738
10,109,0.4257812500,0.1757812500,5.009174278422e-05,1.000000000000e-04,20000,22044,0.000000000000e+00,5.009174278422e-05,5.009174278422e-05,0.000000000000e+00,13.2811
10,110,0.4296875000,0.1796875000,2.522383973375e-04,1.500000000000e-04,20000,22044,0.000000000000e+00,2.522383973375e-04,2.522383973375e-04,0.000000000000e+00,13.9832
10,111,0.4335937500,0.1835937500,2.002668764886e-05,0.000000000000e+00,20000,22044,0.000000000000e+00,2.002668764886e-05,2.002668764886e-05,0.000000000000e+00,12.8830
10,112,0.4375000000,0.1875000000,3.182741485282e-04,1.500000000000e-04,20000,22044,0.000000000000e+00,3.182741485282e-04,3.182741485282e-04,0.000000000000e+00,14.0841
10,113,0.4414062500,0.1914062500,1.807460409304e-05,0.000000000000e+00,20000,22044,0.000000000000e+00,1.807460409304e-05,1.807460409304e-05,0.000000000000e+00,12.8384
10,114,0.4453125000,0.1953125000,2.566893348314e-04,1.500000000000e-04,20000,22044,0.000000000000e+00,2.566893348314e-04,2.566893348314e-04,0.000000000000e+00,13.9908
10,115,0.4492187500,0.1992187500,2.203904085671e-05,0.000000000000e+00,20000,22044,0.000000000000e+00,2.203904085671e-05,2.203904085671e-05,0.000000000000e+00,12.9245
10,116,0.4531250000,0.2031250000,1.273468044804e-04,1.500000000000e-04,20000,22044,0.000000000000e+00,1.273468044804e-04,1.273468044804e-04,0.000000000000e+00,13.6863
10,117,0.4570312500,0.2070312500,5.381132212804e-05,1.500000000000e-04,20000,22044,0.000000000000e+00,5.381132212804e-05,5.381132212804e-05,0.000000000000e+00,13.3122
10,118,0.4609375000,0.2109375000,4.154139491765e-06,0.000000000000e+00,20000,22044,0.000000000000e+00,4.154139491765e-06,4.154139491765e-06,0.000000000000e+00,12.1998
10,119,0.4648437500,0.2148437500,2.236858415379e-05,0.000000000000e+00,20000,22044,0.000000000000e+00,2.236858415379e-05,2.236858415379e-05,0.000000000000e+00,12.9310
10,120,0.4687500000,0.2187500000,5.668269225027e-07,0.000000000000e+00,20000,22044,0.000000000000e+00,5.668269225027e-07,5.668269225027e-07,0.000000000000e+00,11.3348
10,121,0.4726562500,0.2226562500,1.244694063497e-05,5.000000000000e-05,20000,22044,0.000000000000e+00,1.244694063497e-05,1.244694063497e-05,0.000000000000e+00,12.6764
10,122,0.4765625000,0.2265625000,6.508697678896e-07,0.000000000000e+00,20000,22044,0.000000000000e+00,6.508697678896e-07,6.508697678896e-07,0.000000000000e+00,11.3948
10,123,0.4804687500,0.2304687500,6.381270248342e-06,5.000000000000e-05,20000,22044,0.000000000000e+00,6.381270248342e-06,6.381270248342e-06,0.000000000000e+00,12.3863
10,124,0.4843750000,0.2343750000,5.779691133273e-07,0.000000000000e+00,20000,22044,0.000000000000e+00,5.779691133273e-07,5.779691133273e-07,0.000000000000e+00,11.3432
10,125,0.4882812500,0.2382812500,2.009027190526e-06,0.000000000000e+00,20000,22044,0.000000000000e+00,2.009027190526e-06,2.009027190526e-06,0.000000000000e+00,11.8843
10,126,0.4921875000,0.2421875000,3.381618204109e-07,0.000000000000e+00,20000,22044,0.000000000000e+00,3.381618204109e-07,3.381618204109e-07,0.000000000000e+00,11.1105
10,127,0.4960937500,0.2460937500,2.846211206883e-07,0.000000000000e+00,20000,22044,0.000000000000e+00,2.846211206883e-07,2.846211206883e-07,0.000000000000e+00,11.0356
10,128,0.5000000000,0.2500000000,1.117099178792e-07,0.000000000000e+00,20000,22044,0.000000000000e+00,1.117099178792e-07,1.117099178792e-07,0.000000000000e+00,10.6294
10,129,0.5039062500,0.2539062500,3.812421876109e-09,0.000000000000e+00,20000,22044,0.000000000000e+00,3.812421876109e-09,3.812421876109e-09,0.000000000000e+00,9.1625
10,130,0.5078125000,0.2578125000,1.563688660123e-08,0.000000000000e+00,20000,22044,0.000000000000e+00,1.563688660123e-08,1.563688660123e-08,0.000000000000e+00,9.7755
10,131,0.5117187500,0.2617187500,7.505705568590e-10,0.000000000000e+00,20000,22044,0.000000000000e+00,7.505705568590e-10,7.505705568590e-10,0.000000000000e+00,8.4567
11,0,0.0000000000,-0.2500000000,3.166270707354e-02,3.240000000000e-02,20000,22044,0.000000000000e+00,3.166270707354e-02,0.000000000000e+00,3.166270707354e-02,17.4453
11,1,0.0039062500,-0.2460937500,3.221525800514e-03,3.500000000000e-03,20000,22044,0.000000000000e+00,3.221525800514e-03,0.000000000000e+00,3.221525800514e-03,16.4528
11,2,0.0078125000,-0.2421875000,6.331860090375e-05,5.000000000000e-05,20000,22044,0.000000000000e+00,6.331860090375e-05,0.000000000000e+00,6.331860090375e-05,14.7463
11,3,0.0117187500,-0.2382812500,1.308485305963e-03,1.200000000000e-03,20000,22044,0.000000000000e+00,1.308485305963e-03,0.000000000000e+00,1.308485305963e-03,16.0616
11,4,0.0156250000,-0.2343750000,6.719345568379e-05,2.000000000000e-04,20000,22044,0.000000000000e+00,6.719345568379e-05,0.000000000000e+00,6.719345568379e-05,14.7721
11,5,0.0195312500,-0.2304687500,6.850854956092e-04,6.000000000000e-04,20000,22044,0.000000000000e+00,6.850854956092e-04,0.000000000000e+00,6.850854956092e-04,15.7805
11,6,0.0234375000,-0.2265625000,4.801486307060e-05,1.000000000000e-04,20000,22044,0.000000000000e+00,4.801486307060e-05,0.000000000000e+00,4.801486307060e-05,14.6262
11,7,0.0273437500,-0.2226562500,6.585054722120e-04,6.000000000000e-04,20000,22044,0.000000000000e+00,6.585054722120e-04,0.000000000000e+00,6.585054722120e-04,15.7633
11,8,0.0312500000,-0.2187500000,3.510458760305e-05,0.000000000000e+00,20000,22044,0.000000000000e+00,3.510458760305e-05,0.000000000000e+00,3.510458760305e-05,14.4901
11,9,0.0351562500,-0.2148437500,6.843524904938e-04,7.000000000000e-04,20000,22044,0.000000000000e+00,6.843524904938e-04,0.000000000000e+00,6.843524904938e-04,15.7801
11,10,0.0390625000,-0.2109375000,4.801486307060e-05,0.000000000000e+00,20000,22044,0.000000000000e+00,4.801486307060e-05,0.000000000000e+00,4.801486307060e-05,14.6262
11,11,0.0429687500,-0.2070312500,3.435834881434e-05,5.000000000000e-05,20000,22044,0.000000000000e+00,3.435834881434e-05,0.000000000000e+00,3.435834881434e-05,14.4808
11,12,0.0468750000,-0.2031250000,1.592599498987e-05,0.000000000000e+00,20000,22044,0.000000000000e+00,1.592599498987e-05,0.000000000000e+00,1.592599498987e-05,14.1469
11,13,0.0507812500,-0.1992187500,1.757429282195e-05,0.000000000000e+00,20000,22044,0.000000000000e+00,1.757429282195e-05,0.000000000000e+00,1.757429282195e-05,14.1897
11,14,0.0546875000,-0.1953125000,1.536475618259e-06,0.000000000000e+00,20000,22044,0.000000000000e+00,1.536475618259e-06,0.000000000000e+00,1.536475618259e-06,13.1313
11,15,0.0585937500,-0.1914062500,6.417340758314e-04,5.500000000000e-04,20000,22044,0.000000000000e+00,6.417340758314e-04,0.000000000000e+00,6.417340758314e-04,15.7521
11,16,0.0625000000,-0.1875000000,3.378769664110e-05,0.000000000000e+00,20000,22044,0.000000000000e+00,3.378769664110e-05,0.000000000000e+00,3.378769664110e-05,14.4735
11,17,0.0664062500,-0.1835937500,6.841763298167e-04,6.000000000000e-04,20000,22044,0.000000000000e+00,6.841763298167e-04,0.000000000000e+00,6.841763298167e-04,15.7800
11,18,0.0703125000,-0.1796875000,4.817721601271e-05,0.000000000000e+00,20000,22044,0.000000000000e+00,4.817721601271e-05,0.000000000000e+00,4.817721601271e-05,14.6276
11,19,0.0742187500,-0.1757812500,3.403364293012e-05,5.000000000000e-05,20000,22044,0.000000000000e+00,3.403364293012e-05,0.000000000000e+00,3.403364293012e-05,14.4767
11,20,0.0781250000,-0.1718750000,1.608834793198e-05,5.000000000000e-05,20000,22044,0.000000000000e+00,1.608834793198e-05,0.000000000000e+00,1.608834793198e-05,14.1513
11,21,0.0820312500,-0.1679687500,1.741193987983e-05,0.000000000000e+00,20000,22044,0.000000000000e+00,1.741193987983e-05,0.000000000000e+00,1.741193987983e-05,14.1856
11,22,0.0859375000,-0.1640625000,1.861181502484e-06,0.000000000000e+00,20000,22044,0.000000000000e+00,1.861181502484e-06,0.000000000000e+00,1.861181502484e-06,13.2146
11,23,0.0898437500,-0.1601562500,1.742459949160e-05,5.000000000000e-05,20000,22044,0.000000000000e+00,1.742459949160e-05,0.000000000000e+00,1.742459949160e-05,14.1859
11,24,0.0937500000,-0.1562500000,1.444675108581e-05,0.000000000000e+00,20000,22044,0.000000000000e+00,1.444675108581e-05,0.000000000000e+00,1.444675108581e-05,14.1046
11,25,0.0976562500,-0.1523437500,1.739813214487e-05,0.000000000000e+00,20000,22044,0.000000000000e+00,1.739813214487e-05,0.000000000000e+00,1.739813214487e-05,14.1853
11,26,0.1015625000,-0.1484375000,1.698828560371e-06,0.000000000000e+00,20000,22044,0.000000000000e+00,1.698828560371e-06,0.000000000000e+00,1.698828560371e-06,13.1749
11,27,0.1054687500,-0.1445312500,1.535901556662e-06,0.000000000000e+00,20000,22044,0.000000000000e+00,1.535901556662e-06,0.000000000000e+00,1.535901556662e-06,13.1311
11,28,0.1093750000,-0.1406250000,5.723171419627e-08,0.000000000000e+00,20000,22044,0.000000000000e+00,5.723171419627e-08,0.000000000000e+00,5.723171419627e-08,11.7024
11,29,0.1132812500,-0.1367187500,2.953794601181e-06,0.000000000000e+00,20000,22044,0.000000000000e+00,2.953794601181e-06,0.000000000000e+00,2.953794601181e-06,13.4152
11,30,0.1171875000,-0.1328125000,4.284991764070e-08,0.000000000000e+00,20000,22044,0.000000000000e+00,4.284991764070e-08,0.000000000000e+00,4.284991764070e-08,11.5767
11,31,0.1210937500,-0.1289062500,6.392826545457e-04,8.000000000000e-04,20000,22044,0.000000000000e+00,6.392826545457e-04,0.000000000000e+00,6.392826545457e-04,15.7505
11,32,0.1250000000,-0.1250000000,3.974251194069e-05,0.000000000000e+00,20000,22044,0.000000000000e+00,3.974251194069e-05,0.000000000000e+00,3.974251194069e-05,14.5440
11,33,0.1289062500,-0.1210937500,6.758831366884e-04,6.500000000000e-04,20000,22044,0.000000000000e+00,6.758831366884e-04,0.000000000000e+00,6.758831366884e-04,15.7747
11,34,0.1328125000,-0.1171875000,5.389539681809e-05,1.500000000000e-04,20000,22044,0.000000000000e+00,5.389539681809e-05,0.000000000000e+00,5.389539681809e-05,14.6763
11,35,0.1367187500,-0.1132812500,2.393790095285e-05,1.500000000000e-04,20000,22044,0.000000000000e+00,2.393790095285e-05,0.000000000000e+00,2.393790095285e-05,14.3239
11,36,0.1406250000,-0.1093750000,2.204166665243e-05,0.000000000000e+00,20000,22044,0.000000000000e+00,2.204166665243e-05,0.000000000000e+00,2.204166665243e-05,14.2880
11,37,0.1445312500,-0.1054687500,1.144629960860e-05,0.000000000000e+00,20000,22044,0.000000000000e+00,1.144629960860e-05,0.000000000000e+00,1.144629960860e-05,14.0035
11,38,0.1484375000,-0.1015625000,1.411273652719e-05,0.000000000000e+00,20000,22044,0.000000000000e+00,1.411273652719e-05,0.000000000000e+00,1.411273652719e-05,14.0944
11,39,0.1523437500,-0.0976562500,1.147125072774e-05,5.000000000000e-05,20000,22044,0.000000000000e+00,1.147125072774e-05,0.000000000000e+00,1.147125072774e-05,14.0044
11,40,0.1562500000,-0.0937500000,1.444675108581e-05,0.000000000000e+00,20000,22044,0.000000000000e+00,1.444675108581e-05,0.000000000000e+00,1.444675108581e-05,14.1046
11,41,0.1601562500,-0.0898437500,1.094200434390e-05,0.000000000000e+00,20000,22044,0.000000000000e+00,1.094200434390e-05,0.000000000000e+00,1.094200434390e-05,13.9839
11,42,0.1640625000,-0.0859375000,7.817958969739e-06,0.000000000000e+00,20000,22044,0.000000000000e+00,7.817958969739e-06,0.000000000000e+00,7.817958969739e-06,13.8379
11,43,0.1679687500,-0.0820312500,1.702685900765e-06,0.000000000000e+00,20000,22044,0.000000000000e+00,1.702685900765e-06,0.000000000000e+00,1.702685900765e-06,13.1759
11,44,0.1718750000,-0.0781250000,1.379068359593e-07,0.000000000000e+00,20000,22044,0.000000000000e+00,1.379068359593e-07,0.000000000000e+00,1.379068359593e-07,12.0844
11,45,0.1757812500,-0.0742187500,8.663351247107e-07,0.000000000000e+00,20000,22044,0.000000000000e+00,8.663351247107e-07,0.000000000000e+00,8.663351247107e-07,12.8825
11,46,0.1796875000,-0.0703125000,6.503380288634e-06,0.000000000000e+00,20000,22044,0.000000000000e+00,6.503380288634e-06,0.000000000000e+00,6.503380288634e-06,13.7579
11,47,0.1835937500,-0.0664062500,1.054466113758e-05,0.000000000000e+00,20000,22044,0.000000000000e+00,1.054466113758e-05,0.000000000000e+00,1.054466113758e-05,13.9678
11,48,0.1875000000,-0.0625000000,1.424951591683e-05,0.000000000000e+00,20000,22044,0.000000000000e+00,1.424951591683e-05,0.000000000000e+00,1.424951591683e-05,14.0986
11,49,0.1914062500,-0.0585937500,1.102104258475e-05,0.000000000000e+00,20000,22044,0.000000000000e+00,1.102104258475e-05,0.000000000000e+00,1.102104258475e-05,13.9870
11,50,0.1953125000,-0.0546875000,7.729563904749e-06,5.000000000000e-05,20000,22044,0.000000000000e+00,7.729563904749e-06,0.000000000000e+00,7.729563904749e-06,13.8329
11,51,0.1992187500,-0.0507812500,1.702100054400e-06,0.000000000000e+00,20000,22044,0.000000000000e+00,1.702100054400e-06,0.000000000000e+00,1.702100054400e-06,13.1758
11,52,0.2031250000,-0.0468750000,4.775302044654e-08,0.000000000000e+00,20000,22044,0.000000000000e+00,4.775302044654e-08,0.000000000000e+00,4.775302044654e-08,11.6238
11,53,0.2070312500,-0.0429687500,8.818262545512e-07,0.000000000000e+00,20000,22044,0.000000000000e+00,8.818262545512e-07,0.000000000000e+00,8.818262545512e-07,12.8902
11,54,0.2109375000,-0.0390625000,3.633171054625e-08,0.000000000000e+00,20000,22044,0.000000000000e+00,3.633171054625e-08,0.000000000000e+00,3.633171054625e-08,11.5051
11,55,0.2148437500,-0.0351562500,7.736928383288e-07,0.000000000000e+00,20000,22044,0.000000000000e+00,7.736928383288e-07,0.000000000000e+00,7.736928383288e-07,12.8334
11,56,0.2187500000,-0.0312500000,2.962374636281e-08,0.000000000000e+00,20000,22044,0.000000000000e+00,2.962374636281e-08,0.000000000000e+00,2.962374636281e-08,11.4164
11,57,0.2226562500,-0.0273437500,6.957958397629e-07,0.000000000000e+00,20000,22044,0.000000000000e+00,6.957958397629e-07,0.000000000000e+00,6.957958397629e-07,12.7873
11,58,0.2265625000,-0.0234375000,3.783509214016e-08,0.000000000000e+00,20000,22044,0.000000000000e+00,3.783509214016e-08,0.000000000000e+00,3.783509214016e-08,11.5227
11,59,0.2304687500,-0.0195312500,3.573732023252e-03,4.050000000000e-03,20000,22044,3.573614566050e-03,1.174572023080e-07,3.573614566050e-03,1.174572023080e-07,16.4979
11,60,0.2343750000,-0.0156250000,7.946490666298e-05,5.000000000000e-05,20000,22044,0.000000000000e+00,7.946490666298e-05,7.944470634020e-05,2.020032278378e-08,14.8450
11,61,0.2382812500,-0.0117187500,7.385371492995e-02,7.630000000000e-02,20000,22044,7.301812747964e-02,8.355874503171e-04,7.385370395504e-02,1.097491338395e-08,17.8132
11,62,0.2421875000,-0.0078125000,4.092606774409e-03,3.850000000000e-03,20000,22044,0.000000000000e+00,4.092606774409e-03,4.092601909828e-03,4.864580332630e-09,16.5568
11,63,0.2460937500,-0.0039062500,2.889455930297e-01,2.866500000000e-01,20000,22044,2.774548915948e-01,1.149070143490e-02,2.889455919235e-01,1.106163036795e-09,18.4056
11,64,0.2500000000,0.0000000000,2.124432957992e-02,2.170000000000e-02,20000,22044,0.000000000000e+00,2.124432957992e-02,2.124432950870e-02,7.122224872631e-11,17.2720
11,65,0.2539062500,0.0039062500,2.979784254830e-01,2.966000000000e-01,20000,22044,2.774548915948e-01,2.052353388815e-02,2.979784254503e-01,3.262316714592e-11,18.4190
11,66,0.2578125000,0.0078125000,2.844615979132e-02,2.885000000000e-02,20000,22044,0.000000000000e+00,2.844615979132e-02,2.844615979132e-02,0.000000000000e+00,17.3988
11,67,0.2617187500,0.0117187500,8.158725988610e-02,8.255000000000e-02,20000,22044,7.301812747964e-02,8.569132406461e-03,8.158725988610e-02,0.000000000000e+00,17.8564
11,68,0.2656250000,0.0156250000,2.000530912595e-02,1.925000000000e-02,20000,22044,0.000000000000e+00,2.000530912595e-02,2.000530912595e-02,0.000000000000e+00,17.2459
11,69,0.2695312500,0.0195312500,1.254225390784e-02,1.245000000000e-02,20000,22044,3.573614566050e-03,8.968639341788e-03,1.254225390784e-02,0.000000000000e+00,17.0432
11,70,0.2734375000,0.0234375000,1.528806980351e-02,1.450000000000e-02,20000,22044,0.000000000000e+00,1.528806980351e-02,1.528806980351e-02,0.000000000000e+00,17.1291
11,71,0.2773437500,0.0273437500,5.360182856778e-03,5.150000000000e-03,20000,22044,0.000000000000e+00,5.360182856778e-03,5.360182856778e-03,0.000000000000e+00,16.6740
11,72,0.2812500000,0.0312500000,1.049568590301e-02,1.080000000000e-02,20000,22044,0.000000000000e+00,1.049568590301e-02,1.049568590301e-02,0.000000000000e+00,16.9658
11,73,0.2851562500,0.0351562500,8.674868532643e-04,6.500000000000e-04,20000,22044,0.000000000000e+00,8.674868532643e-04,8.674868532643e-04,0.000000000000e+00,15.8830
11,74,0.2890625000,0.0390625000,7.617389050649e-03,7.050000000000e-03,20000,22044,0.000000000000e+00,7.617389050649e-03,7.617389050649e-03,0.000000000000e+00,16.8266
11,75,0.2929687500,0.0429687500,5.068636928146e-03,5.300000000000e-03,20000,22044,0.000000000000e+00,5.068636928146e-03,5.068636928146e-03,0.000000000000e+00,16.6497
11,76,0.2968750000,0.0468750000,2.872957747557e-03,2.550000000000e-03,20000,22044,0.000000000000e+00,2.872957747557e-03,2.872957747557e-03,0.000000000000e+00,16.4031
11,77,0.3007812500,0.0507812500,4.770008436549e-03,4.550000000000e-03,20000,22044,0.000000000000e+00,4.770008436549e-03,4.770008436549e-03,0.000000000000e+00,16.6233
11,78,0.3046875000,0.0546875000,7.028360875984e-03,7.250000000000e-03,20000,22044,0.000000000000e+00,7.028360875984e-03,7.028360875984e-03,0.000000000000e+00,16.7916
11,79,0.3085937500,0.0585937500,4.775358986998e-04,5.000000000000e-04,20000,22044,0.000000000000e+00,4.775358986998e-04,4.775358986998e-04,0.000000000000e+00,15.6238
11,80,0.3125000000,0.0625000000,9.039446162244e-03,1.120000000000e-02,20000,22044,0.000000000000e+00,9.039446162244e-03,9.039446162244e-03,0.000000000000e+00,16.9009
11,81,0.3164062500,0.0664062500,3.541808463316e-04,3.500000000000e-04,20000,22044,0.000000000000e+00,3.541808463316e-04,3.541808463316e-04,0.000000000000e+00,15.4940
11,82,0.3203125000,0.0703125000,7.450184744590e-03,7.450000000000e-03,20000,22044,0.000000000000e+00,7.450184744590e-03,7.450184744590e-03,0.000000000000e+00,16.8170
11,83,0.3242187500,0.0742187500,4.799250515768e-03,4.000000000000e-03,20000,22044,0.000000000000e+00,4.799250515768e-03,4.799250515768e-03,0.000000000000e+00,16.6260
11,84,0.3281250000,0.0781250000,1.638021262839e-03,1.700000000000e-03,20000,22044,0.000000000000e+00,1.638021262839e-03,1.638021262839e-03,0.000000000000e+00,16.1591
11,85,0.3320312500,0.0820312500,8.690840776553e-04,1.200000000000e-03,20000,22044,0.000000000000e+00,8.690840776553e-04,8.690840776553e-04,0.000000000000e+00,15.8838
11,86,0.3359375000,0.0859375000,5.705456041016e-04,3.500000000000e-04,20000,22044,0.000000000000e+00,5.705456041016e-04,5.705456041016e-04,0.000000000000e+00,15.7011
11,87,0.3398437500,0.0898437500,3.951254517200e-04,5.000000000000e-04,20000,22044,0.000000000000e+00,3.951254517200e-04,3.951254517200e-04,0.000000000000e+00,15.5415
11,88,0.3437500000,0.0937500000,1.463342944054e-04,2.500000000000e-04,20000,22044,0.000000000000e+00,1.463342944054e-04,1.463342944054e-04,0.000000000000e+00,15.1101
11,89,0.3476562500,0.0976562500,3.839537665104e-04,4.000000000000e-04,20000,22044,0.000000000000e+00,3.839537665104e-04,3.839537665104e-04,0.000000000000e+00,15.5291
11,90,0.3515625000,0.1015625000,5.193851070396e-04,3.000000000000e-04,20000,22044,0.000000000000e+00,5.193851070396e-04,5.193851070396e-04,0.000000000000e+00,15.6603
11,91,0.3554687500,0.1054687500,2.424322103688e-05,0.000000000000e+00,20000,22044,0.000000000000e+00,2.424322103688e-05,2.424322103688e-05,0.000000000000e+00,14.3294
11,92,0.3593750000,0.1093750000,1.507233590767e-03,1.800000000000e-03,20000,22044,0.000000000000e+00,1.507233590767e-03,1.507233590767e-03,0.000000000000e+00,16.1230
11,93,0.3632812500,0.1132812500,3.956927313943e-03,3.700000000000e-03,20000,22044,0.000000000000e+00,3.956927313943e-03,3.956927313943e-03,0.000000000000e+00,16.5421
11,94,0.3671875000,0.1171875000,6.611741772642e-03,6.400000000000e-03,20000,22044,0.000000000000e+00,6.611741772642e-03,6.611741772642e-03,0.000000000000e+00,16.7651
11,95,0.3710937500,0.1210937500,7.368459715879e-04,9.000000000000e-04,20000,22044,0.000000000000e+00,7.368459715879e-04,7.368459715879e-04,0.000000000000e+00,15.8122
11,96,0.3750000000,0.1250000000,8.606473014762e-03,8.300000000000e-03,20000,22044,0.000000000000e+00,8.606473014762e-03,8.606473014762e-03,0.000000000000e+00,16.8796
11,97,0.3789062500,0.1289062500,5.631770882955e-04,7.000000000000e-04,20000,22044,0.000000000000e+00,5.631770882955e-04,5.631770882955e-04,0.000000000000e+00,15.6954
11,98,0.3828125000,0.1328125000,7.250782229113e-03,6.800000000000e-03,20000,22044,0.000000000000e+00,7.250782229113e-03,7.250782229113e-03,0.000000000000e+00,16.8052
11,99,0.3867187500,0.1367187500,4.860301399140e-03,4.650000000000e-03,20000,22044,0.000000000000e+00,4.860301399140e-03,4.860301399140e-03,0.000000000000e+00,16.6314
11,100,0.3906250000,0.1406250000,1.343367826615e-03,1.200000000000e-03,20000,22044,0.000000000000e+00,1.343367826615e-03,1.343367826615e-03,0.000000000000e+00,16.0730
11,101,0.3945312500,0.1445312500,9.793369727343e-04,1.150000000000e-03,20000,22044,0.000000000000e+00,9.793369727343e-04,9.793369727343e-04,0.000000000000e+00,15.9357
11,102,0.3984375000,0.1484375000,3.389427498331e-04,2.000000000000e-04,20000,22044,0.000000000000e+00,3.389427498331e-04,3.389427498331e-04,0.000000000000e+00,15.4749
11,103,0.4023437500,0.1523437500,6.713338803153e-04,8.500000000000e-04,20000,22044,0.000000000000e+00,6.713338803153e-04,6.713338803153e-04,0.000000000000e+00,15.7717
11,104,0.4062500000,0.1562500000,8.296468852506e-05,1.500000000000e-04,20000,22044,0.000000000000e+00,8.296468852506e-05,8.296468852506e-05,0.000000000000e+00,14.8637
11,105,0.4101562500,0.1601562500,4.444245704208e-04,4.500000000000e-04,20000,22044,0.000000000000e+00,4.444245704208e-04,4.444245704208e-04,0.000000000000e+00,15.5926
11,106,0.4140625000,0.1640625000,7.731168608874e-05,5.000000000000e-05,20000,22044,0.000000000000e+00,7.731168608874e-05,7.731168608874e-05,0.000000000000e+00,14.8330
11,107,0.4179687500,0.1679687500,3.201377681345e-04,4.000000000000e-04,20000,22044,0.000000000000e+00,3.201377681345e-04,3.201377681345e-04,0.000000000000e+00,15.4501
11,108,0.4218750000,0.1718750000,3.182426188144e-05,0.000000000000e+00,20000,22044,0.000000000000e+00,3.182426188144e-05,3.182426188144e-05,0.000000000000e+00,14.4475
11,109,0.4257812500,0.1757812500,3.184612502665e-04,2.500000000000e-04,20000,22044,0.000000000000e+00,3.184612502665e-04,3.184612502665e-04,0.000000000000e+00,15.4478
11,110,0.4296875000,0.1796875000,4.668938591650e-05,0.000000000000e+00,20000,22044,0.000000000000e+00,4.668938591650e-05,4.668938591650e-05,0.000000000000e+00,14.6140
11,111,0.4335937500,0.1835937500,3.431632779697e-04,2.500000000000e-04,20000,22044,0.000000000000e+00,3.431632779697e-04,3.431632779697e-04,0.000000000000e+00,15.4803
11,112,0.4375000000,0.1875000000,2.424075990066e-05,5.000000000000e-05,20000,22044,0.000000000000e+00,2.424075990066e-05,2.424075990066e-05,0.000000000000e+00,14.3293
11,113,0.4414062500,0.1914062500,3.486662628529e-04,6.000000000000e-04,20000,22044,0.000000000000e+00,3.486662628529e-04,3.486662628529e-04,0.000000000000e+00,15.4872
11,114,0.4453125000,0.1953125000,2.606573176596e-05,5.000000000000e-05,20000,22044,0.000000000000e+00,2.606573176596e-05,2.606573176596e-05,0.000000000000e+00,14.3609
11,115,0.4492187500,0.1992187500,2.317094965821e-04,1.500000000000e-04,20000,22044,0.000000000000e+00,2.317094965821e-04,2.317094965821e-04,0.000000000000e+00,15.3097
11,116,0.4531250000,0.2031250000,3.003309688646e-05,1.000000000000e-04,20000,22044,0.000000000000e+00,3.003309688646e-05,3.003309688646e-05,0.000000000000e+00,14.4224
11,117,0.4570312500,0.2070312500,9.802691959513e-05,0.000000000000e+00,20000,22044,0.000000000000e+00,9.802691959513e-05,9.802691959513e-05,0.000000000000e+00,14.9361
11,118,0.4609375000,0.2109375000,5.087804793816e-05,0.000000000000e+00,20000,22044,0.000000000000e+00,5.087804793816e-05,5.087804793816e-05,0.000000000000e+00,14.6513
11,119,0.4648437500,0.2148437500,8.511482237867e-07,0.000000000000e+00,20000,22044,0.000000000000e+00,8.511482237867e-07,8.511482237867e-07,0.000000000000e+00,12.8748
11,120,0.4687500000,0.2187500000,2.330088146526e-05,0.000000000000e+00,20000,22044,0.000000000000e+00,2.330088146526e-05,2.330088146526e-05,0.000000000000e+00,14.3122
11,121,0.4726562500,0.2226562500,9.495150944588e-07,0.000000000000e+00,20000,22044,0.000000000000e+00,9.495150944588e-07,9.495150944588e-07,0.000000000000e+00,12.9223
11,122,0.4765625000,0.2265625000,1.282025316946e-05,0.000000000000e+00,20000,22044,0.000000000000e+00,1.282025316946e-05,1.282025316946e-05,0.000000000000e+00,14.0527
11,123,0.4804687500,0.2304687500,9.604151125456e-07,0.000000000000e+00,20000,22044,0.000000000000e+00,9.604151125456e-07,9.604151125456e-07,0.000000000000e+00,12.9272
11,124,0.4843750000,0.2343750000,5.698778893184e-06,0.000000000000e+00,20000,22044,0.000000000000e+00,5.698778893184e-06,5.698778893184e-06,0.000000000000e+00,13.7006
11,125,0.4882812500,0.2382812500,7.165314644620e-07,0.000000000000e+00,20000,22044,0.000000000000e+00,7.165314644620e-07,7.165314644620e-07,0.000000000000e+00,12.8000
11,126,0.4921875000,0.2421875000,1.549344235195e-06,0.000000000000e+00,20000,22044,0.000000000000e+00,1.549344235195e-06,1.549344235195e-06,0.000000000000e+00,13.1349
11,127,0.4960937500,0.2460937500,3.508809003235e-07,0.000000000000e+00,20000,22044,0.000000000000e+00,3.508809003235e-07,3.508809003235e-07,0.000000000000e+00,12.4899
11,128,0.5000000000,0.2500000000,1.949211496743e-07,0.000000000000e+00,20000,22044,0.000000000000e+00,1.949211496743e-07,1.949211496743e-07,0.000000000000e+00,12.2346
11,129,0.5039062500,0.2539062500,9.867596606625e-08,0.000000000000e+00,20000,22044,0.000000000000e+00,9.867596606625e-08,9.867596606625e-08,0.000000000000e+00,11.9390
11,130,0.5078125000,0.2578125000,4.160643086841e-09,0.000000000000e+00,20000,22044,0.000000000000e+00,4.160643086841e-09,4.160643086841e-09,0.000000000000e+00,10.5639
11,131,0.5117187500,0.2617187500,1.199590175707e-08,0.000000000000e+00,20000,22044,0.000000000000e+00,1.199590175707e-08,1.199590175707e-08,0.000000000000e+00,11.0238
11,132,0.5156250000,0.2656250000,6.771880024155e-10,0.000000000000e+00,20000,22044,0.000000000000e+00,6.771880024155e-10,6.771880024155e-10,0.000000000000e+00,9.7755
12,0,0.0000000000,-0.2500000000,3.358545141254e-02,3.460000000000e-02,20000,22044,0.000000000000e+00,3.358545141254e-02,0.000000000000e+00,3.358545141254e-02,18.7949
12,1,0.0039062500,-0.2460937500,3.596370386094e-03,3.250000000000e-03,20000,22044,0.000000000000e+00,3.596370386094e-03,0.000000000000e+00,3.596370386094e-03,17.8246
12,2,0.0078125000,-0.2421875000,4.682044991611e-04,4.000000000000e-04,20000,22044,0.000000000000e+00,4.682044991611e-04,0.000000000000e+00,4.682044991611e-04,16.9392
12,3,0.0117187500,-0.2382812500,1.125582468400e-03,1.150000000000e-03,20000,22044,0.000000000000e+00,1.125582468400e-03,0.000000000000e+00,1.125582468400e-03,17.3201
12,4,0.0156250000,-0.2343750000,4.992180484003e-04,3.500000000000e-04,20000,22044,0.000000000000e+00,4.992180484003e-04,0.000000000000e+00,4.992180484003e-04,16.9670
12,5,0.0195312500,-0.2304687500,5.943869511898e-04,5.500000000000e-04,20000,22044,0.000000000000e+00,5.943869511898e-04,0.000000000000e+00,5.943869511898e-04,17.0428
12,6,0.0234375000,-0.2265625000,6.300764640095e-05,0.000000000000e+00,20000,22044,0.000000000000e+00,6.300764640095e-05,0.000000000000e+00,6.300764640095e-05,16.0681
12,7,0.0273437500,-0.2226562500,5.948515820548e-04,7.000000000000e-04,20000,22044,0.000000000000e+00,5.948515820548e-04,0.000000000000e+00,5.948515820548e-04,17.0431
12,8,0.0312500000,-0.2187500000,4.393974433757e-04,5.000000000000e-04,20000,22044,0.000000000000e+00,4.393974433757e-04,0.000000000000e+00,4.393974433757e-04,16.9116
12,9,0.0351562500,-0.2148437500,5.936256365237e-04,8.000000000000e-04,20000,22044,0.000000000000e+00,5.936256365237e-04,0.000000000000e+00,5.936256365237e-04,17.0422
12,10,0.0390625000,-0.2109375000,6.300764640095e-05,0.000000000000e+00,20000,22044,0.000000000000e+00,6.300764640095e-05,0.000000000000e+00,6.300764640095e-05,16.0681
12,11,0.0429687500,-0.2070312500,6.285930450042e-05,0.000000000000e+00,20000,22044,0.000000000000e+00,6.285930450042e-05,0.000000000000e+00,6.285930450042e-05,16.0671
12,12,0.0468750000,-0.2031250000,3.187041376306e-06,0.000000000000e+00,20000,22044,0.000000000000e+00,3.187041376306e-06,0.000000000000e+00,3.187041376306e-06,14.7721
12,13,0.0507812500,-0.1992187500,3.249417370478e-05,0.000000000000e+00,20000,22044,0.000000000000e+00,3.249417370478e-05,0.000000000000e+00,3.249417370478e-05,15.7805
12,14,0.0546875000,-0.1953125000,2.277384809673e-06,0.000000000000e+00,20000,22044,0.000000000000e+00,2.277384809673e-06,0.000000000000e+00,2.277384809673e-06,14.6262
12,15,0.0585937500,-0.1914062500,5.632257386870e-04,2.500000000000e-04,20000,22044,0.000000000000e+00,5.632257386870e-04,0.000000000000e+00,5.632257386870e-04,17.0194
12,16,0.0625000000,-0.1875000000,4.379858160598e-04,4.500000000000e-04,20000,22044,0.000000000000e+00,4.379858160598e-04,0.000000000000e+00,4.379858160598e-04,16.9102
12,17,0.0664062500,-0.1835937500,5.934958962201e-04,6.500000000000e-04,20000,22044,0.000000000000e+00,5.934958962201e-04,0.000000000000e+00,5.934958962201e-04,17.0421
12,18,0.0703125000,-0.1796875000,6.309491912873e-05,0.000000000000e+00,20000,22044,0.000000000000e+00,6.309491912873e-05,0.000000000000e+00,6.309491912873e-05,16.0687
12,19,0.0742187500,-0.1757812500,6.266935797526e-05,1.000000000000e-04,20000,22044,0.000000000000e+00,6.266935797526e-05,0.000000000000e+00,6.266935797526e-05,16.0658
12,20,0.0781250000,-0.1718750000,3.266613569278e-06,0.000000000000e+00,20000,22044,0.000000000000e+00,3.266613569278e-06,0.000000000000e+00,3.266613569278e-06,14.7828
12,21,0.0820312500,-0.1679687500,3.239920044220e-05,5.000000000000e-05,20000,22044,0.000000000000e+00,3.239920044220e-05,0.000000000000e+00,3.239920044220e-05,15.7793
12,22,0.0859375000,-0.1640625000,2.467331334832e-06,0.000000000000e+00,20000,22044,0.000000000000e+00,2.467331334832e-06,0.000000000000e+00,2.467331334832e-06,14.6610
12,23,0.0898437500,-0.1601562500,3.115388893961e-05,0.000000000000e+00,20000,22044,0.000000000000e+00,3.115388893961e-05,0.000000000000e+00,3.115388893961e-05,15.7622
12,24,0.0937500000,-0.1562500000,1.665039728208e-06,0.000000000000e+00,20000,22044,0.000000000000e+00,1.665039728208e-06,0.000000000000e+00,1.665039728208e-06,14.4901
12,25,0.0976562500,-0.1523437500,3.234903233155e-05,1.000000000000e-04,20000,22044,0.000000000000e+00,3.234903233155e-05,0.000000000000e+00,3.234903233155e-05,15.7786
12,26,0.1015625000,-0.1484375000,2.372358072252e-06,0.000000000000e+00,20000,22044,0.000000000000e+00,2.372358072252e-06,0.000000000000e+00,2.372358072252e-06,14.6439
12,27,0.1054687500,-0.1445312500,1.629645003052e-06,0.000000000000e+00,20000,22044,0.000000000000e+00,1.629645003052e-06,0.000000000000e+00,1.629645003052e-06,14.4808
12,28,0.1093750000,-0.1406250000,7.630836963786e-07,0.000000000000e+00,20000,22044,0.000000000000e+00,7.630836963786e-07,0.000000000000e+00,7.630836963786e-07,14.1513
12,29,0.1132812500,-0.1367187500,2.047680949958e-06,0.000000000000e+00,20000,22044,0.000000000000e+00,2.047680949958e-06,0.000000000000e+00,2.047680949958e-06,14.5800
12,30,0.1171875000,-0.1328125000,1.353084430591e-05,0.000000000000e+00,20000,22044,0.000000000000e+00,1.353084430591e-05,0.000000000000e+00,1.353084430591e-05,15.4000
12,31,0.1210937500,-0.1289062500,5.480738937166e-04,5.500000000000e-04,20000,22044,0.000000000000e+00,5.480738937166e-04,0.000000000000e+00,5.480738937166e-04,17.0076
12,32,0.1250000000,-0.1250000000,4.431444586174e-04,3.500000000000e-04,20000,22044,0.000000000000e+00,4.431444586174e-04,0.000000000000e+00,4.431444586174e-04,16.9153
12,33,0.1289062500,-0.1210937500,5.742945338454e-04,5.000000000000e-04,20000,22044,0.000000000000e+00,5.742945338454e-04,0.000000000000e+00,5.742945338454e-04,17.0279
12,34,0.1328125000,-0.1171875000,8.046743067064e-05,5.000000000000e-05,20000,22044,0.000000000000e+00,8.046743067064e-05,0.000000000000e+00,8.046743067064e-05,16.1743
12,35,0.1367187500,-0.1132812500,5.422904253380e-05,1.000000000000e-04,20000,22044,0.000000000000e+00,5.422904253380e-05,0.000000000000e+00,5.422904253380e-05,16.0030
12,36,0.1406250000,-0.1093750000,7.692242340943e-06,5.000000000000e-05,20000,22044,0.000000000000e+00,7.692242340943e-06,0.000000000000e+00,7.692242340943e-06,15.1548
12,37,0.1445312500,-0.1054687500,2.756255723380e-05,0.000000000000e+00,20000,22044,0.000000000000e+00,2.756255723380e-05,0.000000000000e+00,2.756255723380e-05,15.7090
12,38,0.1484375000,-0.1015625000,1.203390728120e-05,5.000000000000e-05,20000,22044,0.000000000000e+00,1.203390728120e-05,0.000000000000e+00,1.203390728120e-05,15.3491
12,39,0.1523437500,-0.0976562500,2.691029454825e-05,0.000000000000e+00,20000,22044,0.000000000000e+00,2.691029454825e-05,0.000000000000e+00,2.691029454825e-05,15.6986
12,40,0.1562500000,-0.0937500000,1.767713525591e-06,0.000000000000e+00,20000,22044,0.000000000000e+00,1.767713525591e-06,0.000000000000e+00,1.767713525591e-06,14.5161
12,41,0.1601562500,-0.0898437500,2.695051525664e-05,0.000000000000e+00,20000,22044,0.000000000000e+00,2.695051525664e-05,0.000000000000e+00,2.695051525664e-05,15.6993
12,42,0.1640625000,-0.0859375000,7.075152532738e-06,0.000000000000e+00,20000,22044,0.000000000000e+00,7.075152532738e-06,0.000000000000e+00,7.075152532738e-06,15.1185
12,43,0.1679687500,-0.0820312500,1.618280606508e-06,0.000000000000e+00,20000,22044,0.000000000000e+00,1.618280606508e-06,0.000000000000e+00,1.618280606508e-06,14.4778
12,44,0.1718750000,-0.0781250000,1.270451492275e-06,0.000000000000e+00,20000,22044,0.000000000000e+00,1.270451492275e-06,0.000000000000e+00,1.270451492275e-06,14.3727
12,45,0.1757812500,-0.0742187500,5.352069565131e-07,0.000000000000e+00,20000,22044,0.000000000000e+00,5.352069565131e-07,0.000000000000e+00,5.352069565131e-07,13.9972
12,46,0.1796875000,-0.0703125000,5.513722550824e-06,0.000000000000e+00,20000,22044,0.000000000000e+00,5.513722550824e-06,0.000000000000e+00,5.513722550824e-06,15.0102
12,47,0.1835937500,-0.0664062500,2.589782079597e-05,0.000000000000e+00,20000,22044,0.000000000000e+00,2.589782079597e-05,0.000000000000e+00,2.589782079597e-05,15.6820
12,48,0.1875000000,-0.0625000000,1.231937881693e-06,0.000000000000e+00,20000,22044,0.000000000000e+00,1.231937881693e-06,0.000000000000e+00,1.231937881693e-06,14.3593
12,49,0.1914062500,-0.0585937500,2.698329692188e-05,5.000000000000e-05,20000,22044,0.000000000000e+00,2.698329692188e-05,0.000000000000e+00,2.698329692188e-05,15.6998
12,50,0.1953125000,-0.0546875000,7.018241539437e-06,0.000000000000e+00,20000,22044,0.000000000000e+00,7.018241539437e-06,0.000000000000e+00,7.018241539437e-06,15.1150
12,51,0.1992187500,-0.0507812500,1.614061535549e-06,0.000000000000e+00,20000,22044,0.000000000000e+00,1.614061535549e-06,0.000000000000e+00,1.614061535549e-06,14.4766
12,52,0.2031250000,-0.0468750000,1.106090996431e-06,0.000000000000e+00,20000,22044,0.000000000000e+00,1.106090996431e-06,0.000000000000e+00,1.106090996431e-06,14.3125
12,53,0.2070312500,-0.0429687500,6.492891807358e-07,0.000000000000e+00,20000,22044,0.000000000000e+00,6.492891807358e-07,0.000000000000e+00,6.492891807358e-07,14.0812
12,54,0.2109375000,-0.0390625000,5.637055131456e-07,0.000000000000e+00,20000,22044,0.000000000000e+00,5.637055131456e-07,0.000000000000e+00,5.637055131456e-07,14.0198
12,55,0.2148437500,-0.0351562500,5.888721460716e-07,0.000000000000e+00,20000,22044,0.000000000000e+00,5.888721460716e-07,0.000000000000e+00,5.888721460716e-07,14.0387
12,56,0.2187500000,-0.0312500000,6.929219301780e-07,0.000000000000e+00,20000,22044,0.000000000000e+00,6.929219301780e-07,0.000000000000e+00,6.929219301780e-07,14.1094
12,57,0.2226562500,-0.0273437500,5.273987030652e-07,0.000000000000e+00,20000,22044,0.000000000000e+00,5.273987030652e-07,0.000000000000e+00,5.273987030652e-07,13.9909
12,58,0.2265625000,-0.0234375000,1.280925849531e-04,1.500000000000e-04,20000,22044,1.277910751166e-04,3.015098364066e-07,1.277910751166e-04,3.015098364066e-07,16.3762
12,59,0.2304687500,-0.0195312500,1.677797152190e-03,2.150000000000e-03,20000,22044,1.677667447685e-03,1.297045046331e-07,1.677667447685e-03,1.297045046331e-07,17.4935
12,60,0.2343750000,-0.0156250000,1.044067700542e-02,1.055000000000e-02,20000,22044,9.930938239051e-03,5.097387663704e-04,1.044065857257e-02,1.843285428077e-08,18.2875
12,61,0.2382812500,-0.0117187500,3.506599374460e-02,3.630000000000e-02,20000,22044,3.505037025548e-02,1.562348912301e-05,3.506595613792e-02,3.760668024529e-08,18.8136
12,62,0.2421875000,-0.0078125000,9.279771475189e-02,9.505000000000e-02,20000,22044,8.214930528628e-02,1.064840946561e-02,9.279771308707e-02,1.664818862126e-09,19.2363
12,63,0.2460937500,-0.0039062500,1.349991359974e-01,1.335000000000e-01,20000,22044,1.346977038744e-01,3.014321230832e-04,1.349991308934e-01,5.104065730579e-09,19.3991
12,64,0.2500000000,0.0000000000,1.943418904670e-01,1.934500000000e-01,20000,22044,1.584354139834e-01,3.590647648363e-02,1.943418901812e-01,2.857772784341e-10,19.5573
12,65,0.2539062500,0.0039062500,1.431880588804e-01,1.376500000000e-01,20000,22044,1.346977038744e-01,8.490355006017e-03,1.431880588495e-01,3.087249859892e-11,19.4246
12,66,0.2578125000,0.0078125000,1.148722913077e-01,1.173000000000e-01,20000,22044,8.214930528628e-02,3.272298602140e-02,1.148722913048e-01,2.907426128438e-12,19.3289
12,67,0.2617187500,0.0117187500,5.239809966026e-02,5.380000000000e-02,20000,22044,3.505037025548e-02,1.734772940478e-02,5.239809966026e-02,0.000000000000e+00,18.9880
12,68,0.2656250000,0.0156250000,2.627531377561e-02,2.665000000000e-02,20000,22044,9.930938239051e-03,1.634437553656e-02,2.627531377561e-02,0.000000000000e+00,18.6883
12,69,0.2695312500,0.0195312500,1.103520345748e-02,1.045000000000e-02,20000,22044,1.677667447685e-03,9.357536009800e-03,1.103520345748e-02,0.000000000000e+00,18.3115
12,70,0.2734375000,0.0234375000,1.598797535282e-02,1.770000000000e-02,20000,22044,1.277910751166e-04,1.586018427770e-02,1.598797535282e-02,0.000000000000e+00,18.4725
12,71,0.2773437500,0.0273437500,9.314108108885e-03,9.000000000000e-03,20000,22044,0.000000000000e+00,9.314108108885e-03,9.314108108885e-03,0.000000000000e+00,18.2379
12,72,0.2812500000,0.0312500000,4.748814797510e-03,4.700000000000e-03,20000,22044,0.000000000000e+00,4.748814797510e-03,4.748814797510e-03,0.000000000000e+00,17.9453
12,73,0.2851562500,0.0351562500,9.023376707463e-03,9.050000000000e-03,20000,22044,0.000000000000e+00,9.023376707463e-03,9.023376707463e-03,0.000000000000e+00,18.2241
12,74,0.2890625000,0.0390625000,6.589677896282e-03,7.050000000000e-03,20000,22044,0.000000000000e+00,6.589677896282e-03,6.589677896282e-03,0.000000000000e+00,18.0876
12,75,0.2929687500,0.0429687500,6.886240088563e-04,5.500000000000e-04,20000,22044,0.000000000000e+00,6.886240088563e-04,6.886240088563e-04,0.000000000000e+00,17.1067
12,76,0.2968750000,0.0468750000,8.086217746179e-03,8.400000000000e-03,20000,22044,0.000000000000e+00,8.086217746179e-03,8.086217746179e-03,0.000000000000e+00,18.1765
12,77,0.3007812500,0.0507812500,4.627031087996e-04,3.500000000000e-04,20000,22044,0.000000000000e+00,4.627031087996e-04,4.627031087996e-04,0.000000000000e+00,16.9340
12,78,0.3046875000,0.0546875000,6.467668365524e-03,7.000000000000e-03,20000,22044,0.000000000000e+00,6.467668365524e-03,6.467668365524e-03,0.000000000000e+00,18.0795
12,79,0.3085937500,0.0585937500,8.770276456194e-03,8.150000000000e-03,20000,22044,0.000000000000e+00,8.770276456194e-03,8.770276456194e-03,0.000000000000e+00,18.2117
12,80,0.3125000000,0.0625000000,4.606802313882e-04,3.500000000000e-04,20000,22044,0.000000000000e+00,4.606802313882e-04,4.606802313882e-04,0.000000000000e+00,16.9321
12,81,0.3164062500,0.0664062500,8.727081825737e-03,8.250000000000e-03,20000,22044,0.000000000000e+00,8.727081825737e-03,8.727081825737e-03,0.000000000000e+00,18.2096
12,82,0.3203125000,0.0703125000,6.175335283739e-03,6.650000000000e-03,20000,22044,0.000000000000e+00,6.175335283739e-03,6.175335283739e-03,0.000000000000e+00,18.0594
12,83,0.3242187500,0.0742187500,6.592314354446e-04,7.000000000000e-04,20000,22044,0.000000000000e+00,6.592314354446e-04,6.592314354446e-04,0.000000000000e+00,17.0878
12,84,0.3281250000,0.0781250000,4.646576404302e-03,4.800000000000e-03,20000,22044,0.000000000000e+00,4.646576404302e-03,4.646576404302e-03,0.000000000000e+00,17.9359
12,85,0.3320312500,0.0820312500,5.182862690616e-04,3.000000000000e-04,20000,22044,0.000000000000e+00,5.182862690616e-04,5.182862690616e-04,0.000000000000e+00,16.9833
12,86,0.3359375000,0.0859375000,9.224863047837e-04,5.000000000000e-04,20000,22044,0.000000000000e+00,9.224863047837e-04,9.224863047837e-04,0.000000000000e+00,17.2337
12,87,0.3398437500,0.0898437500,2.424668803169e-04,3.000000000000e-04,20000,22044,0.000000000000e+00,2.424668803169e-04,2.424668803169e-04,0.000000000000e+00,16.6534
12,88,0.3437500000,0.0937500000,5.239264316165e-04,2.500000000000e-04,20000,22044,0.000000000000e+00,5.239264316165e-04,5.239264316165e-04,0.000000000000e+00,16.9880
12,89,0.3476562500,0.0976562500,1.870917999153e-04,2.000000000000e-04,20000,22044,0.000000000000e+00,1.870917999153e-04,1.870917999153e-04,0.000000000000e+00,16.5408
12,90,0.3515625000,0.1015625000,3.732995946017e-04,2.500000000000e-04,20000,22044,0.000000000000e+00,3.732995946017e-04,3.732995946017e-04,0.000000000000e+00,16.8408
12,91,0.3554687500,0.1054687500,1.104339338585e-03,9.000000000000e-04,20000,22044,0.000000000000e+00,1.104339338585e-03,1.104339338585e-03,0.000000000000e+00,17.3118
12,92,0.3593750000,0.1093750000,2.703527024968e-03,2.750000000000e-03,20000,22044,0.000000000000e+00,2.703527024968e-03,2.703527024968e-03,0.000000000000e+00,17.7007
12,93,0.3632812500,0.1132812500,2.333301848101e-04,2.500000000000e-04,20000,22044,0.000000000000e+00,2.333301848101e-04,2.333301848101e-04,0.000000000000e+00,16.6367
12,94,0.3671875000,0.1171875000,5.991576910221e-03,6.600000000000e-03,20000,22044,0.000000000000e+00,5.991576910221e-03,5.991576910221e-03,0.000000000000e+00,18.0463
12,95,0.3710937500,0.1210937500,8.430986138194e-03,7.550000000000e-03,20000,22044,0.000000000000e+00,8.430986138194e-03,8.430986138194e-03,0.000000000000e+00,18.1946
12,96,0.3750000000,0.1250000000,5.202661020516e-04,6.500000000000e-04,20000,22044,0.000000000000e+00,5.202661020516e-04,5.202661020516e-04,0.000000000000e+00,16.9850
12,97,0.3789062500,0.1289062500,8.516810173638e-03,6.950000000000e-03,20000,22044,0.000000000000e+00,8.516810173638e-03,8.516810173638e-03,0.000000000000e+00,18.1990
12,98,0.3828125000,0.1328125000,6.171372048023e-03,5.950000000000e-03,20000,22044,0.000000000000e+00,6.171372048023e-03,6.171372048023e-03,0.000000000000e+00,18.0591
12,99,0.3867187500,0.1367187500,7.136186050648e-04,1.000000000000e-03,20000,22044,0.000000000000e+00,7.136186050648e-04,7.136186050648e-04,0.000000000000e+00,17.1222
12,100,0.3906250000,0.1406250000,3.920093865091e-03,4.350000000000e-03,20000,22044,0.000000000000e+00,3.920093865091e-03,3.920093865091e-03,0.000000000000e+00,17.8620
12,101,0.3945312500,0.1445312500,9.801020825949e-04,1.150000000000e-03,20000,22044,0.000000000000e+00,9.801020825949e-04,9.801020825949e-04,0.000000000000e+00,17.2600
12,102,0.3984375000,0.1484375000,8.739739290899e-04,1.150000000000e-03,20000,22044,0.000000000000e+00,8.739739290899e-04,8.739739290899e-04,0.000000000000e+00,17.2102
12,103,0.4023437500,0.1523437500,2.785187613257e-04,3.500000000000e-04,20000,22044,0.000000000000e+00,2.785187613257e-04,2.785187613257e-04,0.000000000000e+00,16.7136
12,104,0.4062500000,0.1562500000,6.238786962728e-04,5.000000000000e-04,20000,22044,0.000000000000e+00,6.238786962728e-04,6.238786962728e-04,0.000000000000e+00,17.0638
12,105,0.4101562500,0.1601562500,1.314334795317e-04,5.000000000000e-05,20000,22044,0.000000000000e+00,1.314334795317e-04,1.314334795317e-04,0.000000000000e+00,16.3874
12,106,0.4140625000,0.1640625000,3.514181843392e-04,2.500000000000e-04,20000,22044,0.000000000000e+00,3.514181843392e-04,3.514181843392e-04,0.000000000000e+00,16.8145
12,107,0.4179687500,0.1679687500,1.195368097494e-04,3.500000000000e-04,20000,22044,0.000000000000e+00,1.195368097494e-04,1.195368097494e-04,0.000000000000e+00,16.3462
12,108,0.4218750000,0.1718750000,3.780054272563e-04,3.500000000000e-04,20000,22044,0.000000000000e+00,3.780054272563e-04,3.780054272563e-04,0.000000000000e+00,16.8462
12,109,0.4257812500,0.1757812500,9.671078771845e-05,1.000000000000e-04,20000,22044,0.000000000000e+00,9.671078771845e-05,9.671078771845e-05,0.000000000000e+00,16.2542
12,110,0.4296875000,0.1796875000,3.411102007872e-04,5.500000000000e-04,20000,22044,0.000000000000e+00,3.411102007872e-04,3.411102007872e-04,0.000000000000e+00,16.8016
12,111,0.4335937500,0.1835937500,4.559088242151e-05,0.000000000000e+00,20000,22044,0.000000000000e+00,4.559088242151e-05,4.559088242151e-05,0.000000000000e+00,15.9276
12,112,0.4375000000,0.1875000000,4.096011784219e-04,6.000000000000e-04,20000,22044,0.000000000000e+00,4.096011784219e-04,4.096011784219e-04,0.000000000000e+00,16.8811
12,113,0.4414062500,0.1914062500,3.370146912502e-05,1.000000000000e-04,20000,22044,0.000000000000e+00,3.370146912502e-05,3.370146912502e-05,0.000000000000e+00,15.7964
12,114,0.4453125000,0.1953125000,3.444000772708e-04,2.500000000000e-04,20000,22044,0.000000000000e+00,3.444000772708e-04,3.444000772708e-04,0.000000000000e+00,16.8058
12,115,0.4492187500,0.1992187500,3.697143354860e-05,0.000000000000e+00,20000,22044,0.000000000000e+00,3.697143354860e-05,3.697143354860e-05,0.000000000000e+00,15.8366
12,116,0.4531250000,0.2031250000,1.949445404860e-04,1.000000000000e-04,20000,22044,0.000000000000e+00,1.949445404860e-04,1.949445404860e-04,0.000000000000e+00,16.5586
12,117,0.4570312500,0.2070312500,1.004617803668e-04,5.000000000000e-05,20000,22044,0.000000000000e+00,1.004617803668e-04,1.004617803668e-04,0.000000000000e+00,16.2707
12,118,0.4609375000,0.2109375000,9.477593523429e-06,0.000000000000e+00,20000,22044,0.000000000000e+00,9.477593523429e-06,9.477593523429e-06,0.000000000000e+00,15.2454
12,119,0.4648437500,0.2148437500,4.695496781338e-05,0.000000000000e+00,20000,22044,0.000000000000e+00,4.695496781338e-05,4.695496781338e-05,0.000000000000e+00,15.9404
12,120,0.4687500000,0.2187500000,1.281059231306e-06,0.000000000000e+00,20000,22044,0.000000000000e+00,1.281059231306e-06,1.281059231306e-06,0.000000000000e+00,14.3763
12,121,0.4726562500,0.2226562500,2.363032657510e-05,0.000000000000e+00,20000,22044,0.000000000000e+00,2.363032657510e-05,2.363032657510e-05,0.000000000000e+00,15.6422
12,122,0.4765625000,0.2265625000,1.423540186580e-06,0.000000000000e+00,20000,22044,0.000000000000e+00,1.423540186580e-06,1.423540186580e-06,0.000000000000e+00,14.4221
12,123,0.4804687500,0.2304687500,1.221513324736e-05,0.000000000000e+00,20000,22044,0.000000000000e+00,1.221513324736e-05,1.221513324736e-05,0.000000000000e+00,15.3556
12,124,0.4843750000,0.2343750000,1.251812051222e-06,0.000000000000e+00,20000,22044,0.000000000000e+00,1.251812051222e-06,1.251812051222e-06,0.000000000000e+00,14.3663
12,125,0.4882812500,0.2382812500,4.763774023443e-06,5.000000000000e-05,20000,22044,0.000000000000e+00,4.763774023443e-06,4.763774023443e-06,0.000000000000e+00,14.9467
12,126,0.4921875000,0.2421875000,7.961291471503e-07,0.000000000000e+00,20000,22044,0.000000000000e+00,7.961291471503e-07,7.961291471503e-07,0.000000000000e+00,14.1697
12,127,0.4960937500,0.2460937500,1.140629377926e-06,0.000000000000e+00,20000,22044,0.000000000000e+00,1.140629377926e-06,1.140629377926e-06,0.000000000000e+00,14.3259
12,128,0.5000000000,0.2500000000,3.338968936856e-07,0.000000000000e+00,20000,22044,0.000000000000e+00,3.338968936856e-07,3.338968936856e-07,0.000000000000e+00,13.7923
12,129,0.5039062500,0.2539062500,1.311152582080e-07,0.000000000000e+00,20000,22044,0.000000000000e+00,1.311152582080e-07,1.311152582080e-07,0.000000000000e+00,13.3864
12,130,0.5078125000,0.2578125000,8.157687341125e-08,0.000000000000e+00,20000,22044,0.000000000000e+00,8.157687341125e-08,8.157687341125e-08,0.000000000000e+00,13.1803
12,131,0.5117187500,0.2617187500,4.111307398064e-09,0.000000000000e+00,20000,22044,0.000000000000e+00,4.111307398064e-09,4.111307398064e-09,0.000000000000e+00,11.8827
12,132,0.5156250000,0.2656250000,8.747999502688e-09,0.000000000000e+00,20000,22044,0.000000000000e+00,8.747999502688e-09,8.747999502688e-09,0.000000000000e+00,12.2106
12,133,0.5195312500,0.2695312500,5.689755774106e-10,0.000000000000e+00,20000,22044,0.000000000000e+00,5.689755774106e-10,5.689755774106e-10,0.000000000000e+00,11.0238
13,0,0.0000000000,-0.2500000000,3.537356572385e-02,3.505000000000e-02,20000,22044,0.000000000000e+00,3.537356572385e-02,0.000000000000e+00,3.537356572385e-02,20.1049
13,1,0.0039062500,-0.2460937500,4.360469357182e-03,4.050000000000e-03,20000,22044,0.000000000000e+00,4.360469357182e-03,0.000000000000e+00,4.360469357182e-03,19.1957
13,2,0.0078125000,-0.2421875000,1.064855448957e-04,0.000000000000e+00,20000,22044,0.000000000000e+00,1.064855448957e-04,0.000000000000e+00,1.064855448957e-04,17.5835
13,3,0.0117187500,-0.2382812500,1.773048205835e-03,1.900000000000e-03,20000,22044,0.000000000000e+00,1.773048205835e-03,0.000000000000e+00,1.773048205835e-03,18.8049
13,4,0.0156250000,-0.2343750000,1.160493190851e-04,1.500000000000e-04,20000,22044,0.000000000000e+00,1.160493190851e-04,0.000000000000e+00,1.160493190851e-04,17.6208
13,5,0.0195312500,-0.2304687500,9.373374138310e-04,1.050000000000e-03,20000,22044,0.000000000000e+00,9.373374138310e-04,0.000000000000e+00,9.373374138310e-04,18.5281
13,6,0.0234375000,-0.2265625000,8.060978253836e-05,1.500000000000e-04,20000,22044,0.000000000000e+00,8.060978253836e-05,0.000000000000e+00,8.060978253836e-05,17.4626
13,7,0.0273437500,-0.2226562500,8.969131216765e-04,9.000000000000e-04,20000,22044,0.000000000000e+00,8.969131216765e-04,0.000000000000e+00,8.969131216765e-04,18.5089
13,8,0.0312500000,-0.2187500000,6.119284856744e-05,2.000000000000e-04,20000,22044,0.000000000000e+00,6.119284856744e-05,0.000000000000e+00,6.119284856744e-05,17.3429
13,9,0.0351562500,-0.2148437500,9.358102328402e-04,1.450000000000e-03,20000,22044,0.000000000000e+00,9.358102328402e-04,0.000000000000e+00,9.358102328402e-04,18.5274
13,10,0.0390625000,-0.2109375000,8.060978253836e-05,5.000000000000e-05,20000,22044,0.000000000000e+00,8.060978253836e-05,0.000000000000e+00,8.060978253836e-05,17.4626
13,11,0.0429687500,-0.2070312500,5.963404596571e-05,5.000000000000e-05,20000,22044,0.000000000000e+00,5.963404596571e-05,0.000000000000e+00,5.963404596571e-05,17.3317
13,12,0.0468750000,-0.2031250000,2.575331202065e-05,0.000000000000e+00,20000,22044,0.000000000000e+00,2.575331202065e-05,0.000000000000e+00,2.575331202065e-05,16.9670
13,13,0.0507812500,-0.1992187500,3.066281891058e-05,5.000000000000e-05,20000,22044,0.000000000000e+00,3.066281891058e-05,0.000000000000e+00,3.066281891058e-05,17.0428
13,14,0.0546875000,-0.1953125000,3.250394457192e-06,5.000000000000e-05,20000,22044,0.000000000000e+00,3.250394457192e-06,0.000000000000e+00,3.250394457192e-06,16.0681
13,15,0.0585937500,-0.1914062500,8.679658636740e-04,1.050000000000e-03,20000,22044,0.000000000000e+00,8.679658636740e-04,0.000000000000e+00,8.679658636740e-04,18.4947
13,16,0.0625000000,-0.1875000000,5.885316495374e-05,2.000000000000e-04,20000,22044,0.000000000000e+00,5.885316495374e-05,0.000000000000e+00,5.885316495374e-05,17.3260
13,17,0.0664062500,-0.1835937500,9.350352520204e-04,1.000000000000e-03,20000,22044,0.000000000000e+00,9.350352520204e-04,0.000000000000e+00,9.350352520204e-04,18.5270
13,18,0.0703125000,-0.1796875000,8.134058977456e-05,2.000000000000e-04,20000,22044,0.000000000000e+00,8.134058977456e-05,0.000000000000e+00,8.134058977456e-05,17.4665
13,19,0.0742187500,-0.1757812500,5.816223541483e-05,0.000000000000e+00,20000,22044,0.000000000000e+00,5.816223541483e-05,0.000000000000e+00,5.816223541483e-05,17.3208
13,20,0.0781250000,-0.1718750000,2.647882259270e-05,0.000000000000e+00,20000,22044,0.000000000000e+00,2.647882259270e-05,0.000000000000e+00,2.647882259270e-05,16.9791
13,21,0.0820312500,-0.1679687500,2.992711226005e-05,0.000000000000e+00,20000,22044,0.000000000000e+00,2.992711226005e-05,0.000000000000e+00,2.992711226005e-05,17.0322
13,22,0.0859375000,-0.1640625000,4.721410508450e-06,0.000000000000e+00,20000,22044,0.000000000000e+00,4.721410508450e-06,0.000000000000e+00,4.721410508450e-06,16.2303
13,23,0.0898437500,-0.1601562500,2.996657405525e-05,0.000000000000e+00,20000,22044,0.000000000000e+00,2.996657405525e-05,0.000000000000e+00,2.996657405525e-05,17.0328
13,24,0.0937500000,-0.1562500000,2.266203176396e-05,0.000000000000e+00,20000,22044,0.000000000000e+00,2.266203176396e-05,0.000000000000e+00,2.266203176396e-05,16.9115
13,25,0.0976562500,-0.1523437500,2.988373317605e-05,0.000000000000e+00,20000,22044,0.000000000000e+00,2.988373317605e-05,0.000000000000e+00,2.988373317605e-05,17.0316
13,26,0.1015625000,-0.1484375000,3.980009943953e-06,0.000000000000e+00,20000,22044,0.000000000000e+00,3.980009943953e-06,0.000000000000e+00,3.980009943953e-06,16.1561
13,27,0.1054687500,-0.1445312500,3.243139148643e-06,0.000000000000e+00,20000,22044,0.000000000000e+00,3.243139148643e-06,0.000000000000e+00,3.243139148643e-06,16.0671
13,28,0.1093750000,-0.1406250000,1.636163650281e-07,0.000000000000e+00,20000,22044,0.000000000000e+00,1.636163650281e-07,0.000000000000e+00,1.636163650281e-07,14.7700
13,29,0.1132812500,-0.1367187500,1.042070607751e-05,0.000000000000e+00,20000,22044,0.000000000000e+00,1.042070607751e-05,0.000000000000e+00,1.042070607751e-05,16.5741
13,30,0.1171875000,-0.1328125000,3.110772117157e-07,0.000000000000e+00,20000,22044,0.000000000000e+00,3.110772117157e-07,0.000000000000e+00,3.110772117157e-07,15.0491
13,31,0.1210937500,-0.1289062500,8.596405559414e-04,1.200000000000e-03,20000,22044,0.000000000000e+00,8.596405559414e-04,0.000000000000e+00,8.596405559414e-04,18.4905
13,32,0.1250000000,-0.1250000000,6.906899483241e-05,5.000000000000e-05,20000,22044,0.000000000000e+00,6.906899483241e-05,0.000000000000e+00,6.906899483241e-05,17.3955
13,33,0.1289062500,-0.1210937500,9.150372326193e-04,8.000000000000e-04,20000,22044,0.000000000000e+00,9.150372326193e-04,0.000000000000e+00,9.150372326193e-04,18.5176
13,34,0.1328125000,-0.1171875000,9.080433840798e-05,5.000000000000e-05,20000,22044,0.000000000000e+00,9.080433840798e-05,0.000000000000e+00,9.080433840798e-05,17.5143
13,35,0.1367187500,-0.1132812500,4.436995215704e-05,0.000000000000e+00,20000,22044,0.000000000000e+00,4.436995215704e-05,0.000000000000e+00,4.436995215704e-05,17.2033
13,36,0.1406250000,-0.1093750000,3.733954450883e-05,0.000000000000e+00,20000,22044,0.000000000000e+00,3.733954450883e-05,0.000000000000e+00,3.733954450883e-05,17.1284
13,37,0.1445312500,-0.1054687500,1.935698641178e-05,5.000000000000e-05,20000,22044,0.000000000000e+00,1.935698641178e-05,0.000000000000e+00,1.935698641178e-05,16.8430
13,38,0.1484375000,-0.1015625000,2.715309026912e-05,0.000000000000e+00,20000,22044,0.000000000000e+00,2.715309026912e-05,0.000000000000e+00,2.715309026912e-05,16.9900
13,39,0.1523437500,-0.0976562500,1.921169868127e-05,0.000000000000e+00,20000,22044,0.000000000000e+00,1.921169868127e-05,0.000000000000e+00,1.921169868127e-05,16.8397
13,40,0.1562500000,-0.0937500000,2.272506206735e-05,5.000000000000e-05,20000,22044,0.000000000000e+00,2.272506206735e-05,0.000000000000e+00,2.272506206735e-05,16.9127
13,41,0.1601562500,-0.0898437500,1.747522570936e-05,5.000000000000e-05,20000,22044,0.000000000000e+00,1.747522570936e-05,0.000000000000e+00,1.747522570936e-05,16.7986
13,42,0.1640625000,-0.0859375000,1.514568353113e-05,0.000000000000e+00,20000,22044,0.000000000000e+00,1.514568353113e-05,0.000000000000e+00,1.514568353113e-05,16.7365
13,43,0.1679687500,-0.0820312500,3.925512980282e-06,0.000000000000e+00,20000,22044,0.000000000000e+00,3.925512980282e-06,0.000000000000e+00,3.925512980282e-06,16.1501
13,44,0.1718750000,-0.0781250000,5.222059459717e-07,0.000000000000e+00,20000,22044,0.000000000000e+00,5.222059459717e-07,0.000000000000e+00,5.222059459717e-07,15.2740
13,45,0.1757812500,-0.0742187500,2.126731534394e-06,0.000000000000e+00,20000,22044,0.000000000000e+00,2.126731534394e-06,0.000000000000e+00,2.126731534394e-06,15.8839
13,46,0.1796875000,-0.0703125000,1.255097358976e-05,0.000000000000e+00,20000,22044,0.000000000000e+00,1.255097358976e-05,0.000000000000e+00,1.255097358976e-05,16.6549
13,47,0.1835937500,-0.0664062500,1.693680579531e-05,0.000000000000e+00,20000,22044,0.000000000000e+00,1.693680579531e-05,0.000000000000e+00,1.693680579531e-05,16.7850
13,48,0.1875000000,-0.0625000000,2.209002325325e-05,0.000000000000e+00,20000,22044,0.000000000000e+00,2.209002325325e-05,0.000000000000e+00,2.209002325325e-05,16.9004
13,49,0.1914062500,-0.0585937500,1.769087967334e-05,0.000000000000e+00,20000,22044,0.000000000000e+00,1.769087967334e-05,0.000000000000e+00,1.769087967334e-05,16.8039
13,50,0.1953125000,-0.0546875000,1.488116599013e-05,5.000000000000e-05,20000,22044,0.000000000000e+00,1.488116599013e-05,0.000000000000e+00,1.488116599013e-05,16.7288
13,51,0.1992187500,-0.0507812500,3.927269702442e-06,0.000000000000e+00,20000,22044,0.000000000000e+00,3.927269702442e-06,0.000000000000e+00,3.927269702442e-06,16.1503
13,52,0.2031250000,-0.0468750000,1.917075222351e-07,0.000000000000e+00,20000,22044,0.000000000000e+00,1.917075222351e-07,0.000000000000e+00,1.917075222351e-07,14.8388
13,53,0.2070312500,-0.0429687500,1.955153379364e-06,0.000000000000e+00,20000,22044,0.000000000000e+00,1.955153379364e-06,0.000000000000e+00,1.955153379364e-06,15.8474
13,54,0.2109375000,-0.0390625000,9.888426841031e-08,0.000000000000e+00,20000,22044,0.000000000000e+00,9.888426841031e-08,0.000000000000e+00,9.888426841031e-08,14.5513
13,55,0.2148437500,-0.0351562500,1.648601588785e-06,0.000000000000e+00,20000,22044,0.000000000000e+00,1.648601588785e-06,0.000000000000e+00,1.648601588785e-06,15.7733
13,56,0.2187500000,-0.0312500000,8.549765680261e-08,0.000000000000e+00,20000,22044,0.000000000000e+00,8.549765680261e-08,0.000000000000e+00,8.549765680261e-08,14.4881
13,57,0.2226562500,-0.0273437500,6.022613190543e-05,5.000000000000e-05,20000,22044,5.882446314893e-05,1.401668756503e-06,5.882446314893e-05,1.401668756503e-06,17.3360
13,58,0.2265625000,-0.0234375000,9.857161538538e-08,0.000000000000e+00,20000,22044,0.000000000000e+00,9.857161538538e-08,0.000000000000e+00,9.857161538538e-08,14.5499
13,59,0.2304687500,-0.0195312500,6.359637213505e-03,5.650000000000e-03,20000,22044,6.339519154993e-03,2.011805851169e-05,6.359296345190e-03,3.408683150688e-07,19.3596
13,60,0.2343750000,-0.0156250000,2.684401082278e-04,1.500000000000e-04,20000,22044,0.000000000000e+00,2.684401082278e-04,2.683830318498e-04,5.707637805415e-08,17.9850
13,61,0.2382812500,-0.0117187500,7.958289381355e-02,8.275000000000e-02,20000,22044,7.802184601115e-02,1.561047802407e-03,7.958285737001e-02,3.644354837717e-08,20.4570
13,62,0.2421875000,-0.0078125000,5.689750661064e-03,4.700000000000e-03,20000,22044,0.000000000000e+00,5.689750661064e-03,5.689734268038e-03,1.639302510740e-08,19.3113
13,63,0.2460937500,-0.0039062500,2.611485094940e-01,2.643500000000e-01,20000,22044,2.475471194715e-01,1.360139002250e-02,2.611485044312e-01,5.062750128295e-09,20.9731
13,64,0.2500000000,0.0000000000,2.294645318795e-02,2.025000000000e-02,20000,22044,0.000000000000e+00,2.294645318795e-02,2.294645229479e-02,8.931594636682e-10,19.9169
13,65,0.2539062500,0.0039062500,2.694642535264e-01,2.685000000000e-01,20000,22044,2.475471194715e-01,2.191713405487e-02,2.694642532857e-01,2.406336466448e-10,20.9867
13,66,0.2578125000,0.0078125000,3.010259517432e-02,3.160000000000e-02,20000,22044,0.000000000000e+00,3.010259517432e-02,3.010259517131e-02,3.013953317033e-12,20.0348
13,67,0.2617187500,0.0117187500,8.828205293921e-02,8.715000000000e-02,20000,22044,7.802184601115e-02,1.026020692807e-02,8.828205293914e-02,7.351105651300e-14,20.5021
13,68,0.2656250000,0.0156250000,2.248390779977e-02,2.185000000000e-02,20000,22044,0.000000000000e+00,2.248390779977e-02,2.248390779977e-02,0.000000000000e+00,19.9081
13,69,0.2695312500,0.0195312500,1.736788084370e-02,1.740000000000e-02,20000,22044,6.339519154993e-03,1.102836168871e-02,1.736788084370e-02,0.000000000000e+00,19.7959
13,70,0.2734375000,0.0234375000,1.690405599619e-02,1.695000000000e-02,20000,22044,0.000000000000e+00,1.690405599619e-02,1.690405599619e-02,0.000000000000e+00,19.7842
13,71,0.2773437500,0.0273437500,6.771899448012e-03,5.600000000000e-03,20000,22044,5.882446314893e-05,6.713074984863e-03,6.771899448012e-03,0.000000000000e+00,19.3869
13,72,0.2812500000,0.0312500000,1.165939017482e-02,1.090000000000e-02,20000,22044,0.000000000000e+00,1.165939017482e-02,1.165939017482e-02,0.000000000000e+00,19.6229
13,73,0.2851562500,0.0351562500,1.380884417858e-03,1.750000000000e-03,20000,22044,0.000000000000e+00,1.380884417858e-03,1.380884417858e-03,0.000000000000e+00,18.6963
13,74,0.2890625000,0.0390625000,8.441153226441e-03,8.250000000000e-03,20000,22044,0.000000000000e+00,8.441153226441e-03,8.441153226441e-03,0.000000000000e+00,19.4826
13,75,0.2929687500,0.0429687500,6.246780869786e-03,5.150000000000e-03,20000,22044,0.000000000000e+00,6.246780869786e-03,6.246780869786e-03,0.000000000000e+00,19.3518
13,76,0.2968750000,0.0468750000,3.940399217357e-03,3.950000000000e-03,20000,22044,0.000000000000e+00,3.940399217357e-03,3.940399217357e-03,0.000000000000e+00,19.1517
13,77,0.3007812500,0.0507812500,5.999426235286e-03,6.350000000000e-03,20000,22044,0.000000000000e+00,5.999426235286e-03,5.999426235286e-03,0.000000000000e+00,19.3343
13,78,0.3046875000,0.0546875000,7.675778639276e-03,7.800000000000e-03,20000,22044,0.000000000000e+00,7.675778639276e-03,7.675778639276e-03,0.000000000000e+00,19.4413
13,79,0.3085937500,0.0585937500,6.844816422331e-04,8.000000000000e-04,20000,22044,0.000000000000e+00,6.844816422331e-04,6.844816422331e-04,0.000000000000e+00,18.3915
13,80,0.3125000000,0.0625000000,9.646570740461e-03,9.800000000000e-03,20000,22044,0.000000000000e+00,9.646570740461e-03,9.646570740461e-03,0.000000000000e+00,19.5406
13,81,0.3164062500,0.0664062500,4.626795042754e-04,6.000000000000e-04,20000,22044,0.000000000000e+00,4.626795042754e-04,4.626795042754e-04,0.000000000000e+00,18.2215
13,82,0.3203125000,0.0703125000,8.081523154755e-03,1.000000000000e-02,20000,22044,0.000000000000e+00,8.081523154755e-03,8.081523154755e-03,0.000000000000e+00,19.4637
13,83,0.3242187500,0.0742187500,5.722614729262e-03,5.700000000000e-03,20000,22044,0.000000000000e+00,5.722614729262e-03,5.722614729262e-03,0.000000000000e+00,19.3138
13,84,0.3281250000,0.0781250000,2.257448675824e-03,2.450000000000e-03,20000,22044,0.000000000000e+00,2.257448675824e-03,2.257448675824e-03,0.000000000000e+00,18.9098
13,85,0.3320312500,0.0820312500,1.357476492581e-03,1.400000000000e-03,20000,22044,0.000000000000e+00,1.357476492581e-03,1.357476492581e-03,0.000000000000e+00,18.6889
13,86,0.3359375000,0.0859375000,8.474187704728e-04,8.500000000000e-04,20000,22044,0.000000000000e+00,8.474187704728e-04,8.474187704728e-04,0.000000000000e+00,18.4843
13,87,0.3398437500,0.0898437500,5.540434077201e-04,4.000000000000e-04,20000,22044,0.000000000000e+00,5.540434077201e-04,5.540434077201e-04,0.000000000000e+00,18.2997
13,88,0.3437500000,0.0937500000,2.784826022647e-04,1.500000000000e-04,20000,22044,0.000000000000e+00,2.784826022647e-04,2.784826022647e-04,0.000000000000e+00,18.0010
13,89,0.3476562500,0.0976562500,5.206087065825e-04,5.500000000000e-04,20000,22044,0.000000000000e+00,5.206087065825e-04,5.206087065825e-04,0.000000000000e+00,18.2727
13,90,0.3515625000,0.1015625000,8.577579873822e-04,9.500000000000e-04,20000,22044,0.000000000000e+00,8.577579873822e-04,8.577579873822e-04,0.000000000000e+00,18.4895
13,91,0.3554687500,0.1054687500,4.593439256289e-05,1.500000000000e-04,20000,22044,0.000000000000e+00,4.593439256289e-05,4.593439256289e-05,0.000000000000e+00,17.2183
13,92,0.3593750000,0.1093750000,2.141087955425e-03,2.300000000000e-03,20000,22044,0.000000000000e+00,2.141087955425e-03,2.141087955425e-03,0.000000000000e+00,18.8868
13,93,0.3632812500,0.1132812500,4.708394174725e-03,4.800000000000e-03,20000,22044,0.000000000000e+00,4.708394174725e-03,4.708394174725e-03,0.000000000000e+00,19.2291
13,94,0.3671875000,0.1171875000,7.029733683104e-03,6.600000000000e-03,20000,22044,0.000000000000e+00,7.029733683104e-03,7.029733683104e-03,0.000000000000e+00,19.4031
13,95,0.3710937500,0.1210937500,1.017122748206e-03,9.500000000000e-04,20000,22044,0.000000000000e+00,1.017122748206e-03,1.017122748206e-03,0.000000000000e+00,18.5636
13,96,0.3750000000,0.1250000000,9.006102647927e-03,8.550000000000e-03,20000,22044,0.000000000000e+00,9.006102647927e-03,9.006102647927e-03,0.000000000000e+00,19.5107
13,97,0.3789062500,0.1289062500,7.335871006478e-04,7.000000000000e-04,20000,22044,0.000000000000e+00,7.335871006478e-04,7.335871006478e-04,0.000000000000e+00,18.4216
13,98,0.3828125000,0.1328125000,7.820431568184e-03,7.550000000000e-03,20000,22044,0.000000000000e+00,7.820431568184e-03,7.820431568184e-03,0.000000000000e+00,19.4494
13,99,0.3867187500,0.1367187500,5.804402786691e-03,5.350000000000e-03,20000,22044,0.000000000000e+00,5.804402786691e-03,5.804402786691e-03,0.000000000000e+00,19.3199
13,100,0.3906250000,0.1406250000,1.847930769819e-03,1.800000000000e-03,20000,22044,0.000000000000e+00,1.847930769819e-03,1.847930769819e-03,0.000000000000e+00,18.8229
13,101,0.3945312500,0.1445312500,1.334052461856e-03,1.750000000000e-03,20000,22044,0.000000000000e+00,1.334052461856e-03,1.334052461856e-03,0.000000000000e+00,18.6814
13,102,0.3984375000,0.1484375000,6.320821118433e-04,6.000000000000e-04,20000,22044,0.000000000000e+00,6.320821118433e-04,6.320821118433e-04,0.000000000000e+00,18.3570
13,103,0.4023437500,0.1523437500,9.025574631933e-04,8.500000000000e-04,20000,22044,0.000000000000e+00,9.025574631933e-04,9.025574631933e-04,0.000000000000e+00,18.5117
13,104,0.4062500000,0.1562500000,2.053647140711e-04,2.500000000000e-04,20000,22044,0.000000000000e+00,2.053647140711e-04,2.053647140711e-04,0.000000000000e+00,17.8687
13,105,0.4101562500,0.1601562500,6.008151164441e-04,3.500000000000e-04,20000,22044,0.000000000000e+00,6.008151164441e-04,6.008151164441e-04,0.000000000000e+00,18.3349
13,106,0.4140625000,0.1640625000,1.523919497883e-04,1.500000000000e-04,20000,22044,0.000000000000e+00,1.523919497883e-04,1.523919497883e-04,0.000000000000e+00,17.7391
13,107,0.4179687500,0.1679687500,4.534462288037e-04,5.500000000000e-04,20000,22044,0.000000000000e+00,4.534462288037e-04,4.534462288037e-04,0.000000000000e+00,18.2127
13,108,0.4218750000,0.1718750000,5.924099555436e-05,0.000000000000e+00,20000,22044,0.000000000000e+00,5.924099555436e-05,5.924099555436e-05,0.000000000000e+00,17.3288
13,109,0.4257812500,0.1757812500,4.546923168545e-04,6.000000000000e-04,20000,22044,0.000000000000e+00,4.546923168545e-04,4.546923168545e-04,0.000000000000e+00,18.2139
13,110,0.4296875000,0.1796875000,9.012719588425e-05,1.000000000000e-04,20000,22044,0.000000000000e+00,9.012719588425e-05,9.012719588425e-05,0.000000000000e+00,17.5110
13,111,0.4335937500,0.1835937500,4.357791474175e-04,3.500000000000e-04,20000,22044,0.000000000000e+00,4.357791474175e-04,4.357791474175e-04,0.000000000000e+00,18.1954
13,112,0.4375000000,0.1875000000,4.713641879700e-05,5.000000000000e-05,20000,22044,0.000000000000e+00,4.713641879700e-05,4.713641879700e-05,0.000000000000e+00,17.2295
13,113,0.4414062500,0.1914062500,4.438559085322e-04,4.500000000000e-04,20000,22044,0.000000000000e+00,4.438559085322e-04,4.438559085322e-04,0.000000000000e+00,18.2034
13,114,0.4453125000,0.1953125000,4.206114997056e-05,0.000000000000e+00,20000,22044,0.000000000000e+00,4.206114997056e-05,4.206114997056e-05,0.000000000000e+00,17.1801
13,115,0.4492187500,0.1992187500,3.148179252675e-04,2.500000000000e-04,20000,22044,0.000000000000e+00,3.148179252675e-04,3.148179252675e-04,0.000000000000e+00,18.0542
13,116,0.4531250000,0.2031250000,4.817250432645e-05,0.000000000000e+00,20000,22044,0.000000000000e+00,4.817250432645e-05,4.817250432645e-05,0.000000000000e+00,17.2390
13,117,0.4570312500,0.2070312500,1.552391901777e-04,2.500000000000e-04,20000,22044,0.000000000000e+00,1.552391901777e-04,1.552391901777e-04,0.000000000000e+00,17.7472
13,118,0.4609375000,0.2109375000,9.432958059552e-05,5.000000000000e-05,20000,22044,0.000000000000e+00,9.432958059552e-05,9.432958059552e-05,0.000000000000e+00,17.5308
13,119,0.4648437500,0.2148437500,1.821311901994e-06,0.000000000000e+00,20000,22044,0.000000000000e+00,1.821311901994e-06,1.821311901994e-06,0.000000000000e+00,15.8166
13,120,0.4687500000,0.2187500000,4.420825891782e-05,5.000000000000e-05,20000,22044,0.000000000000e+00,4.420825891782e-05,4.420825891782e-05,0.000000000000e+00,17.2017
13,121,0.4726562500,0.2226562500,2.615929869724e-06,0.000000000000e+00,20000,22044,0.000000000000e+00,2.615929869724e-06,2.615929869724e-06,0.000000000000e+00,15.9738
13,122,0.4765625000,0.2265625000,2.227155466578e-05,0.000000000000e+00,20000,22044,0.000000000000e+00,2.227155466578e-05,2.227155466578e-05,0.000000000000e+00,16.9039
13,123,0.4804687500,0.2304687500,1.922046696624e-06,0.000000000000e+00,20000,22044,0.000000000000e+00,1.922046696624e-06,1.922046696624e-06,0.000000000000e+00,15.8399
13,124,0.4843750000,0.2343750000,1.090339024497e-05,0.000000000000e+00,20000,22044,0.000000000000e+00,1.090339024497e-05,1.090339024497e-05,0.000000000000e+00,16.5937
13,125,0.4882812500,0.2382812500,1.471883008604e-06,0.000000000000e+00,20000,22044,0.000000000000e+00,1.471883008604e-06,1.471883008604e-06,0.000000000000e+00,15.7241
13,126,0.4921875000,0.2421875000,3.775740445375e-06,0.000000000000e+00,20000,22044,0.000000000000e+00,3.775740445375e-06,3.775740445375e-06,0.000000000000e+00,16.1332
13,127,0.4960937500,0.2460937500,8.103371671514e-07,0.000000000000e+00,20000,22044,0.000000000000e+00,8.103371671514e-07,8.103371671514e-07,0.000000000000e+00,15.4648
13,128,0.5000000000,0.2500000000,8.101818866854e-07,0.000000000000e+00,20000,22044,0.000000000000e+00,8.101818866854e-07,8.101818866854e-07,0.000000000000e+00,15.4648
13,129,0.5039062500,0.2539062500,2.963369308889e-07,0.000000000000e+00,20000,22044,0.000000000000e+00,2.963369308889e-07,2.963369308889e-07,0.000000000000e+00,15.0280
13,130,0.5078125000,0.2578125000,8.748867617733e-08,0.000000000000e+00,20000,22044,0.000000000000e+00,8.748867617733e-08,8.748867617733e-08,0.000000000000e+00,14.4981
13,131,0.5117187500,0.2617187500,6.388199636840e-08,0.000000000000e+00,20000,22044,0.000000000000e+00,6.388199636840e-08,6.388199636840e-08,0.000000000000e+00,14.3616
13,132,0.5156250000,0.2656250000,3.757045082585e-09,0.000000000000e+00,20000,22044,0.000000000000e+00,3.757045082585e-09,3.757045082585e-09,0.000000000000e+00,13.1310
13,133,0.5195312500,0.2695312500,6.117428223661e-09,0.000000000000e+00,20000,22044,0.000000000000e+00,6.117428223661e-09,6.117428223661e-09,0.000000000000e+00,13.3428
13,134,0.5234375000,0.2734375000,4.512856886307e-10,0.000000000000e+00,20000,22044,0.000000000000e+00,4.512856886307e-10,4.512856886307e-10,0.000000000000e+00,12.2106
14,0,0.0000000000,-0.2500000000,3.703220978017e-02,3.445000000000e-02,20000,22044,0.000000000000e+00,3.703220978017e-02,0.000000000000e+00,3.703220978017e-02,21.3783
14,1,0.0039062500,-0.2460937500,4.752948572226e-03,4.100000000000e-03,20000,22044,0.000000000000e+00,4.752948572226e-03,0.000000000000e+00,4.752948572226e-03,20.4867
14,2,0.0078125000,-0.2421875000,6.008359195061e-04,4.000000000000e-04,20000,22044,0.000000000000e+00,6.008359195061e-04,0.000000000000e+00,6.008359195061e-04,19.5885
14,3,0.0117187500,-0.2382812500,1.518766995956e-03,1.950000000000e-03,20000,22044,0.000000000000e+00,1.518766995956e-03,0.000000000000e+00,1.518766995956e-03,19.9912
14,4,0.0156250000,-0.2343750000,6.502397420355e-04,6.000000000000e-04,20000,22044,0.000000000000e+00,6.502397420355e-04,0.000000000000e+00,6.502397420355e-04,19.6228
14,5,0.0195312500,-0.2304687500,8.101298669101e-04,9.000000000000e-04,20000,22044,0.000000000000e+00,8.101298669101e-04,0.000000000000e+00,8.101298669101e-04,19.7183
14,6,0.0234375000,-0.2265625000,1.009593002599e-04,1.000000000000e-04,20000,22044,0.000000000000e+00,1.009593002599e-04,0.000000000000e+00,1.009593002599e-04,18.8139
14,7,0.0273437500,-0.2226562500,8.107686832901e-04,7.500000000000e-04,20000,22044,0.000000000000e+00,8.107686832901e-04,0.000000000000e+00,8.107686832901e-04,19.7186
14,8,0.0312500000,-0.2187500000,5.557533121628e-04,6.500000000000e-04,20000,22044,0.000000000000e+00,5.557533121628e-04,0.000000000000e+00,5.557533121628e-04,19.5546
14,9,0.0351562500,-0.2148437500,8.085991233049e-04,6.000000000000e-04,20000,22044,0.000000000000e+00,8.085991233049e-04,0.000000000000e+00,8.085991233049e-04,19.7175
14,10,0.0390625000,-0.2109375000,1.009593002599e-04,2.500000000000e-04,20000,22044,0.000000000000e+00,1.009593002599e-04,0.000000000000e+00,1.009593002599e-04,18.8139
14,11,0.0429687500,-0.2070312500,1.005133366474e-04,1.500000000000e-04,20000,22044,0.000000000000e+00,1.005133366474e-04,0.000000000000e+00,1.005133366474e-04,18.8120
14,12,0.0468750000,-0.2031250000,6.472870387220e-06,0.000000000000e+00,20000,22044,0.000000000000e+00,6.472870387220e-06,0.000000000000e+00,6.472870387220e-06,17.6208
14,13,0.0507812500,-0.1992187500,5.228176810213e-05,1.000000000000e-04,20000,22044,0.000000000000e+00,5.228176810213e-05,0.000000000000e+00,5.228176810213e-05,18.5281
14,14,0.0546875000,-0.1953125000,4.496163169470e-06,0.000000000000e+00,20000,22044,0.000000000000e+00,4.496163169470e-06,0.000000000000e+00,4.496163169470e-06,17.4626
14,15,0.0585937500,-0.1914062500,7.602823733498e-04,6.000000000000e-04,20000,22044,0.000000000000e+00,7.602823733498e-04,0.000000000000e+00,7.602823733498e-04,19.6907
14,16,0.0625000000,-0.1875000000,5.532226339493e-04,9.000000000000e-04,20000,22044,0.000000000000e+00,5.532226339493e-04,0.000000000000e+00,5.532226339493e-04,19.5526
14,17,0.0664062500,-0.1835937500,8.080675583778e-04,4.000000000000e-04,20000,22044,0.000000000000e+00,8.080675583778e-04,0.000000000000e+00,8.080675583778e-04,19.7172
14,18,0.0703125000,-0.1796875000,1.013646483465e-04,1.000000000000e-04,20000,22044,0.000000000000e+00,1.013646483465e-04,0.000000000000e+00,1.013646483465e-04,18.8156
14,19,0.0742187500,-0.1757812500,9.962027418131e-05,1.500000000000e-04,20000,22044,0.000000000000e+00,9.962027418131e-05,0.000000000000e+00,9.962027418131e-05,18.8081
14,20,0.0781250000,-0.1718750000,6.836887611629e-06,0.000000000000e+00,20000,22044,0.000000000000e+00,6.836887611629e-06,0.000000000000e+00,6.836887611629e-06,17.6446
14,21,0.0820312500,-0.1679687500,5.183538458484e-05,5.000000000000e-05,20000,22044,0.000000000000e+00,5.183538458484e-05,0.000000000000e+00,5.183538458484e-05,18.5244
14,22,0.0859375000,-0.1640625000,5.388656929944e-06,0.000000000000e+00,20000,22044,0.000000000000e+00,5.388656929944e-06,0.000000000000e+00,5.388656929944e-06,17.5412
14,23,0.0898437500,-0.1601562500,4.966679839121e-05,0.000000000000e+00,20000,22044,0.000000000000e+00,4.966679839121e-05,0.000000000000e+00,4.966679839121e-05,18.5058
14,24,0.0937500000,-0.1562500000,3.409926729063e-06,0.000000000000e+00,20000,22044,0.000000000000e+00,3.409926729063e-06,0.000000000000e+00,3.409926729063e-06,17.3425
14,25,0.0976562500,-0.1523437500,5.167133035920e-05,0.000000000000e+00,20000,22044,0.000000000000e+00,5.167133035920e-05,0.000000000000e+00,5.167133035920e-05,18.5230
14,26,0.1015625000,-0.1484375000,4.939075367028e-06,0.000000000000e+00,20000,22044,0.000000000000e+00,4.939075367028e-06,0.000000000000e+00,4.939075367028e-06,17.5034
14,27,0.1054687500,-0.1445312500,3.326179609652e-06,0.000000000000e+00,20000,22044,0.000000000000e+00,3.326179609652e-06,0.000000000000e+00,3.326179609652e-06,17.3317
14,28,0.1093750000,-0.1406250000,1.473390804981e-06,0.000000000000e+00,20000,22044,0.000000000000e+00,1.473390804981e-06,0.000000000000e+00,1.473390804981e-06,16.9780
14,29,0.1132812500,-0.1367187500,6.867155202231e-06,0.000000000000e+00,20000,22044,0.000000000000e+00,6.867155202231e-06,0.000000000000e+00,6.867155202231e-06,17.6465
14,30,0.1171875000,-0.1328125000,3.026082557293e-05,0.000000000000e+00,20000,22044,0.000000000000e+00,3.026082557293e-05,0.000000000000e+00,3.026082557293e-05,18.2906
14,31,0.1210937500,-0.1289062500,7.249457638592e-04,1.100000000000e-03,20000,22044,0.000000000000e+00,7.249457638592e-04,0.000000000000e+00,7.249457638592e-04,19.6700
14,32,0.1250000000,-0.1250000000,5.627556938267e-04,1.000000000000e-03,20000,22044,0.000000000000e+00,5.627556938267e-04,0.000000000000e+00,5.627556938267e-04,19.5600
14,33,0.1289062500,-0.1210937500,7.649349468505e-04,8.500000000000e-04,20000,22044,0.000000000000e+00,7.649349468505e-04,0.000000000000e+00,7.649349468505e-04,19.6934
14,34,0.1328125000,-0.1171875000,1.371753420709e-04,2.500000000000e-04,20000,22044,0.000000000000e+00,1.371753420709e-04,0.000000000000e+00,1.371753420709e-04,18.9470
14,35,0.1367187500,-0.1132812500,8.614480496446e-05,5.000000000000e-05,20000,22044,0.000000000000e+00,8.614480496446e-05,0.000000000000e+00,8.614480496446e-05,18.7450
14,36,0.1406250000,-0.1093750000,1.574792565418e-05,5.000000000000e-05,20000,22044,0.000000000000e+00,1.574792565418e-05,0.000000000000e+00,1.574792565418e-05,18.0070
14,37,0.1445312500,-0.1054687500,4.247763676855e-05,1.000000000000e-04,20000,22044,0.000000000000e+00,4.247763676855e-05,0.000000000000e+00,4.247763676855e-05,18.4379
14,38,0.1484375000,-0.1015625000,2.361195297523e-05,0.000000000000e+00,20000,22044,0.000000000000e+00,2.361195297523e-05,0.000000000000e+00,2.361195297523e-05,18.1829
14,39,0.1523437500,-0.0976562500,4.160281017831e-05,5.000000000000e-05,20000,22044,0.000000000000e+00,4.160281017831e-05,0.000000000000e+00,4.160281017831e-05,18.4289
14,40,0.1562500000,-0.0937500000,3.897050245594e-06,0.000000000000e+00,20000,22044,0.000000000000e+00,3.897050245594e-06,0.000000000000e+00,3.897050245594e-06,17.4005
14,41,0.1601562500,-0.0898437500,4.114840617020e-05,0.000000000000e+00,20000,22044,0.000000000000e+00,4.114840617020e-05,0.000000000000e+00,4.114840617020e-05,18.4241
14,42,0.1640625000,-0.0859375000,1.367433628395e-05,0.000000000000e+00,20000,22044,0.000000000000e+00,1.367433628395e-05,0.000000000000e+00,1.367433628395e-05,17.9456
14,43,0.1679687500,-0.0820312500,3.257730174166e-06,0.000000000000e+00,20000,22044,0.000000000000e+00,3.257730174166e-06,0.000000000000e+00,3.257730174166e-06,17.3226
14,44,0.1718750000,-0.0781250000,3.137939319452e-06,0.000000000000e+00,20000,22044,0.000000000000e+00,3.137939319452e-06,0.000000000000e+00,3.137939319452e-06,17.3064
14,45,0.1757812500,-0.0742187500,1.058844630471e-06,0.000000000000e+00,20000,22044,0.000000000000e+00,1.058844630471e-06,0.000000000000e+00,1.058844630471e-06,16.8346
14,46,0.1796875000,-0.0703125000,1.091361583091e-05,0.000000000000e+00,20000,22044,0.000000000000e+00,1.091361583091e-05,0.000000000000e+00,1.091361583091e-05,17.8477
14,47,0.1835937500,-0.0664062500,3.957017842308e-05,0.000000000000e+00,20000,22044,0.000000000000e+00,3.957017842308e-05,0.000000000000e+00,3.957017842308e-05,18.4071
14,48,0.1875000000,-0.0625000000,2.383328627587e-06,0.000000000000e+00,20000,22044,0.000000000000e+00,2.383328627587e-06,0.000000000000e+00,2.383328627587e-06,17.1869
14,49,0.1914062500,-0.0585937500,4.118778087620e-05,5.000000000000e-05,20000,22044,0.000000000000e+00,4.118778087620e-05,0.000000000000e+00,4.118778087620e-05,18.4245
14,50,0.1953125000,-0.0546875000,1.351893717213e-05,5.000000000000e-05,20000,22044,0.000000000000e+00,1.351893717213e-05,0.000000000000e+00,1.351893717213e-05,17.9407
14,51,0.1992187500,-0.0507812500,3.246099208237e-06,0.000000000000e+00,20000,22044,0.000000000000e+00,3.246099208237e-06,0.000000000000e+00,3.246099208237e-06,17.3211
14,52,0.2031250000,-0.0468750000,2.493935956452e-06,0.000000000000e+00,20000,22044,0.000000000000e+00,2.493935956452e-06,0.000000000000e+00,2.493935956452e-06,17.2066
14,53,0.2070312500,-0.0429687500,1.340823238363e-06,0.000000000000e+00,20000,22044,0.000000000000e+00,1.340823238363e-06,0.000000000000e+00,1.340823238363e-06,16.9371
14,54,0.2109375000,-0.0390625000,1.247419968117e-06,0.000000000000e+00,20000,22044,0.000000000000e+00,1.247419968117e-06,0.000000000000e+00,1.247419968117e-06,16.9057
14,55,0.2148437500,-0.0351562500,1.173214122168e-06,0.000000000000e+00,20000,22044,0.000000000000e+00,1.173214122168e-06,0.000000000000e+00,1.173214122168e-06,16.8791
14,56,0.2187500000,-0.0312500000,1.302106209778e-06,0.000000000000e+00,20000,22044,0.000000000000e+00,1.302106209778e-06,0.000000000000e+00,1.302106209778e-06,16.9244
14,57,0.2226562500,-0.0273437500,2.795804415823e-05,0.000000000000e+00,20000,22044,2.695144725947e-05,1.006596898756e-06,2.695144725947e-05,1.006596898756e-06,18.2562
14,58,0.2265625000,-0.0234375000,4.304679112969e-04,5.000000000000e-04,20000,22044,4.199738564258e-04,1.049405487109e-05,4.298169936858e-04,6.509176111077e-07,19.4437
14,59,0.2304687500,-0.0195312500,2.989392866889e-03,3.400000000000e-03,20000,22044,2.988693262755e-03,6.996041341257e-07,2.989060966158e-03,3.319007307356e-07,20.2853
14,60,0.2343750000,-0.0156250000,1.394408504162e-02,1.400000000000e-02,20000,22044,1.287437097802e-02,1.069714063601e-03,1.394401075019e-02,7.429143153558e-08,20.9541
14,61,0.2382812500,-0.0117187500,3.754311533957e-02,3.860000000000e-02,20000,22044,3.750478833639e-02,3.832700318153e-05,3.754301798463e-02,9.735494171725e-08,21.3843
14,62,0.2421875000,-0.0078125000,9.172951879116e-02,9.185000000000e-02,20000,22044,7.816123955820e-02,1.356827923296e-02,9.172951305987e-02,5.731293083534e-09,21.7722
14,63,0.2460937500,-0.0039062500,1.206210271891e-01,1.186500000000e-01,20000,22044,1.201729058207e-01,4.481213683249e-04,1.206210092366e-01,1.795243730059e-08,21.8912
14,64,0.2500000000,0.0000000000,1.772402746621e-01,1.812500000000e-01,20000,22044,1.384755089505e-01,3.876476571167e-02,1.772402734226e-01,1.239561390477e-09,22.0583
14,65,0.2539062500,0.0039062500,1.291246321681e-01,1.279000000000e-01,20000,22044,1.201729058207e-01,8.951726347409e-03,1.291246316273e-01,5.408274481485e-10,21.9207
14,66,0.2578125000,0.0078125000,1.130475630563e-01,1.086500000000e-01,20000,22044,7.816123955820e-02,3.488632349813e-02,1.130475630092e-01,4.713003237054e-11,21.8630
14,67,0.2617187500,0.0117187500,5.575851059049e-02,5.545000000000e-02,20000,22044,3.750478833639e-02,1.825372225410e-02,5.575851059040e-02,8.405447497702e-14,21.5560
14,68,0.2656250000,0.0156250000,3.249413672151e-02,3.175000000000e-02,20000,22044,1.287437097802e-02,1.961976574349e-02,3.249413672151e-02,0.000000000000e+00,21.3215
14,69,0.2695312500,0.0195312500,1.302962980798e-02,1.250000000000e-02,20000,22044,2.988693262755e-03,1.004093654523e-02,1.302962980798e-02,0.000000000000e+00,20.9247
14,70,0.2734375000,0.0234375000,1.880977601743e-02,2.070000000000e-02,20000,22044,4.199738564258e-04,1.838980216101e-02,1.880977601743e-02,0.000000000000e+00,21.0841
14,71,0.2773437500,0.0273437500,1.003723836581e-02,9.000000000000e-03,20000,22044,2.695144725947e-05,1.001028691855e-02,1.003723836581e-02,0.000000000000e+00,20.8113
14,72,0.2812500000,0.0312500000,6.208984722072e-03,6.600000000000e-03,20000,22044,0.000000000000e+00,6.208984722072e-03,6.208984722072e-03,0.000000000000e+00,20.6027
14,73,0.2851562500,0.0351562500,9.646409872386e-03,9.550000000000e-03,20000,22044,0.000000000000e+00,9.646409872386e-03,9.646409872386e-03,0.000000000000e+00,20.7941
14,74,0.2890625000,0.0390625000,7.642812054993e-03,7.650000000000e-03,20000,22044,0.000000000000e+00,7.642812054993e-03,7.642812054993e-03,0.000000000000e+00,20.6930
14,75,0.2929687500,0.0429687500,9.031370624017e-04,8.000000000000e-04,20000,22044,0.000000000000e+00,9.031370624017e-04,9.031370624017e-04,0.000000000000e+00,19.7655
14,76,0.2968750000,0.0468750000,1.023962128765e-02,9.850000000000e-03,20000,22044,0.000000000000e+00,1.023962128765e-02,1.023962128765e-02,0.000000000000e+00,20.8200
14,77,0.3007812500,0.0507812500,7.036881184030e-04,9.000000000000e-04,20000,22044,0.000000000000e+00,7.036881184030e-04,7.036881184030e-04,0.000000000000e+00,19.6571
14,78,0.3046875000,0.0546875000,7.433283816659e-03,6.950000000000e-03,20000,22044,0.000000000000e+00,7.433283816659e-03,7.433283816659e-03,0.000000000000e+00,20.6809
14,79,0.3085937500,0.0585937500,9.323205235398e-03,1.060000000000e-02,20000,22044,0.000000000000e+00,9.323205235398e-03,9.323205235398e-03,0.000000000000e+00,20.7793
14,80,0.3125000000,0.0625000000,6.363423996662e-04,7.500000000000e-04,20000,22044,0.000000000000e+00,6.363423996662e-04,6.363423996662e-04,0.000000000000e+00,19.6134
14,81,0.3164062500,0.0664062500,9.222098863160e-03,1.040000000000e-02,20000,22044,0.000000000000e+00,9.222098863160e-03,9.222098863160e-03,0.000000000000e+00,20.7746
14,82,0.3203125000,0.0703125000,6.804261692013e-03,7.250000000000e-03,20000,22044,0.000000000000e+00,6.804261692013e-03,6.804261692013e-03,0.000000000000e+00,20.6425
14,83,0.3242187500,0.0742187500,8.317082343751e-04,7.000000000000e-04,20000,22044,0.000000000000e+00,8.317082343751e-04,8.317082343751e-04,0.000000000000e+00,19.7297
14,84,0.3281250000,0.0781250000,5.897535307387e-03,6.200000000000e-03,20000,22044,0.000000000000e+00,5.897535307387e-03,5.897535307387e-03,0.000000000000e+00,20.5804
14,85,0.3320312500,0.0820312500,7.478126328966e-04,6.000000000000e-04,20000,22044,0.000000000000e+00,7.478126328966e-04,7.478126328966e-04,0.000000000000e+00,19.6835
14,86,0.3359375000,0.0859375000,1.354235180624e-03,1.500000000000e-03,20000,22044,0.000000000000e+00,1.354235180624e-03,1.354235180624e-03,0.000000000000e+00,19.9414
14,87,0.3398437500,0.0898437500,3.519612985050e-04,4.000000000000e-04,20000,22044,0.000000000000e+00,3.519612985050e-04,3.519612985050e-04,0.000000000000e+00,19.3562
14,88,0.3437500000,0.0937500000,7.291030508766e-04,1.100000000000e-03,20000,22044,0.000000000000e+00,7.291030508766e-04,7.291030508766e-04,0.000000000000e+00,19.6725
14,89,0.3476562500,0.0976562500,3.677391084707e-04,3.500000000000e-04,20000,22044,0.000000000000e+00,3.677391084707e-04,3.677391084707e-04,0.000000000000e+00,19.3753
14,90,0.3515625000,0.1015625000,4.944164888821e-04,5.000000000000e-04,20000,22044,0.000000000000e+00,4.944164888821e-04,4.944164888821e-04,0.000000000000e+00,19.5038
14,91,0.3554687500,0.1054687500,1.615838976486e-03,2.300000000000e-03,20000,22044,0.000000000000e+00,1.615838976486e-03,1.615838976486e-03,0.000000000000e+00,20.0181
14,92,0.3593750000,0.1093750000,3.273835993938e-03,3.400000000000e-03,20000,22044,0.000000000000e+00,3.273835993938e-03,3.273835993938e-03,0.000000000000e+00,20.3248
14,93,0.3632812500,0.1132812500,3.870245520843e-04,3.000000000000e-04,20000,22044,0.000000000000e+00,3.870245520843e-04,3.870245520843e-04,0.000000000000e+00,19.3975
14,94,0.3671875000,0.1171875000,6.646129195496e-03,7.150000000000e-03,20000,22044,0.000000000000e+00,6.646129195496e-03,6.646129195496e-03,0.000000000000e+00,20.6323
14,95,0.3710937500,0.1210937500,8.856224064510e-03,8.450000000000e-03,20000,22044,0.000000000000e+00,8.856224064510e-03,8.856224064510e-03,0.000000000000e+00,20.7570
14,96,0.3750000000,0.1250000000,6.843596472695e-04,1.000000000000e-03,20000,22044,0.000000000000e+00,6.843596472695e-04,6.843596472695e-04,0.000000000000e+00,19.6450
14,97,0.3789062500,0.1289062500,8.920422982340e-03,9.650000000000e-03,20000,22044,0.000000000000e+00,8.920422982340e-03,8.920422982340e-03,0.000000000000e+00,20.7601
14,98,0.3828125000,0.1328125000,6.783728259202e-03,7.750000000000e-03,20000,22044,0.000000000000e+00,6.783728259202e-03,6.783728259202e-03,0.000000000000e+00,20.6412
14,99,0.3867187500,0.1367187500,9.203225301065e-04,9.500000000000e-04,20000,22044,0.000000000000e+00,9.203225301065e-04,9.203225301065e-04,0.000000000000e+00,19.7737
14,100,0.3906250000,0.1406250000,4.828947329348e-03,4.350000000000e-03,20000,22044,0.000000000000e+00,4.828947329348e-03,4.828947329348e-03,0.000000000000e+00,20.4936
14,101,0.3945312500,0.1445312500,1.433674650020e-03,1.000000000000e-03,20000,22044,0.000000000000e+00,1.433674650020e-03,1.433674650020e-03,0.000000000000e+00,19.9662
14,102,0.3984375000,0.1484375000,1.131773420526e-03,7.000000000000e-04,20000,22044,0.000000000000e+00,1.131773420526e-03,1.131773420526e-03,0.000000000000e+00,19.8635
14,103,0.4023437500,0.1523437500,5.204584336465e-04,6.000000000000e-04,20000,22044,0.000000000000e+00,5.204584336465e-04,5.204584336465e-04,0.000000000000e+00,19.5261
14,104,0.4062500000,0.1562500000,8.329528325104e-04,1.250000000000e-03,20000,22044,0.000000000000e+00,8.329528325104e-04,8.329528325104e-04,0.000000000000e+00,19.7303
14,105,0.4101562500,0.1601562500,2.327988547323e-04,5.000000000000e-04,20000,22044,0.000000000000e+00,2.327988547323e-04,2.327988547323e-04,0.000000000000e+00,19.1767
14,106,0.4140625000,0.1640625000,4.534188415351e-04,4.000000000000e-04,20000,22044,0.000000000000e+00,4.534188415351e-04,4.534188415351e-04,0.000000000000e+00,19.4662
14,107,0.4179687500,0.1679687500,2.050172117394e-04,3.500000000000e-04,20000,22044,0.000000000000e+00,2.050172117394e-04,2.050172117394e-04,0.000000000000e+00,19.1215
14,108,0.4218750000,0.1718750000,5.243732307459e-04,5.000000000000e-04,20000,22044,0.000000000000e+00,5.243732307459e-04,5.243732307459e-04,0.000000000000e+00,19.5294
14,109,0.4257812500,0.1757812500,1.589544471813e-04,1.500000000000e-04,20000,22044,0.000000000000e+00,1.589544471813e-04,1.589544471813e-04,0.000000000000e+00,19.0110
14,110,0.4296875000,0.1796875000,4.371821131240e-04,3.000000000000e-04,20000,22044,0.000000000000e+00,4.371821131240e-04,4.371821131240e-04,0.000000000000e+00,19.4504
14,111,0.4335937500,0.1835937500,8.468125892675e-05,1.000000000000e-04,20000,22044,0.000000000000e+00,8.468125892675e-05,8.468125892675e-05,0.000000000000e+00,18.7375
14,112,0.4375000000,0.1875000000,5.051954926861e-04,1.500000000000e-04,20000,22044,0.000000000000e+00,5.051954926861e-04,5.051954926861e-04,0.000000000000e+00,19.5132
14,113,0.4414062500,0.1914062500,5.754734054884e-05,1.000000000000e-04,20000,22044,0.000000000000e+00,5.754734054884e-05,5.754734054884e-05,0.000000000000e+00,18.5698
14,114,0.4453125000,0.1953125000,4.379951174281e-04,4.000000000000e-04,20000,22044,0.000000000000e+00,4.379951174281e-04,4.379951174281e-04,0.000000000000e+00,19.4512
14,115,0.4492187500,0.1992187500,5.667160931570e-05,0.000000000000e+00,20000,22044,0.000000000000e+00,5.667160931570e-05,5.667160931570e-05,0.000000000000e+00,18.5631
14,116,0.4531250000,0.2031250000,2.702668225612e-04,2.500000000000e-04,20000,22044,0.000000000000e+00,2.702668225612e-04,2.702668225612e-04,0.000000000000e+00,19.2415
14,117,0.4570312500,0.2070312500,1.594915794320e-04,2.000000000000e-04,20000,22044,0.000000000000e+00,1.594915794320e-04,1.594915794320e-04,0.000000000000e+00,19.0125
14,118,0.4609375000,0.2109375000,1.751895885851e-05,0.000000000000e+00,20000,22044,0.000000000000e+00,1.751895885851e-05,1.751895885851e-05,0.000000000000e+00,18.0532
14,119,0.4648437500,0.2148437500,8.368287527195e-05,5.000000000000e-05,20000,22044,0.000000000000e+00,8.368287527195e-05,8.368287527195e-05,0.000000000000e+00,18.7324
14,120,0.4687500000,0.2187500000,2.464804151308e-06,0.000000000000e+00,20000,22044,0.000000000000e+00,2.464804151308e-06,2.464804151308e-06,0.000000000000e+00,17.2015
14,121,0.4726562500,0.2226562500,4.159492428275e-05,5.000000000000e-05,20000,22044,0.000000000000e+00,4.159492428275e-05,4.159492428275e-05,0.000000000000e+00,18.4288
14,122,0.4765625000,0.2265625000,3.130443054047e-06,5.000000000000e-05,20000,22044,0.000000000000e+00,3.130443054047e-06,3.130443054047e-06,0.000000000000e+00,17.3053
14,123,0.4804687500,0.2304687500,2.080062671445e-05,0.000000000000e+00,20000,22044,0.000000000000e+00,2.080062671445e-05,2.080062671445e-05,0.000000000000e+00,18.1278
14,124,0.4843750000,0.2343750000,2.401906722078e-06,0.000000000000e+00,20000,22044,0.000000000000e+00,2.401906722078e-06,2.401906722078e-06,0.000000000000e+00,17.1903
14,125,0.4882812500,0.2382812500,9.175250647869e-06,0.000000000000e+00,20000,22044,0.000000000000e+00,9.175250647869e-06,9.175250647869e-06,0.000000000000e+00,17.7723
14,126,0.4921875000,0.2421875000,1.626213997270e-06,0.000000000000e+00,20000,22044,0.000000000000e+00,1.626213997270e-06,1.626213997270e-06,0.000000000000e+00,17.0209
14,127,0.4960937500,0.2460937500,2.828015892908e-06,0.000000000000e+00,20000,22044,0.000000000000e+00,2.828015892908e-06,2.828015892908e-06,0.000000000000e+00,17.2612
14,128,0.5000000000,0.2500000000,7.676077399016e-07,0.000000000000e+00,20000,22044,0.000000000000e+00,7.676077399016e-07,7.676077399016e-07,0.000000000000e+00,16.6949
14,129,0.5039062500,0.2539062500,5.600178602624e-07,0.000000000000e+00,20000,22044,0.000000000000e+00,5.600178602624e-07,5.600178602624e-07,0.000000000000e+00,16.5579
14,130,0.5078125000,0.2578125000,2.859806295684e-07,0.000000000000e+00,20000,22044,0.000000000000e+00,2.859806295684e-07,2.859806295684e-07,0.000000000000e+00,16.2661
14,131,0.5117187500,0.2617187500,2.063352538465e-08,0.000000000000e+00,20000,22044,0.000000000000e+00,2.063352538465e-08,2.063352538465e-08,0.000000000000e+00,15.1243
14,132,0.5156250000,0.2656250000,4.780368015095e-08,0.000000000000e+00,20000,22044,0.000000000000e+00,4.780368015095e-08,4.780368015095e-08,0.000000000000e+00,15.4892
14,133,0.5195312500,0.2695312500,3.221928103690e-09,0.000000000000e+00,20000,22044,0.000000000000e+00,3.221928103690e-09,3.221928103690e-09,0.000000000000e+00,14.3178
14,134,0.5234375000,0.2734375000,4.128654745371e-09,0.000000000000e+00,20000,22044,0.000000000000e+00,4.128654745371e-09,4.128654745371e-09,0.000000000000e+00,14.4255
14,135,0.5273437500,0.2773437500,3.412111359811e-10,0.000000000000e+00,20000,22044,0.000000000000e+00,3.412111359811e-10,3.412111359811e-10,0.000000000000e+00,13.3428
15,0,0.0000000000,-0.2500000000,3.856640132820e-02,3.725000000000e-02,20000,22044,0.000000000000e+00,3.856640132820e-02,0.000000000000e+00,3.856640132820e-02,22.6178
15,1,0.0039062500,-0.2460937500,5.600345930376e-03,5.450000000000e-03,20000,22044,0.000000000000e+00,5.600345930376e-03,0.000000000000e+00,5.600345930376e-03,21.7798
15,2,0.0078125000,-0.2421875000,1.638961175661e-04,5.000000000000e-05,20000,22044,0.000000000000e+00,1.638961175661e-04,0.000000000000e+00,1.638961175661e-04,20.2461
15,3,0.0117187500,-0.2382812500,2.279537184390e-03,1.900000000000e-03,20000,22044,0.000000000000e+00,2.279537184390e-03,0.000000000000e+00,2.279537184390e-03,21.3894
15,4,0.0156250000,-0.2343750000,1.820578534031e-04,2.500000000000e-04,20000,22044,0.000000000000e+00,1.820578534031e-04,0.000000000000e+00,1.820578534031e-04,20.2918
15,5,0.0195312500,-0.2304687500,1.216984496888e-03,1.450000000000e-03,20000,22044,0.000000000000e+00,1.216984496888e-03,0.000000000000e+00,1.216984496888e-03,21.1169
15,6,0.0234375000,-0.2265625000,1.241799393197e-04,5.000000000000e-05,20000,22044,0.000000000000e+00,1.241799393197e-04,0.000000000000e+00,1.241799393197e-04,20.1256
15,7,0.0273437500,-0.2226562500,1.159476992364e-03,9.500000000000e-04,20000,22044,0.000000000000e+00,1.159476992364e-03,0.000000000000e+00,1.159476992364e-03,21.0958
15,8,0.0312500000,-0.2187500000,9.689229860554e-05,0.000000000000e+00,20000,22044,0.000000000000e+00,9.689229860554e-05,0.000000000000e+00,9.689229860554e-05,20.0179
15,9,0.0351562500,-0.2148437500,1.214182447391e-03,7.500000000000e-04,20000,22044,0.000000000000e+00,1.214182447391e-03,0.000000000000e+00,1.214182447391e-03,21.1159
15,10,0.0390625000,-0.2109375000,1.241799393197e-04,1.000000000000e-04,20000,22044,0.000000000000e+00,1.241799393197e-04,0.000000000000e+00,1.241799393197e-04,20.1256
15,11,0.0429687500,-0.2070312500,9.402516230958e-05,1.000000000000e-04,20000,22044,0.000000000000e+00,9.402516230958e-05,0.000000000000e+00,9.402516230958e-05,20.0048
15,12,0.0468750000,-0.2031250000,3.901438452213e-05,5.000000000000e-05,20000,22044,0.000000000000e+00,3.901438452213e-05,0.000000000000e+00,3.901438452213e-05,19.6228
15,13,0.0507812500,-0.1992187500,4.860779201461e-05,0.000000000000e+00,20000,22044,0.000000000000e+00,4.860779201461e-05,0.000000000000e+00,4.860779201461e-05,19.7183
15,14,0.0546875000,-0.1953125000,6.057558015596e-06,0.000000000000e+00,20000,22044,0.000000000000e+00,6.057558015596e-06,0.000000000000e+00,6.057558015596e-06,18.8139
15,15,0.0585937500,-0.1914062500,1.114097951052e-03,9.500000000000e-04,20000,22044,0.000000000000e+00,1.114097951052e-03,0.000000000000e+00,1.114097951052e-03,21.0785
15,16,0.0625000000,-0.1875000000,9.327857963217e-05,0.000000000000e+00,20000,22044,0.000000000000e+00,9.327857963217e-05,0.000000000000e+00,9.327857963217e-05,20.0014
15,17,0.0664062500,-0.1835937500,1.212093661681e-03,9.000000000000e-04,20000,22044,0.000000000000e+00,1.212093661681e-03,0.000000000000e+00,1.212093661681e-03,21.1151
15,18,0.0703125000,-0.1796875000,1.261500974021e-04,1.000000000000e-04,20000,22044,0.000000000000e+00,1.261500974021e-04,0.000000000000e+00,1.261500974021e-04,20.1325
15,19,0.0742187500,-0.1757812500,9.002880027092e-05,1.000000000000e-04,20000,22044,0.000000000000e+00,9.002880027092e-05,0.000000000000e+00,9.002880027092e-05,19.9860
15,20,0.0781250000,-0.1718750000,4.095527974179e-05,0.000000000000e+00,20000,22044,0.000000000000e+00,4.095527974179e-05,0.000000000000e+00,4.095527974179e-05,19.6439
15,21,0.0820312500,-0.1679687500,4.661085092114e-05,5.000000000000e-05,20000,22044,0.000000000000e+00,4.661085092114e-05,0.000000000000e+00,4.661085092114e-05,19.7001
15,22,0.0859375000,-0.1640625000,1.004897807668e-05,0.000000000000e+00,20000,22044,0.000000000000e+00,1.004897807668e-05,0.000000000000e+00,1.004897807668e-05,19.0337
15,23,0.0898437500,-0.1601562500,4.673468185270e-05,5.000000000000e-05,20000,22044,0.000000000000e+00,4.673468185270e-05,0.000000000000e+00,4.673468185270e-05,19.7012
15,24,0.0937500000,-0.1562500000,3.331614680507e-05,0.000000000000e+00,20000,22044,0.000000000000e+00,3.331614680507e-05,0.000000000000e+00,3.331614680507e-05,19.5542
15,25,0.0976562500,-0.1523437500,4.649676112112e-05,0.000000000000e+00,20000,22044,0.000000000000e+00,4.649676112112e-05,0.000000000000e+00,4.649676112112e-05,19.6990
15,26,0.1015625000,-0.1484375000,8.020716144851e-06,5.000000000000e-05,20000,22044,0.000000000000e+00,8.020716144851e-06,0.000000000000e+00,8.020716144851e-06,18.9358
15,27,0.1054687500,-0.1445312500,6.033069112505e-06,5.000000000000e-05,20000,22044,0.000000000000e+00,6.033069112505e-06,0.000000000000e+00,6.033069112505e-06,18.8121
15,28,0.1093750000,-0.1406250000,3.832370334812e-07,0.000000000000e+00,20000,22044,0.000000000000e+00,3.832370334812e-07,0.000000000000e+00,3.832370334812e-07,17.6150
15,29,0.1132812500,-0.1367187500,2.455171203321e-05,5.000000000000e-05,20000,22044,0.000000000000e+00,2.455171203321e-05,0.000000000000e+00,2.455171203321e-05,19.4217
15,30,0.1171875000,-0.1328125000,1.229558742973e-06,0.000000000000e+00,20000,22044,0.000000000000e+00,1.229558742973e-06,0.000000000000e+00,1.229558742973e-06,18.1213
15,31,0.1210937500,-0.1289062500,1.094889348095e-03,1.300000000000e-03,20000,22044,0.000000000000e+00,1.094889348095e-03,0.000000000000e+00,1.094889348095e-03,21.0709
15,32,0.1250000000,-0.1250000000,1.081332783135e-04,3.000000000000e-04,20000,22044,0.000000000000e+00,1.081332783135e-04,0.000000000000e+00,1.081332783135e-04,20.0655
15,33,0.1289062500,-0.1210937500,1.172757007980e-03,1.700000000000e-03,20000,22044,0.000000000000e+00,1.172757007980e-03,0.000000000000e+00,1.172757007980e-03,21.1008
15,34,0.1328125000,-0.1171875000,1.391771726576e-04,5.000000000000e-05,20000,22044,0.000000000000e+00,1.391771726576e-04,0.000000000000e+00,1.391771726576e-04,20.1751
15,35,0.1367187500,-0.1132812500,7.547316299683e-05,1.000000000000e-04,20000,22044,0.000000000000e+00,7.547316299683e-05,0.000000000000e+00,7.547316299683e-05,19.9094
15,36,0.1406250000,-0.1093750000,5.831772758469e-05,5.000000000000e-05,20000,22044,0.000000000000e+00,5.831772758469e-05,0.000000000000e+00,5.831772758469e-05,19.7974
15,37,0.1445312500,-0.1054687500,3.042840304856e-05,5.000000000000e-05,20000,22044,0.000000000000e+00,3.042840304856e-05,0.000000000000e+00,3.042840304856e-05,19.5149
15,38,0.1484375000,-0.1015625000,4.556683921577e-05,1.000000000000e-04,20000,22044,0.000000000000e+00,4.556683921577e-05,0.000000000000e+00,4.556683921577e-05,19.6902
15,39,0.1523437500,-0.0976562500,2.988452112367e-05,0.000000000000e+00,20000,22044,0.000000000000e+00,2.988452112367e-05,0.000000000000e+00,2.988452112367e-05,19.5070
15,40,0.1562500000,-0.0937500000,3.362744200139e-05,0.000000000000e+00,20000,22044,0.000000000000e+00,3.362744200139e-05,0.000000000000e+00,3.362744200139e-05,19.5583
15,41,0.1601562500,-0.0898437500,2.580915857170e-05,1.000000000000e-04,20000,22044,0.000000000000e+00,2.580915857170e-05,0.000000000000e+00,2.580915857170e-05,19.4434
15,42,0.1640625000,-0.0859375000,2.558875691591e-05,0.000000000000e+00,20000,22044,0.000000000000e+00,2.558875691591e-05,0.000000000000e+00,2.558875691591e-05,19.4396
15,43,0.1679687500,-0.0820312500,7.726934767601e-06,0.000000000000e+00,20000,22044,0.000000000000e+00,7.726934767601e-06,0.000000000000e+00,7.726934767601e-06,18.9196
15,44,0.1718750000,-0.0781250000,1.519046072039e-06,0.000000000000e+00,20000,22044,0.000000000000e+00,1.519046072039e-06,0.000000000000e+00,1.519046072039e-06,18.2131
15,45,0.1757812500,-0.0742187500,4.411324167145e-06,0.000000000000e+00,20000,22044,0.000000000000e+00,4.411324167145e-06,0.000000000000e+00,4.411324167145e-06,18.6761
15,46,0.1796875000,-0.0703125000,2.105061266632e-05,5.000000000000e-05,20000,22044,0.000000000000e+00,2.105061266632e-05,0.000000000000e+00,2.105061266632e-05,19.3548
15,47,0.1835937500,-0.0664062500,2.523323100433e-05,0.000000000000e+00,20000,22044,0.000000000000e+00,2.523323100433e-05,0.000000000000e+00,2.523323100433e-05,19.4335
15,48,0.1875000000,-0.0625000000,3.203300782876e-05,5.000000000000e-05,20000,22044,0.000000000000e+00,3.203300782876e-05,0.000000000000e+00,3.203300782876e-05,19.5372
15,49,0.1914062500,-0.0585937500,2.624847182604e-05,5.000000000000e-05,20000,22044,0.000000000000e+00,2.624847182604e-05,0.000000000000e+00,2.624847182604e-05,19.4507
15,50,0.1953125000,-0.0546875000,2.497449080777e-05,0.000000000000e+00,20000,22044,0.000000000000e+00,2.497449080777e-05,0.000000000000e+00,2.497449080777e-05,19.4291
15,51,0.1992187500,-0.0507812500,7.743587063750e-06,0.000000000000e+00,20000,22044,0.000000000000e+00,7.743587063750e-06,0.000000000000e+00,7.743587063750e-06,18.9205
15,52,0.2031250000,-0.0468750000,5.999156257796e-07,0.000000000000e+00,20000,22044,0.000000000000e+00,5.999156257796e-07,0.000000000000e+00,5.999156257796e-07,17.8097
15,53,0.2070312500,-0.0429687500,3.786046797239e-06,0.000000000000e+00,20000,22044,0.000000000000e+00,3.786046797239e-06,0.000000000000e+00,3.786046797239e-06,18.6098
15,54,0.2109375000,-0.0390625000,2.271613138238e-07,0.000000000000e+00,20000,22044,0.000000000000e+00,2.271613138238e-07,0.000000000000e+00,2.271613138238e-07,17.3879
15,55,0.2148437500,-0.0351562500,3.094721556557e-06,0.000000000000e+00,20000,22044,0.000000000000e+00,3.094721556557e-06,0.000000000000e+00,3.094721556557e-06,18.5222
15,56,0.2187500000,-0.0312500000,2.025212317012e-07,0.000000000000e+00,20000,22044,0.000000000000e+00,2.025212317012e-07,0.000000000000e+00,2.025212317012e-07,17.3380
15,57,0.2226562500,-0.0273437500,2.217936877987e-04,3.000000000000e-04,20000,22044,2.192769749031e-04,2.516712895683e-06,2.192769749031e-04,2.516712895683e-06,20.3775
15,58,0.2265625000,-0.0234375000,5.265823862508e-06,0.000000000000e+00,20000,22044,0.000000000000e+00,5.265823862508e-06,5.048123251904e-06,2.177006106040e-07,18.7530
15,59,0.2304687500,-0.0195312500,9.208367533771e-03,9.100000000000e-03,20000,22044,9.131607415124e-03,7.676011864672e-05,9.207596434771e-03,7.710989996690e-07,21.9958
15,60,0.2343750000,-0.0156250000,5.609320895001e-04,5.000000000000e-04,20000,22044,0.000000000000e+00,5.609320895001e-04,5.607977948095e-04,1.342946906555e-07,20.7805
15,61,0.2382812500,-0.0117187500,8.233210735420e-02,8.175000000000e-02,20000,22044,7.994657062834e-02,2.385536725856e-03,8.233200346482e-02,1.038893761109e-07,22.9471
15,62,0.2421875000,-0.0078125000,7.191822435848e-03,7.550000000000e-03,20000,22044,0.000000000000e+00,7.191822435848e-03,7.191778962934e-03,4.347291436176e-08,21.8884
15,63,0.2460937500,-0.0039062500,2.372127364427e-01,2.396000000000e-01,20000,22044,2.218048490291e-01,1.540788741354e-02,2.372127207499e-01,1.569275423364e-08,23.4067
15,64,0.2500000000,0.0000000000,2.426235817158e-02,2.420000000000e-02,20000,22044,0.000000000000e+00,2.426235817158e-02,2.426235388773e-02,4.283842618360e-09,22.4165
15,65,0.2539062500,0.0039062500,2.448560421443e-01,2.476500000000e-01,20000,22044,2.218048490291e-01,2.305119311518e-02,2.448560409502e-01,1.194153314217e-09,23.4205
15,66,0.2578125000,0.0078125000,3.136648304826e-02,3.095000000000e-02,20000,22044,0.000000000000e+00,3.136648304826e-02,3.136648298897e-02,5.928284069545e-11,22.5280
15,67,0.2617187500,0.0117187500,9.169901612642e-02,8.900000000000e-02,20000,22044,7.994657062834e-02,1.175244549808e-02,9.169901610530e-02,2.111820652669e-11,22.9939
15,68,0.2656250000,0.0156250000,2.462968496339e-02,2.440000000000e-02,20000,22044,0.000000000000e+00,2.462968496339e-02,2.462968496339e-02,0.000000000000e+00,22.4230
15,69,0.2695312500,0.0195312500,2.206818064716e-02,2.165000000000e-02,20000,22044,9.131607415124e-03,1.293657323204e-02,2.206818064716e-02,0.000000000000e+00,22.3753
15,70,0.2734375000,0.0234375000,1.832654059333e-02,1.920000000000e-02,20000,22044,0.000000000000e+00,1.832654059333e-02,1.832654059333e-02,0.000000000000e+00,22.2947
15,71,0.2773437500,0.0273437500,8.255974023629e-03,7.050000000000e-03,20000,22044,2.192769749031e-04,8.036697048726e-03,8.255974023629e-03,0.000000000000e+00,21.9483
15,72,0.2812500000,0.0312500000,1.274625989746e-02,1.295000000000e-02,20000,22044,0.000000000000e+00,1.274625989746e-02,1.274625989746e-02,0.000000000000e+00,22.1370
15,73,0.2851562500,0.0351562500,1.989140329971e-03,2.250000000000e-03,20000,22044,0.000000000000e+00,1.989140329971e-03,1.989140329971e-03,0.000000000000e+00,21.3302
15,74,0.2890625000,0.0390625000,9.235877343171e-03,9.550000000000e-03,20000,22044,0.000000000000e+00,9.235877343171e-03,9.235877343171e-03,0.000000000000e+00,21.9971
15,75,0.2929687500,0.0429687500,7.382996540135e-03,7.400000000000e-03,20000,22044,0.000000000000e+00,7.382996540135e-03,7.382996540135e-03,0.000000000000e+00,21.8998
15,76,0.2968750000,0.0468750000,4.929201184489e-03,4.800000000000e-03,20000,22044,0.000000000000e+00,4.929201184489e-03,4.929201184489e-03,0.000000000000e+00,21.7244
15,77,0.3007812500,0.0507812500,7.200985076787e-03,7.800000000000e-03,20000,22044,0.000000000000e+00,7.200985076787e-03,7.200985076787e-03,0.000000000000e+00,21.8890
15,78,0.3046875000,0.0546875000,8.263981973540e-03,8.350000000000e-03,20000,22044,0.000000000000e+00,8.263981973540e-03,8.263981973540e-03,0.000000000000e+00,21.9488
15,79,0.3085937500,0.0585937500,9.351246756439e-04,7.500000000000e-04,20000,22044,0.000000000000e+00,9.351246756439e-04,9.351246756439e-04,0.000000000000e+00,21.0024
15,80,0.3125000000,0.0625000000,1.020018965420e-02,1.000000000000e-02,20000,22044,0.000000000000e+00,1.020018965420e-02,1.020018965420e-02,0.000000000000e+00,22.0402
15,81,0.3164062500,0.0664062500,5.859122124005e-04,9.000000000000e-04,20000,22044,0.000000000000e+00,5.859122124005e-04,5.859122124005e-04,0.000000000000e+00,20.7994
15,82,0.3203125000,0.0703125000,8.611477953119e-03,9.300000000000e-03,20000,22044,0.000000000000e+00,8.611477953119e-03,8.611477953119e-03,0.000000000000e+00,21.9667
15,83,0.3242187500,0.0742187500,6.543213930086e-03,7.350000000000e-03,20000,22044,0.000000000000e+00,6.543213930086e-03,6.543213930086e-03,0.000000000000e+00,21.8474
15,84,0.3281250000,0.0781250000,2.841199354883e-03,3.400000000000e-03,20000,22044,0.000000000000e+00,2.841199354883e-03,2.841199354883e-03,0.000000000000e+00,21.4851
15,85,0.3320312500,0.0820312500,1.903704041002e-03,1.400000000000e-03,20000,22044,0.000000000000e+00,1.903704041002e-03,1.903704041002e-03,0.000000000000e+00,21.3112
15,86,0.3359375000,0.0859375000,1.175850151702e-03,1.250000000000e-03,20000,22044,0.000000000000e+00,1.175850151702e-03,1.175850151702e-03,0.000000000000e+00,21.1019
15,87,0.3398437500,0.0898437500,7.654345392135e-04,6.000000000000e-04,20000,22044,0.000000000000e+00,7.654345392135e-04,7.654345392135e-04,0.000000000000e+00,20.9155
15,88,0.3437500000,0.0937500000,4.566395624591e-04,3.000000000000e-04,20000,22044,0.000000000000e+00,4.566395624591e-04,4.566395624591e-04,0.000000000000e+00,20.6911
15,89,0.3476562500,0.0976562500,6.842796047298e-04,7.000000000000e-04,20000,22044,0.000000000000e+00,6.842796047298e-04,6.842796047298e-04,0.000000000000e+00,20.8668
15,90,0.3515625000,0.1015625000,1.240875411377e-03,1.000000000000e-03,20000,22044,0.000000000000e+00,1.240875411377e-03,1.240875411377e-03,0.000000000000e+00,21.1253
15,91,0.3554687500,0.1054687500,8.035239857081e-05,1.000000000000e-04,20000,22044,0.000000000000e+00,8.035239857081e-05,8.035239857081e-05,0.000000000000e+00,19.9366
15,92,0.3593750000,0.1093750000,2.766821074088e-03,3.050000000000e-03,20000,22044,0.000000000000e+00,2.766821074088e-03,2.766821074088e-03,0.000000000000e+00,21.4736
15,93,0.3632812500,0.1132812500,5.365684849731e-03,5.600000000000e-03,20000,22044,0.000000000000e+00,5.365684849731e-03,5.365684849731e-03,0.000000000000e+00,21.7612
15,94,0.3671875000,0.1171875000,7.344904663734e-03,7.400000000000e-03,20000,22044,0.000000000000e+00,7.344904663734e-03,7.344904663734e-03,0.000000000000e+00,21.8976
15,95,0.3710937500,0.1210937500,1.320983946595e-03,1.300000000000e-03,20000,22044,0.000000000000e+00,1.320983946595e-03,1.320983946595e-03,0.000000000000e+00,21.1525
15,96,0.3750000000,0.1250000000,9.326098223488e-03,8.500000000000e-03,20000,22044,0.000000000000e+00,9.326098223488e-03,9.326098223488e-03,0.000000000000e+00,22.0013
15,97,0.3789062500,0.1289062500,9.126618769489e-04,5.500000000000e-04,20000,22044,0.000000000000e+00,9.126618769489e-04,9.126618769489e-04,0.000000000000e+00,20.9919
15,98,0.3828125000,0.1328125000,8.284621901297e-03,7.350000000000e-03,20000,22044,0.000000000000e+00,8.284621901297e-03,8.284621901297e-03,0.000000000000e+00,21.9498
15,99,0.3867187500,0.1367187500,6.641411253444e-03,6.950000000000e-03,20000,22044,0.000000000000e+00,6.641411253444e-03,6.641411253444e-03,0.000000000000e+00,21.8538
15,100,0.3906250000,0.1406250000,2.311299661733e-03,3.100000000000e-03,20000,22044,0.000000000000e+00,2.311299661733e-03,2.311299661733e-03,0.000000000000e+00,21.3954
15,101,0.3945312500,0.1445312500,1.713621887841e-03,1.450000000000e-03,20000,22044,0.000000000000e+00,1.713621887841e-03,1.713621887841e-03,0.000000000000e+00,21.2655
15,102,0.3984375000,0.1484375000,9.677269840891e-04,1.000000000000e-03,20000,22044,0.000000000000e+00,9.677269840891e-04,9.677269840891e-04,0.000000000000e+00,21.0173
15,103,0.4023437500,0.1523437500,1.151380273810e-03,1.350000000000e-03,20000,22044,0.000000000000e+00,1.151380273810e-03,1.151380273810e-03,0.000000000000e+00,21.0928
15,104,0.4062500000,0.1562500000,3.875817112514e-04,2.500000000000e-04,20000,22044,0.000000000000e+00,3.875817112514e-04,3.875817112514e-04,0.000000000000e+00,20.6199
15,105,0.4101562500,0.1601562500,7.829795517075e-04,8.500000000000e-04,20000,22044,0.000000000000e+00,7.829795517075e-04,7.829795517075e-04,0.000000000000e+00,20.9253
15,106,0.4140625000,0.1640625000,2.568483854153e-04,2.500000000000e-04,20000,22044,0.000000000000e+00,2.568483854153e-04,2.568483854153e-04,0.000000000000e+00,20.4413
15,107,0.4179687500,0.1679687500,5.995605925748e-04,6.500000000000e-04,20000,22044,0.000000000000e+00,5.995605925748e-04,5.995605925748e-04,0.000000000000e+00,20.8094
15,108,0.4218750000,0.1718750000,9.978729774716e-05,5.000000000000e-05,20000,22044,0.000000000000e+00,9.978729774716e-05,9.978729774716e-05,0.000000000000e+00,20.0307
15,109,0.4257812500,0.1757812500,6.055205701543e-04,6.500000000000e-04,20000,22044,0.000000000000e+00,6.055205701543e-04,6.055205701543e-04,0.000000000000e+00,20.8137
15,110,0.4296875000,0.1796875000,1.485499553462e-04,1.500000000000e-04,20000,22044,0.000000000000e+00,1.485499553462e-04,1.485499553462e-04,0.000000000000e+00,20.2034
15,111,0.4335937500,0.1835937500,5.328825031447e-04,6.000000000000e-04,20000,22044,0.000000000000e+00,5.328825031447e-04,5.328825031447e-04,0.000000000000e+00,20.7582
15,112,0.4375000000,0.1875000000,8.107061313549e-05,1.000000000000e-04,20000,22044,0.000000000000e+00,8.107061313549e-05,8.107061313549e-05,0.000000000000e+00,19.9404
15,113,0.4414062500,0.1914062500,5.452007460554e-04,5.000000000000e-04,20000,22044,0.000000000000e+00,5.452007460554e-04,5.452007460554e-04,0.000000000000e+00,20.7681
15,114,0.4453125000,0.1953125000,6.312061999097e-05,0.000000000000e+00,20000,22044,0.000000000000e+00,6.312061999097e-05,6.312061999097e-05,0.000000000000e+00,19.8317
15,115,0.4492187500,0.1992187500,4.038616807699e-04,3.500000000000e-04,20000,22044,0.000000000000e+00,4.038616807699e-04,4.038616807699e-04,0.000000000000e+00,20.6378
15,116,0.4531250000,0.2031250000,7.135677087505e-05,5.000000000000e-05,20000,22044,0.000000000000e+00,7.135677087505e-05,7.135677087505e-05,0.000000000000e+00,19.8850
15,117,0.4570312500,0.2070312500,2.208171123005e-04,2.500000000000e-04,20000,22044,0.000000000000e+00,2.208171123005e-04,2.208171123005e-04,0.000000000000e+00,20.3756
15,118,0.4609375000,0.2109375000,1.514320220148e-04,0.000000000000e+00,20000,22044,0.000000000000e+00,1.514320220148e-04,1.514320220148e-04,0.000000000000e+00,20.2118
15,119,0.4648437500,0.2148437500,3.397422748931e-06,0.000000000000e+00,20000,22044,0.000000000000e+00,3.397422748931e-06,3.397422748931e-06,0.000000000000e+00,18.5627
15,120,0.4687500000,0.2187500000,7.515225041963e-05,5.000000000000e-05,20000,22044,0.000000000000e+00,7.515225041963e-05,7.515225041963e-05,0.000000000000e+00,19.9075
15,121,0.4726562500,0.2226562500,6.313889907057e-06,5.000000000000e-05,20000,22044,0.000000000000e+00,6.313889907057e-06,6.313889907057e-06,0.000000000000e+00,18.8319
15,122,0.4765625000,0.2265625000,3.562828953883e-05,0.000000000000e+00,20000,22044,0.000000000000e+00,3.562828953883e-05,3.562828953883e-05,0.000000000000e+00,19.5834
15,123,0.4804687500,0.2304687500,3.669504555112e-06,0.000000000000e+00,20000,22044,0.000000000000e+00,3.669504555112e-06,3.669504555112e-06,0.000000000000e+00,18.5962
15,124,0.4843750000,0.2343750000,1.852830865264e-05,0.000000000000e+00,20000,22044,0.000000000000e+00,1.852830865264e-05,1.852830865264e-05,0.000000000000e+00,19.2994
15,125,0.4882812500,0.2382812500,2.707979558922e-06,0.000000000000e+00,20000,22044,0.000000000000e+00,2.707979558922e-06,2.707979558922e-06,0.000000000000e+00,18.4642
15,126,0.4921875000,0.2421875000,7.405414422652e-06,0.000000000000e+00,20000,22044,0.000000000000e+00,7.405414422652e-06,7.405414422652e-06,0.000000000000e+00,18.9011
15,127,0.4960937500,0.2460937500,1.621781257972e-06,0.000000000000e+00,20000,22044,0.000000000000e+00,1.621781257972e-06,1.621781257972e-06,0.000000000000e+00,18.2416
15,128,0.5000000000,0.2500000000,2.075092423567e-06,0.000000000000e+00,20000,22044,0.000000000000e+00,2.075092423567e-06,2.075092423567e-06,0.000000000000e+00,18.3486
15,129,0.5039062500,0.2539062500,6.824143839701e-07,0.000000000000e+00,20000,22044,0.000000000000e+00,6.824143839701e-07,6.824143839701e-07,0.000000000000e+00,17.8656
15,130,0.5078125000,0.2578125000,3.794394002465e-07,0.000000000000e+00,20000,22044,0.000000000000e+00,3.794394002465e-07,3.794394002465e-07,0.000000000000e+00,17.6107
15,131,0.5117187500,0.2617187500,2.246976997925e-07,0.000000000000e+00,20000,22044,0.000000000000e+00,2.246976997925e-07,2.246976997925e-07,0.000000000000e+00,17.3832
15,132,0.5156250000,0.2656250000,1.248648414219e-08,0.000000000000e+00,20000,22044,0.000000000000e+00,1.248648414219e-08,1.248648414219e-08,0.000000000000e+00,16.1280
15,133,0.5195312500,0.2695312500,3.441046064142e-08,0.000000000000e+00,20000,22044,0.000000000000e+00,3.441046064142e-08,3.441046064142e-08,0.000000000000e+00,16.5683
15,134,0.5234375000,0.2734375000,2.620501524335e-09,0.000000000000e+00,20000,22044,0.000000000000e+00,2.620501524335e-09,2.620501524335e-09,0.000000000000e+00,15.4500
15,135,0.5273437500,0.2773437500,2.702392196970e-09,0.000000000000e+00,20000,22044,0.000000000000e+00,2.702392196970e-09,2.702392196970e-09,0.000000000000e+00,15.4633
15,136,0.5312500000,0.2812500000,2.477192847223e-10,0.000000000000e+00,20000,22044,0.000000000000e+00,2.477192847223e-10,2.477192847223e-10,0.000000000000e+00,14.4255
16,0,0.0000000000,-0.2500000000,3.998101899406e-02,3.910000000000e-02,20000,22044,0.000000000000e+00,3.998101899406e-02,0.000000000000e+00,3.998101899406e-02,23.8255
16,1,0.0039062500,-0.2460937500,5.999852488058e-03,6.450000000000e-03,20000,22044,0.000000000000e+00,5.999852488058e-03,0.000000000000e+00,5.999852488058e-03,23.0018
16,2,0.0078125000,-0.2421875000,7.480436573329e-04,8.500000000000e-04,20000,22044,0.000000000000e+00,7.480436573329e-04,0.000000000000e+00,7.480436573329e-04,22.0976
16,3,0.0117187500,-0.2382812500,1.947205478202e-03,2.750000000000e-03,20000,22044,0.000000000000e+00,1.947205478202e-03,0.000000000000e+00,1.947205478202e-03,22.5131
16,4,0.0156250000,-0.2343750000,8.211886546610e-04,1.000000000000e-03,20000,22044,0.000000000000e+00,8.211886546610e-04,0.000000000000e+00,8.211886546610e-04,22.1381
16,5,0.0195312500,-0.2304687500,1.049377067675e-03,1.100000000000e-03,20000,22044,0.000000000000e+00,1.049377067675e-03,0.000000000000e+00,1.049377067675e-03,22.2446
16,6,0.0234375000,-0.2265625000,1.503816379775e-04,1.000000000000e-04,20000,22044,0.000000000000e+00,1.503816379775e-04,0.000000000000e+00,1.503816379775e-04,21.4009
16,7,0.0273437500,-0.2226562500,1.050153943770e-03,9.500000000000e-04,20000,22044,0.000000000000e+00,1.050153943770e-03,0.000000000000e+00,1.050153943770e-03,22.2449
16,8,0.0312500000,-0.2187500000,6.825055132877e-04,6.000000000000e-04,20000,22044,0.000000000000e+00,6.825055132877e-04,0.000000000000e+00,6.825055132877e-04,22.0578
16,9,0.0351562500,-0.2148437500,1.046638733809e-03,1.000000000000e-03,20000,22044,0.000000000000e+00,1.046638733809e-03,0.000000000000e+00,1.046638733809e-03,22.2435
16,10,0.0390625000,-0.2109375000,1.503816379775e-04,0.000000000000e+00,20000,22044,0.000000000000e+00,1.503816379775e-04,0.000000000000e+00,1.503816379775e-04,21.4009
16,11,0.0429687500,-0.2070312500,1.494009090918e-04,1.000000000000e-04,20000,22044,0.000000000000e+00,1.494009090918e-04,0.000000000000e+00,1.494009090918e-04,21.3980
16,12,0.0468750000,-0.2031250000,1.169849660422e-05,0.000000000000e+00,20000,22044,0.000000000000e+00,1.169849660422e-05,0.000000000000e+00,1.169849660422e-05,20.2918
16,13,0.0507812500,-0.1992187500,7.819980702893e-05,1.000000000000e-04,20000,22044,0.000000000000e+00,7.819980702893e-05,0.000000000000e+00,7.819980702893e-05,21.1169
16,14,0.0546875000,-0.1953125000,7.979433851869e-06,0.000000000000e+00,20000,22044,0.000000000000e+00,7.979433851869e-06,0.000000000000e+00,7.979433851869e-06,20.1256
16,15,0.0585937500,-0.1914062500,9.752575803725e-04,1.600000000000e-03,20000,22044,0.000000000000e+00,9.752575803725e-04,0.000000000000e+00,9.752575803725e-04,22.2128
16,16,0.0625000000,-0.1875000000,6.785391475098e-04,1.050000000000e-03,20000,22044,0.000000000000e+00,6.785391475098e-04,0.000000000000e+00,6.785391475098e-04,22.0552
16,17,0.0664062500,-0.1835937500,1.045212958453e-03,1.200000000000e-03,20000,22044,0.000000000000e+00,1.045212958453e-03,0.000000000000e+00,1.045212958453e-03,22.2429
16,18,0.0703125000,-0.1796875000,1.514990444594e-04,5.000000000000e-05,20000,22044,0.000000000000e+00,1.514990444594e-04,0.000000000000e+00,1.514990444594e-04,21.4041
16,19,0.0742187500,-0.1757812500,1.469075807835e-04,5.000000000000e-05,20000,22044,0.000000000000e+00,1.469075807835e-04,0.000000000000e+00,1.469075807835e-04,21.3907
16,20,0.0781250000,-0.1718750000,1.268570524148e-05,0.000000000000e+00,20000,22044,0.000000000000e+00,1.268570524148e-05,0.000000000000e+00,1.268570524148e-05,20.3270
16,21,0.0820312500,-0.1679687500,7.695408304711e-05,2.000000000000e-04,20000,22044,0.000000000000e+00,7.695408304711e-05,0.000000000000e+00,7.695408304711e-05,21.1099
16,22,0.0859375000,-0.1640625000,1.046916081881e-05,0.000000000000e+00,20000,22044,0.000000000000e+00,1.046916081881e-05,0.000000000000e+00,1.046916081881e-05,20.2436
16,23,0.0898437500,-0.1601562500,7.353908692717e-05,5.000000000000e-05,20000,22044,0.000000000000e+00,7.353908692717e-05,0.000000000000e+00,7.353908692717e-05,21.0902
16,24,0.0937500000,-0.1562500000,6.207862626297e-06,0.000000000000e+00,20000,22044,0.000000000000e+00,6.207862626297e-06,0.000000000000e+00,6.207862626297e-06,20.0166
16,25,0.0976562500,-0.1523437500,7.653539940932e-05,5.000000000000e-05,20000,22044,0.000000000000e+00,7.653539940932e-05,0.000000000000e+00,7.653539940932e-05,21.1075
16,26,0.1015625000,-0.1484375000,9.205434101563e-06,5.000000000000e-05,20000,22044,0.000000000000e+00,9.205434101563e-06,0.000000000000e+00,9.205434101563e-06,20.1877
16,27,0.1054687500,-0.1445312500,6.041631704155e-06,0.000000000000e+00,20000,22044,0.000000000000e+00,6.041631704155e-06,0.000000000000e+00,6.041631704155e-06,20.0048
16,28,0.1093750000,-0.1406250000,2.611649242300e-06,0.000000000000e+00,20000,22044,0.000000000000e+00,2.611649242300e-06,0.000000000000e+00,2.611649242300e-06,19.6406
16,29,0.1132812500,-0.1367187500,1.625707530142e-05,5.000000000000e-05,20000,22044,0.000000000000e+00,1.625707530142e-05,0.000000000000e+00,1.625707530142e-05,20.4347
16,30,0.1171875000,-0.1328125000,5.428316016919e-05,5.000000000000e-05,20000,22044,0.000000000000e+00,5.428316016919e-05,0.000000000000e+00,5.428316016919e-05,20.9583
16,31,0.1210937500,-0.1289062500,9.096279989535e-04,9.000000000000e-04,20000,22044,0.000000000000e+00,9.096279989535e-04,0.000000000000e+00,9.096279989535e-04,22.1825
16,32,0.1250000000,-0.1250000000,6.935968691405e-04,9.500000000000e-04,20000,22044,0.000000000000e+00,6.935968691405e-04,0.000000000000e+00,6.935968691405e-04,22.0648
16,33,0.1289062500,-0.1210937500,9.666290854506e-04,1.050000000000e-03,20000,22044,0.000000000000e+00,9.666290854506e-04,0.000000000000e+00,9.666290854506e-04,22.2089
16,34,0.1328125000,-0.1171875000,2.114639967234e-04,3.500000000000e-04,20000,22044,0.000000000000e+00,2.114639967234e-04,0.000000000000e+00,2.114639967234e-04,21.5489
16,35,0.1367187500,-0.1132812500,1.288823954144e-04,1.000000000000e-04,20000,22044,0.000000000000e+00,1.288823954144e-04,0.000000000000e+00,1.288823954144e-04,21.3338
16,36,0.1406250000,-0.1093750000,2.833169210772e-05,0.000000000000e+00,20000,22044,0.000000000000e+00,2.833169210772e-05,0.000000000000e+00,2.833169210772e-05,20.6759
16,37,0.1445312500,-0.1054687500,6.127222873766e-05,5.000000000000e-05,20000,22044,0.000000000000e+00,6.127222873766e-05,0.000000000000e+00,6.127222873766e-05,21.0109
16,38,0.1484375000,-0.1015625000,4.047384725513e-05,1.000000000000e-04,20000,22044,0.000000000000e+00,4.047384725513e-05,0.000000000000e+00,4.047384725513e-05,20.8308
16,39,0.1523437500,-0.0976562500,6.023171242742e-05,0.000000000000e+00,20000,22044,0.000000000000e+00,6.023171242742e-05,0.000000000000e+00,6.023171242742e-05,21.0035
16,40,0.1562500000,-0.0937500000,7.580037317753e-06,0.000000000000e+00,20000,22044,0.000000000000e+00,7.580037317753e-06,0.000000000000e+00,7.580037317753e-06,20.1033
16,41,0.1601562500,-0.0898437500,5.881029475969e-05,1.000000000000e-04,20000,22044,0.000000000000e+00,5.881029475969e-05,0.000000000000e+00,5.881029475969e-05,20.9931
16,42,0.1640625000,-0.0859375000,2.314541525997e-05,0.000000000000e+00,20000,22044,0.000000000000e+00,2.314541525997e-05,0.000000000000e+00,2.314541525997e-05,20.5881
16,43,0.1679687500,-0.0820312500,5.831869154326e-06,0.000000000000e+00,20000,22044,0.000000000000e+00,5.831869154326e-06,0.000000000000e+00,5.831869154326e-06,19.9895
16,44,0.1718750000,-0.0781250000,6.685202845098e-06,0.000000000000e+00,20000,22044,0.000000000000e+00,6.685202845098e-06,0.000000000000e+00,6.685202845098e-06,20.0488
16,45,0.1757812500,-0.0742187500,1.941453458390e-06,0.000000000000e+00,20000,22044,0.000000000000e+00,1.941453458390e-06,0.000000000000e+00,1.941453458390e-06,19.5118
16,46,0.1796875000,-0.0703125000,1.874017406191e-05,0.000000000000e+00,20000,22044,0.000000000000e+00,1.874017406191e-05,0.000000000000e+00,1.874017406191e-05,20.4964
16,47,0.1835937500,-0.0664062500,5.662999703872e-05,5.000000000000e-05,20000,22044,0.000000000000e+00,5.662999703872e-05,0.000000000000e+00,5.662999703872e-05,20.9767
16,48,0.1875000000,-0.0625000000,4.158780470364e-06,0.000000000000e+00,20000,22044,0.000000000000e+00,4.158780470364e-06,0.000000000000e+00,4.158780470364e-06,19.8426
16,49,0.1914062500,-0.0585937500,5.878970489295e-05,5.000000000000e-05,20000,22044,0.000000000000e+00,5.878970489295e-05,0.000000000000e+00,5.878970489295e-05,20.9930
16,50,0.1953125000,-0.0546875000,2.280871947793e-05,5.000000000000e-05,20000,22044,0.000000000000e+00,2.280871947793e-05,0.000000000000e+00,2.280871947793e-05,20.5818
16,51,0.1992187500,-0.0507812500,5.797762733759e-06,0.000000000000e+00,20000,22044,0.000000000000e+00,5.797762733759e-06,0.000000000000e+00,5.797762733759e-06,19.9869
16,52,0.2031250000,-0.0468750000,4.996347946126e-06,0.000000000000e+00,20000,22044,0.000000000000e+00,4.996347946126e-06,0.000000000000e+00,4.996347946126e-06,19.9223
16,53,0.2070312500,-0.0429687500,2.483352173896e-06,5.000000000000e-05,20000,22044,0.000000000000e+00,2.483352173896e-06,0.000000000000e+00,2.483352173896e-06,19.6187
16,54,0.2109375000,-0.0390625000,2.393555691355e-06,0.000000000000e+00,20000,22044,0.000000000000e+00,2.393555691355e-06,0.000000000000e+00,2.393555691355e-06,19.6027
16,55,0.2148437500,-0.0351562500,2.103203635074e-06,0.000000000000e+00,20000,22044,0.000000000000e+00,2.103203635074e-06,0.000000000000e+00,2.103203635074e-06,19.5465
16,56,0.2187500000,-0.0312500000,7.830012550997e-06,0.000000000000e+00,20000,22044,5.577326001550e-06,2.252686549447e-06,5.577326001550e-06,2.252686549447e-06,20.1174
16,57,0.2226562500,-0.0273437500,1.028325134722e-04,0.000000000000e+00,20000,22044,1.010828641697e-04,1.749649302465e-06,1.010828641697e-04,1.749649302465e-06,21.2358
16,58,0.2265625000,-0.0234375000,8.881693323211e-04,1.000000000000e-03,20000,22044,8.445739308915e-04,4.359540142959e-05,8.869481003081e-04,1.221232013055e-06,22.1722
16,59,0.2304687500,-0.0195312500,4.320869985616e-03,4.650000000000e-03,20000,22044,4.318343229254e-03,2.526756362009e-06,4.320170223956e-03,6.997616595710e-07,22.8592
16,60,0.2343750000,-0.0156250000,1.691288653684e-02,1.680000000000e-02,20000,22044,1.512350807659e-02,1.789378460253e-03,1.691268170175e-02,2.048350929344e-07,23.4519
16,61,0.2382812500,-0.0117187500,3.854111069525e-02,3.905000000000e-02,20000,22044,3.846800003071e-02,7.311066453657e-05,3.854088932381e-02,2.213714356572e-07,23.8096
16,62,0.2421875000,-0.0078125000,8.975976129114e-02,9.290000000000e-02,20000,22044,7.351300005869e-02,1.624676123245e-02,8.975974433826e-02,1.695288333324e-08,24.1767
16,63,0.2460937500,-0.0039062500,1.082813746942e-01,1.060500000000e-01,20000,22044,1.076660985253e-01,6.152761688341e-04,1.082813264336e-01,4.826057606592e-08,24.2582
16,64,0.2500000000,0.0000000000,1.631625000088e-01,1.631500000000e-01,20000,22044,1.221337305147e-01,4.102876949411e-02,1.631624960996e-01,3.909221243618e-09,24.4363
16,65,0.2539062500,0.0039062500,1.170094587567e-01,1.166500000000e-01,20000,22044,1.076660985253e-01,9.343360231326e-03,1.170094558270e-01,2.929651105502e-09,24.2919
16,66,0.2578125000,0.0078125000,1.101062939517e-01,1.077500000000e-01,20000,22044,7.351300005869e-02,3.659329389297e-02,1.101062936624e-01,2.892190586795e-10,24.2655
16,67,0.2617187500,0.0117187500,5.746596271229e-02,5.745000000000e-02,20000,22044,3.846800003071e-02,1.899796268157e-02,5.746596269687e-02,1.541620990726e-11,23.9831
16,68,0.2656250000,0.0156250000,3.761237176768e-02,3.660000000000e-02,20000,22044,1.512350807659e-02,2.248886369109e-02,3.761237176531e-02,2.363451732592e-12,23.7990
16,69,0.2695312500,0.0195312500,1.498287501619e-02,1.440000000000e-02,20000,22044,4.318343229254e-03,1.066453178694e-02,1.498287501619e-02,0.000000000000e+00,23.3993
16,70,0.2734375000,0.0234375000,2.155755369097e-02,2.130000000000e-02,20000,22044,8.445739308915e-04,2.071297976008e-02,2.155755369097e-02,0.000000000000e+00,23.5573
16,71,0.2773437500,0.0273437500,1.074882260808e-02,1.140000000000e-02,20000,22044,1.010828641697e-04,1.064773974391e-02,1.074882260808e-02,0.000000000000e+00,23.2550
16,72,0.2812500000,0.0312500000,7.672544616498e-03,8.050000000000e-03,20000,22044,5.577326001550e-06,7.666967290496e-03,7.672544616498e-03,0.000000000000e+00,23.1086
16,73,0.2851562500,0.0351562500,1.021372740037e-02,1.075000000000e-02,20000,22044,0.000000000000e+00,1.021372740037e-02,1.021372740037e-02,0.000000000000e+00,23.2328
16,74,0.2890625000,0.0390625000,8.714166070024e-03,8.500000000000e-03,20000,22044,0.000000000000e+00,8.714166070024e-03,8.714166070024e-03,0.000000000000e+00,23.1639
16,75,0.2929687500,0.0429687500,1.147549656119e-03,1.550000000000e-03,20000,22044,0.000000000000e+00,1.147549656119e-03,1.147549656119e-03,0.000000000000e+00,22.2834
16,76,0.2968750000,0.0468750000,1.223088734751e-02,1.200000000000e-02,20000,22044,0.000000000000e+00,1.223088734751e-02,1.223088734751e-02,0.000000000000e+00,23.3111
16,77,0.3007812500,0.0507812500,9.793991391557e-04,8.000000000000e-04,20000,22044,0.000000000000e+00,9.793991391557e-04,9.793991391557e-04,0.000000000000e+00,22.2146
16,78,0.3046875000,0.0546875000,8.374175009979e-03,8.100000000000e-03,20000,22044,0.000000000000e+00,8.374175009979e-03,8.374175009979e-03,0.000000000000e+00,23.1466
16,79,0.3085937500,0.0585937500,9.816682386722e-03,9.750000000000e-03,20000,22044,0.000000000000e+00,9.816682386722e-03,9.816682386722e-03,0.000000000000e+00,23.2156
16,80,0.3125000000,0.0625000000,8.412574852775e-04,8.000000000000e-04,20000,22044,0.000000000000e+00,8.412574852775e-04,8.412574852775e-04,0.000000000000e+00,22.1486
16,81,0.3164062500,0.0664062500,9.653327432426e-03,1.050000000000e-02,20000,22044,0.000000000000e+00,9.653327432426e-03,9.653327432426e-03,0.000000000000e+00,23.2083
16,82,0.3203125000,0.0703125000,7.333346808167e-03,7.650000000000e-03,20000,22044,0.000000000000e+00,7.333346808167e-03,7.333346808167e-03,0.000000000000e+00,23.0890
16,83,0.3242187500,0.0742187500,1.010646229564e-03,8.500000000000e-04,20000,22044,0.000000000000e+00,1.010646229564e-03,1.010646229564e-03,0.000000000000e+00,22.2283
16,84,0.3281250000,0.0781250000,7.065742490338e-03,6.550000000000e-03,20000,22044,0.000000000000e+00,7.065742490338e-03,7.065742490338e-03,0.000000000000e+00,23.0728
16,85,0.3320312500,0.0820312500,1.001930641096e-03,1.300000000000e-03,20000,22044,0.000000000000e+00,1.001930641096e-03,1.001930641096e-03,0.000000000000e+00,22.2245
16,86,0.3359375000,0.0859375000,1.864505063784e-03,2.250000000000e-03,20000,22044,0.000000000000e+00,1.864505063784e-03,1.864505063784e-03,0.000000000000e+00,22.4942
16,87,0.3398437500,0.0898437500,4.811121222280e-04,4.500000000000e-04,20000,22044,0.000000000000e+00,4.811121222280e-04,4.811121222280e-04,0.000000000000e+00,21.9059
16,88,0.3437500000,0.0937500000,9.869316970256e-04,1.600000000000e-03,20000,22044,0.000000000000e+00,9.869316970256e-04,9.869316970256e-04,0.000000000000e+00,22.2179
16,89,0.3476562500,0.0976562500,5.940214334355e-04,5.500000000000e-04,20000,22044,0.000000000000e+00,5.940214334355e-04,5.940214334355e-04,0.000000000000e+00,21.9975
16,90,0.3515625000,0.1015625000,6.322325265049e-04,5.500000000000e-04,20000,22044,0.000000000000e+00,6.322325265049e-04,6.322325265049e-04,0.000000000000e+00,22.0245
16,91,0.3554687500,0.1054687500,2.146375376388e-03,1.900000000000e-03,20000,22044,0.000000000000e+00,2.146375376388e-03,2.146375376388e-03,0.000000000000e+00,22.5554
16,92,0.3593750000,0.1093750000,3.765750307804e-03,3.350000000000e-03,20000,22044,0.000000000000e+00,3.765750307804e-03,3.765750307804e-03,0.000000000000e+00,22.7995
16,93,0.3632812500,0.1132812500,5.719711378547e-04,8.000000000000e-04,20000,22044,0.000000000000e+00,5.719711378547e-04,5.719711378547e-04,0.000000000000e+00,21.9810
16,94,0.3671875000,0.1171875000,7.206672495000e-03,6.250000000000e-03,20000,22044,0.000000000000e+00,7.206672495000e-03,7.206672495000e-03,0.000000000000e+00,23.0814
16,95,0.3710937500,0.1210937500,9.210097196896e-03,9.800000000000e-03,20000,22044,0.000000000000e+00,9.210097196896e-03,9.210097196896e-03,0.000000000000e+00,23.1879
16,96,0.3750000000,0.1250000000,8.604791240064e-04,1.100000000000e-03,20000,22044,0.000000000000e+00,8.604791240064e-04,8.604791240064e-04,0.000000000000e+00,22.1584
16,97,0.3789062500,0.1289062500,9.246078543896e-03,9.750000000000e-03,20000,22044,0.000000000000e+00,9.246078543896e-03,9.246078543896e-03,0.000000000000e+00,23.1896
16,98,0.3828125000,0.1328125000,7.286269685073e-03,7.550000000000e-03,20000,22044,0.000000000000e+00,7.286269685073e-03,7.286269685073e-03,0.000000000000e+00,23.0862
16,99,0.3867187500,0.1367187500,1.137375845235e-03,1.050000000000e-03,20000,22044,0.000000000000e+00,1.137375845235e-03,1.137375845235e-03,0.000000000000e+00,22.2796
16,100,0.3906250000,0.1406250000,5.666417195624e-03,5.500000000000e-03,20000,22044,0.000000000000e+00,5.666417195624e-03,5.666417195624e-03,0.000000000000e+00,22.9770
16,101,0.3945312500,0.1445312500,1.886601454889e-03,1.200000000000e-03,20000,22044,0.000000000000e+00,1.886601454889e-03,1.886601454889e-03,0.000000000000e+00,22.4993
16,102,0.3984375000,0.1484375000,1.403292995826e-03,1.350000000000e-03,20000,22044,0.000000000000e+00,1.403292995826e-03,1.403292995826e-03,0.000000000000e+00,22.3708
16,103,0.4023437500,0.1523437500,8.149249703428e-04,7.000000000000e-04,20000,22044,0.000000000000e+00,8.149249703428e-04,8.149249703428e-04,0.000000000000e+00,22.1348
16,104,0.4062500000,0.1562500000,1.074077736207e-03,1.400000000000e-03,20000,22044,0.000000000000e+00,1.074077736207e-03,1.074077736207e-03,0.000000000000e+00,22.2547
16,105,0.4101562500,0.1601562500,3.655384762568e-04,4.500000000000e-04,20000,22044,0.000000000000e+00,3.655384762568e-04,3.655384762568e-04,0.000000000000e+00,21.7866
16,106,0.4140625000,0.1640625000,5.695376701799e-04,3.500000000000e-04,20000,22044,0.000000000000e+00,5.695376701799e-04,5.695376701799e-04,0.000000000000e+00,21.9792
16,107,0.4179687500,0.1679687500,3.161431532025e-04,1.500000000000e-04,20000,22044,0.000000000000e+00,3.161431532025e-04,3.161431532025e-04,0.000000000000e+00,21.7235
16,108,0.4218750000,0.1718750000,6.831234534987e-04,6.000000000000e-04,20000,22044,0.000000000000e+00,6.831234534987e-04,6.831234534987e-04,0.000000000000e+00,22.0582
16,109,0.4257812500,0.1757812500,2.364409040047e-04,2.000000000000e-04,20000,22044,0.000000000000e+00,2.364409040047e-04,2.364409040047e-04,0.000000000000e+00,21.5974
16,110,0.4296875000,0.1796875000,5.402956566713e-04,8.500000000000e-04,20000,22044,0.000000000000e+00,5.402956566713e-04,5.402956566713e-04,0.000000000000e+00,21.9563
16,111,0.4335937500,0.1835937500,1.379018851138e-04,5.000000000000e-05,20000,22044,0.000000000000e+00,1.379018851138e-04,1.379018851138e-04,0.000000000000e+00,21.3632
16,112,0.4375000000,0.1875000000,6.042090127025e-04,2.000000000000e-04,20000,22044,0.000000000000e+00,6.042090127025e-04,6.042090127025e-04,0.000000000000e+00,22.0048
16,113,0.4414062500,0.1914062500,9.105830904496e-05,5.000000000000e-05,20000,22044,0.000000000000e+00,9.105830904496e-05,9.105830904496e-05,0.000000000000e+00,21.1830
16,114,0.4453125000,0.1953125000,5.372763685781e-04,6.000000000000e-04,20000,22044,0.000000000000e+00,5.372763685781e-04,5.372763685781e-04,0.000000000000e+00,21.9539
16,115,0.4492187500,0.1992187500,8.157485833168e-05,1.000000000000e-04,20000,22044,0.000000000000e+00,8.157485833168e-05,8.157485833168e-05,0.000000000000e+00,21.1352
16,116,0.4531250000,0.2031250000,3.517156750174e-04,3.500000000000e-04,20000,22044,0.000000000000e+00,3.517156750174e-04,3.517156750174e-04,0.000000000000e+00,21.7698
16,117,0.4570312500,0.2070312500,2.292862653428e-04,2.500000000000e-04,20000,22044,0.000000000000e+00,2.292862653428e-04,2.292862653428e-04,0.000000000000e+00,21.5840
16,118,0.4609375000,0.2109375000,2.856263278782e-05,5.000000000000e-05,20000,22044,0.000000000000e+00,2.856263278782e-05,2.856263278782e-05,0.000000000000e+00,20.6795
16,119,0.4648437500,0.2148437500,1.327169087496e-04,0.000000000000e+00,20000,22044,0.000000000000e+00,1.327169087496e-04,1.327169087496e-04,0.000000000000e+00,21.3466
16,120,0.4687500000,0.2187500000,4.258682336917e-06,0.000000000000e+00,20000,22044,0.000000000000e+00,4.258682336917e-06,4.258682336917e-06,0.000000000000e+00,19.8529
16,121,0.4726562500,0.2226562500,6.772834644418e-05,0.000000000000e+00,20000,22044,0.000000000000e+00,6.772834644418e-05,6.772834644418e-05,0.000000000000e+00,21.0544
16,122,0.4765625000,0.2265625000,6.566622136835e-06,0.000000000000e+00,20000,22044,0.000000000000e+00,6.566622136835e-06,6.566622136835e-06,0.000000000000e+00,20.0410
16,123,0.4804687500,0.2304687500,3.260321511870e-05,5.000000000000e-05,20000,22044,0.000000000000e+00,3.260321511870e-05,3.260321511870e-05,0.000000000000e+00,20.7369
16,124,0.4843750000,0.2343750000,4.363632537774e-06,0.000000000000e+00,20000,22044,0.000000000000e+00,4.363632537774e-06,4.363632537774e-06,0.000000000000e+00,19.8635
16,125,0.4882812500,0.2382812500,1.557701823431e-05,0.000000000000e+00,20000,22044,0.000000000000e+00,1.557701823431e-05,1.557701823431e-05,0.000000000000e+00,20.4161
16,126,0.4921875000,0.2421875000,3.031682435544e-06,0.000000000000e+00,20000,22044,0.000000000000e+00,3.031682435544e-06,3.031682435544e-06,0.000000000000e+00,19.7053
16,127,0.4960937500,0.2460937500,5.567149902421e-06,0.000000000000e+00,20000,22044,0.000000000000e+00,5.567149902421e-06,5.567149902421e-06,0.000000000000e+00,19.9693
16,128,0.5000000000,0.2500000000,1.522228943545e-06,0.000000000000e+00,20000,22044,0.000000000000e+00,1.522228943545e-06,1.522228943545e-06,0.000000000000e+00,19.4061
16,129,0.5039062500,0.2539062500,1.480452628521e-06,0.000000000000e+00,20000,22044,0.000000000000e+00,1.480452628521e-06,1.480452628521e-06,0.000000000000e+00,19.3941
16,130,0.5078125000,0.2578125000,7.599365775246e-07,0.000000000000e+00,20000,22044,0.000000000000e+00,7.599365775246e-07,7.599365775246e-07,0.000000000000e+00,19.1044
16,131,0.5117187500,0.2617187500,7.208657301019e-08,0.000000000000e+00,20000,22044,0.000000000000e+00,7.208657301019e-08,7.208657301019e-08,0.000000000000e+00,18.0815
16,132,0.5156250000,0.2656250000,1.672365295560e-07,0.000000000000e+00,20000,22044,0.000000000000e+00,1.672365295560e-07,1.672365295560e-07,0.000000000000e+00,18.4470
16,133,0.5195312500,0.2695312500,1.069248814749e-08,0.000000000000e+00,20000,22044,0.000000000000e+00,1.069248814749e-08,1.069248814749e-08,0.000000000000e+00,17.2527
16,134,0.5234375000,0.2734375000,2.394891076833e-08,0.000000000000e+00,20000,22044,0.000000000000e+00,2.394891076833e-08,2.394891076833e-08,0.000000000000e+00,17.6029
16,135,0.5273437500,0.2773437500,2.037466245427e-09,0.000000000000e+00,20000,22044,0.000000000000e+00,2.037466245427e-09,2.037466245427e-09,0.000000000000e+00,16.5327
16,136,0.5312500000,0.2812500000,1.722006272768e-09,0.000000000000e+00,20000,22044,0.000000000000e+00,1.722006272768e-09,1.722006272768e-09,0.000000000000e+00,16.4597
16,137,0.5351562500,0.2851562500,1.736476913716e-10,0.000000000000e+00,20000,22044,0.000000000000e+00,1.736476913716e-10,1.736476913716e-10,0.000000000000e+00,15.4633
17,0,0.0000000000,-0.2500000000,4.128080514583e-02,4.095000000000e-02,20000,22044,0.000000000000e+00,4.128080514583e-02,0.000000000000e+00,4.128080514583e-02,25.0034
17,1,0.0039062500,-0.2460937500,6.918224574624e-03,7.100000000000e-03,20000,22044,0.000000000000e+00,6.918224574624e-03,0.000000000000e+00,6.918224574624e-03,24.2277
17,2,0.0078125000,-0.2421875000,2.365126892873e-04,1.000000000000e-04,20000,22044,0.000000000000e+00,2.365126892873e-04,0.000000000000e+00,2.365126892873e-04,22.7615
17,3,0.0117187500,-0.2382812500,2.818721285882e-03,2.550000000000e-03,20000,22044,0.000000000000e+00,2.818721285882e-03,0.000000000000e+00,2.818721285882e-03,23.8377
17,4,0.0156250000,-0.2343750000,2.665546332167e-04,5.000000000000e-04,20000,22044,0.000000000000e+00,2.665546332167e-04,0.000000000000e+00,2.665546332167e-04,22.8134
17,5,0.0195312500,-0.2304687500,1.519936251527e-03,1.450000000000e-03,20000,22044,0.000000000000e+00,1.519936251527e-03,0.000000000000e+00,1.519936251527e-03,23.5695
17,6,0.0234375000,-0.2265625000,1.796610121921e-04,2.500000000000e-04,20000,22044,0.000000000000e+00,1.796610121921e-04,0.000000000000e+00,1.796610121921e-04,22.6421
17,7,0.0273437500,-0.2226562500,1.442049810441e-03,1.350000000000e-03,20000,22044,0.000000000000e+00,1.442049810441e-03,0.000000000000e+00,1.442049810441e-03,23.5466
17,8,0.0312500000,-0.2187500000,1.431847788039e-04,3.500000000000e-04,20000,22044,0.000000000000e+00,1.431847788039e-04,0.000000000000e+00,1.431847788039e-04,22.5436
17,9,0.0351562500,-0.2148437500,1.515243239191e-03,1.250000000000e-03,20000,22044,0.000000000000e+00,1.515243239191e-03,0.000000000000e+00,1.515243239191e-03,23.5681
17,10,0.0390625000,-0.2109375000,1.796610121921e-04,1.500000000000e-04,20000,22044,0.000000000000e+00,1.796610121921e-04,0.000000000000e+00,1.796610121921e-04,22.6421
17,11,0.0429687500,-0.2070312500,1.383712854812e-04,5.000000000000e-05,20000,22044,0.000000000000e+00,1.383712854812e-04,0.000000000000e+00,1.383712854812e-04,22.5287
17,12,0.0468750000,-0.2031250000,5.629115777918e-05,0.000000000000e+00,20000,22044,0.000000000000e+00,5.629115777918e-05,0.000000000000e+00,5.629115777918e-05,22.1381
17,13,0.0507812500,-0.1992187500,7.193310544547e-05,0.000000000000e+00,20000,22044,0.000000000000e+00,7.193310544547e-05,0.000000000000e+00,7.193310544547e-05,22.2446
17,14,0.0546875000,-0.1953125000,1.030841873233e-05,0.000000000000e+00,20000,22044,0.000000000000e+00,1.030841873233e-05,0.000000000000e+00,1.030841873233e-05,21.4009
17,15,0.0585937500,-0.1914062500,1.375664884009e-03,1.300000000000e-03,20000,22044,0.000000000000e+00,1.375664884009e-03,0.000000000000e+00,1.375664884009e-03,23.5262
17,16,0.0625000000,-0.1875000000,1.380830423261e-04,5.000000000000e-05,20000,22044,0.000000000000e+00,1.380830423261e-04,0.000000000000e+00,1.380830423261e-04,22.5278
17,17,0.0664062500,-0.1835937500,1.510839396084e-03,1.650000000000e-03,20000,22044,0.000000000000e+00,1.510839396084e-03,0.000000000000e+00,1.510839396084e-03,23.5669
17,18,0.0703125000,-0.1796875000,1.837917545593e-04,2.500000000000e-04,20000,22044,0.000000000000e+00,1.837917545593e-04,0.000000000000e+00,1.837917545593e-04,22.6520
17,19,0.0742187500,-0.1757812500,1.299300911551e-04,5.000000000000e-05,20000,22044,0.000000000000e+00,1.299300911551e-04,0.000000000000e+00,1.299300911551e-04,22.5014
17,20,0.0781250000,-0.1718750000,6.032758292441e-05,0.000000000000e+00,20000,22044,0.000000000000e+00,6.032758292441e-05,0.000000000000e+00,6.032758292441e-05,22.1682
17,21,0.0820312500,-0.1679687500,6.771697070855e-05,1.000000000000e-04,20000,22044,0.000000000000e+00,6.771697070855e-05,0.000000000000e+00,6.771697070855e-05,22.2184
17,22,0.0859375000,-0.1640625000,1.873189224852e-05,1.000000000000e-04,20000,22044,0.000000000000e+00,1.873189224852e-05,0.000000000000e+00,1.873189224852e-05,21.6602
17,23,0.0898437500,-0.1601562500,6.804549517790e-05,0.000000000000e+00,20000,22044,0.000000000000e+00,6.804549517790e-05,0.000000000000e+00,6.804549517790e-05,22.2205
17,24,0.0937500000,-0.1562500000,4.669170784554e-05,1.000000000000e-04,20000,22044,0.000000000000e+00,4.669170784554e-05,0.000000000000e+00,4.669170784554e-05,22.0569
17,25,0.0976562500,-0.1523437500,6.745897377947e-05,5.000000000000e-05,20000,22044,0.000000000000e+00,6.745897377947e-05,0.000000000000e+00,6.745897377947e-05,22.2167
17,26,0.1015625000,-0.1484375000,1.441526133135e-05,0.000000000000e+00,20000,22044,0.000000000000e+00,1.441526133135e-05,0.000000000000e+00,1.441526133135e-05,21.5465
17,27,0.1054687500,-0.1445312500,1.024874325430e-05,0.000000000000e+00,20000,22044,0.000000000000e+00,1.024874325430e-05,0.000000000000e+00,1.024874325430e-05,21.3983
17,28,0.1093750000,-0.1406250000,7.829482113703e-07,0.000000000000e+00,20000,22044,0.000000000000e+00,7.829482113703e-07,0.000000000000e+00,7.829482113703e-07,20.2814
17,29,0.1132812500,-0.1367187500,4.655437943144e-05,0.000000000000e+00,20000,22044,0.000000000000e+00,4.655437943144e-05,0.000000000000e+00,4.655437943144e-05,22.0556
17,30,0.1171875000,-0.1328125000,3.349869044541e-06,0.000000000000e+00,20000,22044,0.000000000000e+00,3.349869044541e-06,0.000000000000e+00,3.349869044541e-06,20.9127
17,31,0.1210937500,-0.1289062500,1.339839421878e-03,1.500000000000e-03,20000,22044,0.000000000000e+00,1.339839421878e-03,0.000000000000e+00,1.339839421878e-03,23.5147
17,32,0.1250000000,-0.1250000000,1.573202959539e-04,3.000000000000e-04,20000,22044,0.000000000000e+00,1.573202959539e-04,0.000000000000e+00,1.573202959539e-04,22.5844
17,33,0.1289062500,-0.1210937500,1.443632139622e-03,1.850000000000e-03,20000,22044,0.000000000000e+00,1.443632139622e-03,0.000000000000e+00,1.443632139622e-03,23.5471
17,34,0.1328125000,-0.1171875000,1.993048915753e-04,1.000000000000e-04,20000,22044,0.000000000000e+00,1.993048915753e-04,0.000000000000e+00,1.993048915753e-04,22.6872
17,35,0.1367187500,-0.1132812500,1.187243605915e-04,2.000000000000e-04,20000,22044,0.000000000000e+00,1.187243605915e-04,0.000000000000e+00,1.187243605915e-04,22.4622
17,36,0.1406250000,-0.1093750000,8.586039674860e-05,0.000000000000e+00,20000,22044,0.000000000000e+00,8.586039674860e-05,0.000000000000e+00,8.586039674860e-05,22.3215
17,37,0.1445312500,-0.1054687500,4.518081157588e-05,0.000000000000e+00,20000,22044,0.000000000000e+00,4.518081157588e-05,0.000000000000e+00,4.518081157588e-05,22.0426
17,38,0.1484375000,-0.1015625000,6.985513696504e-05,0.000000000000e+00,20000,22044,0.000000000000e+00,6.985513696504e-05,0.000000000000e+00,6.985513696504e-05,22.2319
17,39,0.1523437500,-0.0976562500,4.397238129156e-05,5.000000000000e-05,20000,22044,0.000000000000e+00,4.397238129156e-05,0.000000000000e+00,4.397238129156e-05,22.0308
17,40,0.1562500000,-0.0937500000,4.759619909104e-05,2.500000000000e-04,20000,22044,0.000000000000e+00,4.759619909104e-05,0.000000000000e+00,4.759619909104e-05,22.0652
17,41,0.1601562500,-0.0898437500,3.607657505591e-05,0.000000000000e+00,20000,22044,0.000000000000e+00,3.607657505591e-05,0.000000000000e+00,3.607657505591e-05,21.9449
17,42,0.1640625000,-0.0859375000,3.947480128881e-05,5.000000000000e-05,20000,22044,0.000000000000e+00,3.947480128881e-05,0.000000000000e+00,3.947480128881e-05,21.9840
17,43,0.1679687500,-0.0820312500,1.355014808416e-05,0.000000000000e+00,20000,22044,0.000000000000e+00,1.355014808416e-05,0.000000000000e+00,1.355014808416e-05,21.5196
17,44,0.1718750000,-0.0781250000,3.552270013115e-06,0.000000000000e+00,20000,22044,0.000000000000e+00,3.552270013115e-06,0.000000000000e+00,3.552270013115e-06,20.9382
17,45,0.1757812500,-0.0742187500,8.076379791305e-06,0.000000000000e+00,20000,22044,0.000000000000e+00,8.076379791305e-06,0.000000000000e+00,8.076379791305e-06,21.2949
17,46,0.1796875000,-0.0703125000,3.218792899683e-05,0.000000000000e+00,20000,22044,0.000000000000e+00,3.218792899683e-05,0.000000000000e+00,3.218792899683e-05,21.8954
17,47,0.1835937500,-0.0664062500,3.563985183419e-05,5.000000000000e-05,20000,22044,0.000000000000e+00,3.563985183419e-05,0.000000000000e+00,3.563985183419e-05,21.9396
17,48,0.1875000000,-0.0625000000,4.423410434718e-05,0.000000000000e+00,20000,22044,0.000000000000e+00,4.423410434718e-05,0.000000000000e+00,4.423410434718e-05,22.0334
17,49,0.1914062500,-0.0585937500,3.682209996216e-05,0.000000000000e+00,20000,22044,0.000000000000e+00,3.682209996216e-05,0.000000000000e+00,3.682209996216e-05,21.9538
17,50,0.1953125000,-0.0546875000,3.825568960386e-05,0.000000000000e+00,20000,22044,0.000000000000e+00,3.825568960386e-05,0.000000000000e+00,3.825568960386e-05,21.9704
17,51,0.1992187500,-0.0507812500,1.360216836220e-05,0.000000000000e+00,20000,22044,0.000000000000e+00,1.360216836220e-05,0.000000000000e+00,1.360216836220e-05,21.5213
17,52,0.2031250000,-0.0468750000,1.470286557328e-06,0.000000000000e+00,20000,22044,0.000000000000e+00,1.470286557328e-06,0.000000000000e+00,1.470286557328e-06,20.5551
17,53,0.2070312500,-0.0429687500,6.655761232842e-06,0.000000000000e+00,20000,22044,0.000000000000e+00,6.655761232842e-06,0.000000000000e+00,6.655761232842e-06,21.2109
17,54,0.2109375000,-0.0390625000,4.631167244820e-07,0.000000000000e+00,20000,22044,0.000000000000e+00,4.631167244820e-07,0.000000000000e+00,4.631167244820e-07,20.0533
17,55,0.2148437500,-0.0351562500,7.822270838888e-06,0.000000000000e+00,20000,22044,2.518792387797e-06,5.303478451092e-06,2.518792387797e-06,5.303478451092e-06,21.2810
17,56,0.2187500000,-0.0312500000,4.201082358157e-07,0.000000000000e+00,20000,22044,0.000000000000e+00,4.201082358157e-07,0.000000000000e+00,4.201082358157e-07,20.0110
17,57,0.2226562500,-0.0273437500,4.942467618083e-04,6.500000000000e-04,20000,22044,4.889323114942e-04,5.314450314115e-06,4.900792615993e-04,4.167500208958e-06,23.0816
17,58,0.2265625000,-0.0234375000,2.218285548780e-05,0.000000000000e+00,20000,22044,0.000000000000e+00,2.218285548780e-05,2.175305462600e-05,4.298008617992e-07,21.7337
17,59,0.2304687500,-0.0195312500,1.185952978883e-02,1.260000000000e-02,20000,22044,1.168203881935e-02,1.774909694804e-04,1.185803538373e-02,1.494405098641e-06,24.4617
17,60,0.2343750000,-0.0156250000,9.354817835810e-04,7.500000000000e-04,20000,22044,0.000000000000e+00,9.354817835810e-04,9.352047139665e-04,2.770696145060e-07,23.3587
17,61,0.2382812500,-0.0117187500,8.301751897294e-02,8.205000000000e-02,20000,22044,7.976681054756e-02,3.250708425383e-03,8.301726795130e-02,2.510216455775e-07,25.3068
17,62,0.2421875000,-0.0078125000,8.560778089597e-03,9.050000000000e-03,20000,22044,0.000000000000e+00,8.560778089597e-03,8.560678280043e-03,9.980955386245e-08,24.3202
17,63,0.2460937500,-0.0039062500,2.163965801067e-01,2.180000000000e-01,20000,22044,1.994536182057e-01,1.694296190107e-02,2.163965411638e-01,3.894290127456e-08,25.7229
17,64,0.2500000000,0.0000000000,2.525948311442e-02,2.535000000000e-02,20000,22044,0.000000000000e+00,2.525948311442e-02,2.525946932413e-02,1.379029028030e-08,24.7901
17,65,0.2539062500,0.0039062500,2.234272124932e-01,2.248000000000e-01,20000,22044,1.994536182057e-01,2.397359428754e-02,2.234272082518e-01,4.241420504778e-09,25.7368
17,66,0.2578125000,0.0078125000,3.231777964644e-02,3.290000000000e-02,20000,22044,0.000000000000e+00,3.231777964644e-02,3.231777918629e-02,4.601529168981e-10,24.8971
17,67,0.2617187500,0.0117187500,9.282691327931e-02,9.045000000000e-02,20000,22044,7.976681054756e-02,1.306010273175e-02,9.282691312560e-02,1.537079400801e-10,25.3553
17,68,0.2656250000,0.0156250000,2.645369531289e-02,2.595000000000e-02,20000,22044,0.000000000000e+00,2.645369531289e-02,2.645369531104e-02,1.858244405376e-12,24.8101
17,69,0.2695312500,0.0195312500,2.635920889930e-02,2.595000000000e-02,20000,22044,1.168203881935e-02,1.467717007995e-02,2.635920889922e-02,7.807749602421e-14,24.8086
17,70,0.2734375000,0.0234375000,1.957636791851e-02,1.870000000000e-02,20000,22044,0.000000000000e+00,1.957636791851e-02,1.957636791851e-02,0.000000000000e+00,24.6794
17,71,0.2773437500,0.0273437500,9.810612332642e-03,1.125000000000e-02,20000,22044,4.889323114942e-04,9.321680021148e-03,9.810612332642e-03,0.000000000000e+00,24.3794
17,72,0.2812500000,0.0312500000,1.375565405415e-02,1.435000000000e-02,20000,22044,0.000000000000e+00,1.375565405415e-02,1.375565405415e-02,0.000000000000e+00,24.5261
17,73,0.2851562500,0.0351562500,2.674336189177e-03,2.600000000000e-03,20000,22044,2.518792387797e-06,2.671817396789e-03,2.674336189177e-03,0.000000000000e+00,23.8149
17,74,0.2890625000,0.0390625000,1.000621820851e-02,8.450000000000e-03,20000,22044,0.000000000000e+00,1.000621820851e-02,1.000621820851e-02,0.000000000000e+00,24.3879
17,75,0.2929687500,0.0429687500,8.478221760735e-03,8.050000000000e-03,20000,22044,0.000000000000e+00,8.478221760735e-03,8.478221760735e-03,0.000000000000e+00,24.3160
17,76,0.2968750000,0.0468750000,5.823295590138e-03,6.350000000000e-03,20000,22044,0.000000000000e+00,5.823295590138e-03,5.823295590138e-03,0.000000000000e+00,24.1528
17,77,0.3007812500,0.0507812500,8.360395257430e-03,8.000000000000e-03,20000,22044,0.000000000000e+00,8.360395257430e-03,8.360395257430e-03,0.000000000000e+00,24.3099
17,78,0.3046875000,0.0546875000,8.804391394173e-03,8.450000000000e-03,20000,22044,0.000000000000e+00,8.804391394173e-03,8.804391394173e-03,0.000000000000e+00,24.3324
17,79,0.3085937500,0.0585937500,1.229846984887e-03,1.300000000000e-03,20000,22044,0.000000000000e+00,1.229846984887e-03,1.229846984887e-03,0.000000000000e+00,23.4775
17,80,0.3125000000,0.0625000000,1.071289626847e-02,1.090000000000e-02,20000,22044,0.000000000000e+00,1.071289626847e-02,1.071289626847e-02,0.000000000000e+00,24.4176
17,81,0.3164062500,0.0664062500,7.253273243120e-04,5.000000000000e-04,20000,22044,0.000000000000e+00,7.253273243120e-04,7.253273243120e-04,0.000000000000e+00,23.2482
17,82,0.3203125000,0.0703125000,9.063510961595e-03,8.950000000000e-03,20000,22044,0.000000000000e+00,9.063510961595e-03,9.063510961595e-03,0.000000000000e+00,24.3450
17,83,0.3242187500,0.0742187500,7.275071566253e-03,6.900000000000e-03,20000,22044,0.000000000000e+00,7.275071566253e-03,7.275071566253e-03,0.000000000000e+00,24.2495
17,84,0.3281250000,0.0781250000,3.378074411787e-03,2.800000000000e-03,20000,22044,0.000000000000e+00,3.378074411787e-03,3.378074411787e-03,0.000000000000e+00,23.9163
17,85,0.3320312500,0.0820312500,2.479770942461e-03,2.650000000000e-03,20000,22044,0.000000000000e+00,2.479770942461e-03,2.479770942461e-03,0.000000000000e+00,23.7821
17,86,0.3359375000,0.0859375000,1.545806425094e-03,1.250000000000e-03,20000,22044,0.000000000000e+00,1.545806425094e-03,1.545806425094e-03,0.000000000000e+00,23.5768
17,87,0.3398437500,0.0898437500,1.033600180500e-03,1.150000000000e-03,20000,22044,0.000000000000e+00,1.033600180500e-03,1.033600180500e-03,0.000000000000e+00,23.4020
17,88,0.3437500000,0.0937500000,6.733929281499e-04,7.000000000000e-04,20000,22044,0.000000000000e+00,6.733929281499e-04,6.733929281499e-04,0.000000000000e+00,23.2159
17,89,0.3476562500,0.0976562500,8.768878831261e-04,7.500000000000e-04,20000,22044,0.000000000000e+00,8.768878831261e-04,8.768878831261e-04,0.000000000000e+00,23.3306
17,90,0.3515625000,0.1015625000,1.647713138927e-03,2.000000000000e-03,20000,22044,0.000000000000e+00,1.647713138927e-03,1.647713138927e-03,0.000000000000e+00,23.6045
17,91,0.3554687500,0.1054687500,1.298266511595e-04,1.500000000000e-04,20000,22044,0.000000000000e+00,1.298266511595e-04,1.298266511595e-04,0.000000000000e+00,22.5010
17,92,0.3593750000,0.1093750000,3.370751661040e-03,2.650000000000e-03,20000,22044,0.000000000000e+00,3.370751661040e-03,3.370751661040e-03,0.000000000000e+00,23.9154
17,93,0.3632812500,0.1132812500,5.942495909391e-03,7.050000000000e-03,20000,22044,0.000000000000e+00,5.942495909391e-03,5.942495909391e-03,0.000000000000e+00,24.1616
17,94,0.3671875000,0.1171875000,7.581699655367e-03,7.050000000000e-03,20000,22044,0.000000000000e+00,7.581699655367e-03,7.581699655367e-03,0.000000000000e+00,24.2674
17,95,0.3710937500,0.1210937500,1.644367069162e-03,1.050000000000e-03,20000,22044,0.000000000000e+00,1.644367069162e-03,1.644367069162e-03,0.000000000000e+00,23.6037
17,96,0.3750000000,0.1250000000,9.583103743470e-03,9.500000000000e-03,20000,22044,0.000000000000e+00,9.583103743470e-03,9.583103743470e-03,0.000000000000e+00,24.3692
17,97,0.3789062500,0.1289062500,1.098724438438e-03,1.250000000000e-03,20000,22044,0.000000000000e+00,1.098724438438e-03,1.098724438438e-03,0.000000000000e+00,23.4285
17,98,0.3828125000,0.1328125000,8.665711630606e-03,9.150000000000e-03,20000,22044,0.000000000000e+00,8.665711630606e-03,8.665711630606e-03,0.000000000000e+00,24.3255
17,99,0.3867187500,0.1367187500,7.384292977383e-03,6.950000000000e-03,20000,22044,0.000000000000e+00,7.384292977383e-03,7.384292977383e-03,0.000000000000e+00,24.2560
17,100,0.3906250000,0.1406250000,2.724735365204e-03,3.200000000000e-03,20000,22044,0.000000000000e+00,2.724735365204e-03,2.724735365204e-03,0.000000000000e+00,23.8230
17,101,0.3945312500,0.1445312500,2.111093361429e-03,2.450000000000e-03,20000,22044,0.000000000000e+00,2.111093361429e-03,2.111093361429e-03,0.000000000000e+00,23.7122
17,102,0.3984375000,0.1484375000,1.322585326405e-03,1.550000000000e-03,20000,22044,0.000000000000e+00,1.322585326405e-03,1.322585326405e-03,0.000000000000e+00,23.5091
17,103,0.4023437500,0.1523437500,1.414326848896e-03,1.500000000000e-03,20000,22044,0.000000000000e+00,1.414326848896e-03,1.414326848896e-03,0.000000000000e+00,23.5382
17,104,0.4062500000,0.1562500000,6.211299365836e-04,9.500000000000e-04,20000,22044,0.000000000000e+00,6.211299365836e-04,6.211299365836e-04,0.000000000000e+00,23.1808
17,105,0.4101562500,0.1601562500,9.913970593423e-04,1.450000000000e-03,20000,22044,0.000000000000e+00,9.913970593423e-04,9.913970593423e-04,0.000000000000e+00,23.3839
17,106,0.4140625000,0.1640625000,3.913861463265e-04,6.000000000000e-04,20000,22044,0.000000000000e+00,3.913861463265e-04,3.913861463265e-04,0.000000000000e+00,22.9803
17,107,0.4179687500,0.1679687500,7.566482985951e-04,1.100000000000e-03,20000,22044,0.000000000000e+00,7.566482985951e-04,7.566482985951e-04,0.000000000000e+00,23.2666
17,108,0.4218750000,0.1718750000,1.551175168519e-04,5.000000000000e-05,20000,22044,0.000000000000e+00,1.551175168519e-04,1.551175168519e-04,0.000000000000e+00,22.5783
17,109,0.4257812500,0.1757812500,7.690489854615e-04,1.050000000000e-03,20000,22044,0.000000000000e+00,7.690489854615e-04,7.690489854615e-04,0.000000000000e+00,23.2736
17,110,0.4296875000,0.1796875000,2.215105757559e-04,2.500000000000e-04,20000,22044,0.000000000000e+00,2.215105757559e-04,2.215105757559e-04,0.000000000000e+00,22.7331
17,111,0.4335937500,0.1835937500,6.341625351510e-04,5.000000000000e-04,20000,22044,0.000000000000e+00,6.341625351510e-04,6.341625351510e-04,0.000000000000e+00,23.1899
17,112,0.4375000000,0.1875000000,1.269220668568e-04,1.000000000000e-04,20000,22044,0.000000000000e+00,1.269220668568e-04,1.269220668568e-04,0.000000000000e+00,22.4912
17,113,0.4414062500,0.1914062500,6.525942309424e-04,6.000000000000e-04,20000,22044,0.000000000000e+00,6.525942309424e-04,6.525942309424e-04,0.000000000000e+00,23.2023
17,114,0.4453125000,0.1953125000,8.976416800903e-05,1.000000000000e-04,20000,22044,0.000000000000e+00,8.976416800903e-05,8.976416800903e-05,0.000000000000e+00,22.3408
17,115,0.4492187500,0.1992187500,4.983043242846e-04,4.000000000000e-04,20000,22044,0.000000000000e+00,4.983043242846e-04,4.983043242846e-04,0.000000000000e+00,23.0852
17,116,0.4531250000,0.2031250000,9.990374870677e-05,1.000000000000e-04,20000,22044,0.000000000000e+00,9.990374870677e-05,9.990374870677e-05,0.000000000000e+00,22.3872
17,117,0.4570312500,0.2070312500,2.931687857706e-04,2.500000000000e-04,20000,22044,0.000000000000e+00,2.931687857706e-04,2.931687857706e-04,0.000000000000e+00,22.8548
17,118,0.4609375000,0.2109375000,2.212584963862e-04,2.000000000000e-04,20000,22044,0.000000000000e+00,2.212584963862e-04,2.212584963862e-04,0.000000000000e+00,22.7326
17,119,0.4648437500,0.2148437500,5.756358526249e-06,0.000000000000e+00,20000,22044,0.000000000000e+00,5.756358526249e-06,5.756358526249e-06,0.000000000000e+00,21.1478
17,120,0.4687500000,0.2187500000,1.167324259155e-04,5.000000000000e-05,20000,22044,0.000000000000e+00,1.167324259155e-04,1.167324259155e-04,0.000000000000e+00,22.4549
17,121,0.4726562500,0.2226562500,1.279403776776e-05,0.000000000000e+00,20000,22044,0.000000000000e+00,1.279403776776e-05,1.279403776776e-05,0.000000000000e+00,21.4947
17,122,0.4765625000,0.2265625000,5.351069801275e-05,5.000000000000e-05,20000,22044,0.000000000000e+00,5.351069801275e-05,5.351069801275e-05,0.000000000000e+00,22.1161
17,123,0.4804687500,0.2304687500,6.763594500412e-06,0.000000000000e+00,20000,22044,0.000000000000e+00,6.763594500412e-06,6.763594500412e-06,0.000000000000e+00,21.2178
17,124,0.4843750000,0.2343750000,2.899136229684e-05,0.000000000000e+00,20000,22044,0.000000000000e+00,2.899136229684e-05,2.899136229684e-05,0.000000000000e+00,21.8499
17,125,0.4882812500,0.2382812500,4.684240630781e-06,0.000000000000e+00,20000,22044,0.000000000000e+00,4.684240630781e-06,4.684240630781e-06,0.000000000000e+00,21.0583
17,126,0.4921875000,0.2421875000,1.273339013403e-05,5.000000000000e-05,20000,22044,0.000000000000e+00,1.273339013403e-05,1.273339013403e-05,0.000000000000e+00,21.4926
17,127,0.4960937500,0.2460937500,2.963561934117e-06,0.000000000000e+00,20000,22044,0.000000000000e+00,2.963561934117e-06,2.963561934117e-06,0.000000000000e+00,20.8595
17,128,0.5000000000,0.2500000000,4.191675694210e-06,0.000000000000e+00,20000,22044,0.000000000000e+00,4.191675694210e-06,4.191675694210e-06,0.000000000000e+00,21.0100
17,129,0.5039062500,0.2539062500,1.346111893486e-06,5.000000000000e-05,20000,22044,0.000000000000e+00,1.346111893486e-06,1.346111893486e-06,0.000000000000e+00,20.5167
17,130,0.5078125000,0.2578125000,1.031473939002e-06,0.000000000000e+00,20000,22044,0.000000000000e+00,1.031473939002e-06,1.031473939002e-06,0.000000000000e+00,20.4011
17,131,0.5117187500,0.2617187500,6.051058182819e-07,0.000000000000e+00,20000,22044,0.000000000000e+00,6.051058182819e-07,6.051058182819e-07,0.000000000000e+00,20.1695
17,132,0.5156250000,0.2656250000,3.205978754553e-08,0.000000000000e+00,20000,22044,0.000000000000e+00,3.205978754553e-08,3.205978754553e-08,0.000000000000e+00,18.8936
17,133,0.5195312500,0.2695312500,1.208132223455e-07,0.000000000000e+00,20000,22044,0.000000000000e+00,1.208132223455e-07,1.208132223455e-07,0.000000000000e+00,19.4698
17,134,0.5234375000,0.2734375000,8.868729080395e-09,0.000000000000e+00,20000,22044,0.000000000000e+00,8.868729080395e-09,8.868729080395e-09,0.000000000000e+00,18.3355
17,135,0.5273437500,0.2773437500,1.618066315981e-08,0.000000000000e+00,20000,22044,0.000000000000e+00,1.618066315981e-08,1.618066315981e-08,0.000000000000e+00,18.5967
17,136,0.5312500000,0.2812500000,1.523618453325e-09,0.000000000000e+00,20000,22044,0.000000000000e+00,1.523618453325e-09,1.523618453325e-09,0.000000000000e+00,17.5705
17,137,0.5351562500,0.2851562500,1.071446831009e-09,0.000000000000e+00,20000,22044,0.000000000000e+00,1.071446831009e-09,1.071446831009e-09,0.000000000000e+00,17.4176
17,138,0.5390625000,0.2890625000,1.180407525688e-10,0.000000000000e+00,20000,22044,0.000000000000e+00,1.180407525688e-10,1.180407525688e-10,0.000000000000e+00,16.4597
18,0,0.0000000000,-0.2500000000,4.247036871397e-02,4.395000000000e-02,20000,22044,0.000000000000e+00,4.247036871397e-02,0.000000000000e+00,4.247036871397e-02,26.1532
18,1,0.0039062500,-0.2460937500,7.315600440198e-03,6.800000000000e-03,20000,22044,0.000000000000e+00,7.315600440198e-03,0.000000000000e+00,7.315600440198e-03,25.3893
18,2,0.0078125000,-0.2421875000,9.096938953860e-04,8.500000000000e-04,20000,22044,0.000000000000e+00,9.096938953860e-04,0.000000000000e+00,9.096938953860e-04,24.4840
18,3,0.0117187500,-0.2382812500,2.403063660770e-03,2.800000000000e-03,20000,22044,0.000000000000e+00,2.403063660770e-03,0.000000000000e+00,2.403063660770e-03,24.9058
18,4,0.0156250000,-0.2343750000,1.012222033675e-03,9.500000000000e-04,20000,22044,0.000000000000e+00,1.012222033675e-03,0.000000000000e+00,1.012222033675e-03,24.5304
18,5,0.0195312500,-0.2304687500,1.308677389385e-03,1.500000000000e-03,20000,22044,0.000000000000e+00,1.308677389385e-03,0.000000000000e+00,1.308677389385e-03,24.6419
18,6,0.0234375000,-0.2265625000,2.121018265393e-04,2.500000000000e-04,20000,22044,0.000000000000e+00,2.121018265393e-04,0.000000000000e+00,2.121018265393e-04,23.8516
18,7,0.0273437500,-0.2226562500,1.309511675615e-03,1.450000000000e-03,20000,22044,0.000000000000e+00,1.309511675615e-03,0.000000000000e+00,1.309511675615e-03,24.6422
18,8,0.0312500000,-0.2187500000,8.195452411358e-04,7.000000000000e-04,20000,22044,0.000000000000e+00,8.195452411358e-04,0.000000000000e+00,8.195452411358e-04,24.4387
18,9,0.0351562500,-0.2148437500,1.304177741537e-03,1.150000000000e-03,20000,22044,0.000000000000e+00,1.304177741537e-03,0.000000000000e+00,1.304177741537e-03,24.6404
18,10,0.0390625000,-0.2109375000,2.121018265393e-04,1.500000000000e-04,20000,22044,0.000000000000e+00,2.121018265393e-04,0.000000000000e+00,2.121018265393e-04,23.8516
18,11,0.0429687500,-0.2070312500,2.102691457302e-04,1.500000000000e-04,20000,22044,0.000000000000e+00,2.102691457302e-04,0.000000000000e+00,2.102691457302e-04,23.8479
18,12,0.0468750000,-0.2031250000,1.942503399960e-05,5.000000000000e-05,20000,22044,0.000000000000e+00,1.942503399960e-05,0.000000000000e+00,1.942503399960e-05,22.8134
18,13,0.0507812500,-0.1992187500,1.107645851315e-04,5.000000000000e-05,20000,22044,0.000000000000e+00,1.107645851315e-04,0.000000000000e+00,1.107645851315e-04,23.5695
18,14,0.0546875000,-0.1953125000,1.312056647809e-05,0.000000000000e+00,20000,22044,0.000000000000e+00,1.312056647809e-05,0.000000000000e+00,1.312056647809e-05,22.6430
18,15,0.0585937500,-0.1914062500,1.204303318903e-03,1.000000000000e-03,20000,22044,0.000000000000e+00,1.204303318903e-03,0.000000000000e+00,1.204303318903e-03,24.6058
18,16,0.0625000000,-0.1875000000,8.138704011206e-04,8.500000000000e-04,20000,22044,0.000000000000e+00,8.138704011206e-04,0.000000000000e+00,8.138704011206e-04,24.4356
18,17,0.0664062500,-0.1835937500,1.301120447821e-03,1.300000000000e-03,20000,22044,0.000000000000e+00,1.301120447821e-03,0.000000000000e+00,1.301120447821e-03,24.6394
18,18,0.0703125000,-0.1796875000,2.145098706710e-04,2.000000000000e-04,20000,22044,0.000000000000e+00,2.145098706710e-04,0.000000000000e+00,2.145098706710e-04,23.8565
18,19,0.0742187500,-0.1757812500,2.048874090487e-04,3.500000000000e-04,20000,22044,0.000000000000e+00,2.048874090487e-04,0.000000000000e+00,2.048874090487e-04,23.8366
18,20,0.0781250000,-0.1718750000,2.149109499003e-05,0.000000000000e+00,20000,22044,0.000000000000e+00,2.149109499003e-05,0.000000000000e+00,2.149109499003e-05,22.8573
18,21,0.0820312500,-0.1679687500,1.080771534507e-04,5.000000000000e-05,20000,22044,0.000000000000e+00,1.080771534507e-04,0.000000000000e+00,1.080771534507e-04,23.5588
18,22,0.0859375000,-0.1640625000,1.846134577784e-05,0.000000000000e+00,20000,22044,0.000000000000e+00,1.846134577784e-05,0.000000000000e+00,1.846134577784e-05,22.7913
18,23,0.0898437500,-0.1601562500,1.030949803344e-04,5.000000000000e-05,20000,22044,0.000000000000e+00,1.030949803344e-04,0.000000000000e+00,1.030949803344e-04,23.5383
18,24,0.0937500000,-0.1562500000,1.037522336768e-05,1.000000000000e-04,20000,22044,0.000000000000e+00,1.037522336768e-05,0.000000000000e+00,1.037522336768e-05,22.5411
18,25,0.0976562500,-0.1523437500,1.071793997656e-04,1.500000000000e-04,20000,22044,0.000000000000e+00,1.071793997656e-04,0.000000000000e+00,1.071793997656e-04,23.5552
18,26,0.1015625000,-0.1484375000,1.571516951258e-05,0.000000000000e+00,20000,22044,0.000000000000e+00,1.571516951258e-05,0.000000000000e+00,1.571516951258e-05,22.7214
18,27,0.1054687500,-0.1445312500,1.008318706222e-05,0.000000000000e+00,20000,22044,0.000000000000e+00,1.008318706222e-05,0.000000000000e+00,1.008318706222e-05,22.5287
18,28,0.1093750000,-0.1406250000,4.358135018902e-06,0.000000000000e+00,20000,22044,0.000000000000e+00,4.358135018902e-06,0.000000000000e+00,4.358135018902e-06,22.1644
18,29,0.1132812500,-0.1367187500,3.128300934258e-05,0.000000000000e+00,20000,22044,0.000000000000e+00,3.128300934258e-05,0.000000000000e+00,3.128300934258e-05,23.0204
18,30,0.1171875000,-0.1328125000,8.561766453213e-05,0.000000000000e+00,20000,22044,0.000000000000e+00,8.561766453213e-05,0.000000000000e+00,8.561766453213e-05,23.4576
18,31,0.1210937500,-0.1289062500,1.098060226830e-03,1.100000000000e-03,20000,22044,0.000000000000e+00,1.098060226830e-03,0.000000000000e+00,1.098060226830e-03,24.5657
18,32,0.1250000000,-0.1250000000,8.352659986227e-04,9.500000000000e-04,20000,22044,0.000000000000e+00,8.352659986227e-04,0.000000000000e+00,8.352659986227e-04,24.4469
18,33,0.1289062500,-0.1210937500,1.175340080924e-03,1.300000000000e-03,20000,22044,0.000000000000e+00,1.175340080924e-03,0.000000000000e+00,1.175340080924e-03,24.5952
18,34,0.1328125000,-0.1171875000,3.028786763223e-04,4.000000000000e-04,20000,22044,0.000000000000e+00,3.028786763223e-04,0.000000000000e+00,3.028786763223e-04,24.0064
18,35,0.1367187500,-0.1132812500,1.835498869836e-04,1.500000000000e-04,20000,22044,0.000000000000e+00,1.835498869836e-04,0.000000000000e+00,1.835498869836e-04,23.7888
18,36,0.1406250000,-0.1093750000,4.651209466991e-05,5.000000000000e-05,20000,22044,0.000000000000e+00,4.651209466991e-05,0.000000000000e+00,4.651209466991e-05,23.1926
18,37,0.1445312500,-0.1054687500,8.420030485003e-05,5.000000000000e-05,20000,22044,0.000000000000e+00,8.420030485003e-05,0.000000000000e+00,8.420030485003e-05,23.4504
18,38,0.1484375000,-0.1015625000,6.330834078137e-05,0.000000000000e+00,20000,22044,0.000000000000e+00,6.330834078137e-05,0.000000000000e+00,6.330834078137e-05,23.3265
18,39,0.1523437500,-0.0976562500,8.309041280666e-05,1.000000000000e-04,20000,22044,0.000000000000e+00,8.309041280666e-05,0.000000000000e+00,8.309041280666e-05,23.4446
18,40,0.1562500000,-0.0937500000,1.336273777828e-05,5.000000000000e-05,20000,22044,0.000000000000e+00,1.336273777828e-05,0.000000000000e+00,1.336273777828e-05,22.6510
18,41,0.1601562500,-0.0898437500,8.009697737115e-05,1.000000000000e-04,20000,22044,0.000000000000e+00,8.009697737115e-05,0.000000000000e+00,8.009697737115e-05,23.4287
18,42,0.1640625000,-0.0859375000,3.581052392496e-05,5.000000000000e-05,20000,22044,0.000000000000e+00,3.581052392496e-05,0.000000000000e+00,3.581052392496e-05,23.0791
18,43,0.1679687500,-0.0820312500,9.610722037792e-06,0.000000000000e+00,20000,22044,0.000000000000e+00,9.610722037792e-06,0.000000000000e+00,9.610722037792e-06,22.5078
18,44,0.1718750000,-0.0781250000,1.257269128346e-05,0.000000000000e+00,20000,22044,0.000000000000e+00,1.257269128346e-05,0.000000000000e+00,1.257269128346e-05,22.6245
18,45,0.1757812500,-0.0742187500,3.360112394266e-06,0.000000000000e+00,20000,22044,0.000000000000e+00,3.360112394266e-06,0.000000000000e+00,3.360112394266e-06,22.0514
18,46,0.1796875000,-0.0703125000,2.928259771975e-05,0.000000000000e+00,20000,22044,0.000000000000e+00,2.928259771975e-05,0.000000000000e+00,2.928259771975e-05,22.9917
18,47,0.1835937500,-0.0664062500,7.724675100092e-05,0.000000000000e+00,20000,22044,0.000000000000e+00,7.724675100092e-05,0.000000000000e+00,7.724675100092e-05,23.4130
18,48,0.1875000000,-0.0625000000,6.735210150035e-06,0.000000000000e+00,20000,22044,0.000000000000e+00,6.735210150035e-06,0.000000000000e+00,6.735210150035e-06,22.3534
18,49,0.1914062500,-0.0585937500,7.987136420229e-05,5.000000000000e-05,20000,22044,0.000000000000e+00,7.987136420229e-05,0.000000000000e+00,7.987136420229e-05,23.4275
18,50,0.1953125000,-0.0546875000,3.517703820605e-05,0.000000000000e+00,20000,22044,0.000000000000e+00,3.517703820605e-05,0.000000000000e+00,3.517703820605e-05,23.0713
18,51,0.1992187500,-0.0507812500,9.510629344835e-06,0.000000000000e+00,20000,22044,0.000000000000e+00,9.510629344835e-06,0.000000000000e+00,9.510629344835e-06,22.5033
18,52,0.2031250000,-0.0468750000,9.025703276127e-06,0.000000000000e+00,20000,22044,0.000000000000e+00,9.025703276127e-06,0.000000000000e+00,9.025703276127e-06,22.4806
18,53,0.2070312500,-0.0429687500,4.257928471826e-06,0.000000000000e+00,20000,22044,0.000000000000e+00,4.257928471826e-06,0.000000000000e+00,4.257928471826e-06,22.1543
18,54,0.2109375000,-0.0390625000,4.162592444546e-06,0.000000000000e+00,20000,22044,0.000000000000e+00,4.162592444546e-06,0.000000000000e+00,4.162592444546e-06,22.1444
18,55,0.2148437500,-0.0351562500,4.621740799937e-06,0.000000000000e+00,20000,22044,1.131926943504e-06,3.489813856434e-06,1.131926943504e-06,3.489813856434e-06,22.1899
18,56,0.2187500000,-0.0312500000,2.770299626629e-05,0.000000000000e+00,20000,22044,2.349513223273e-05,4.207864033557e-06,2.404579939443e-05,3.657196871853e-06,22.9676
18,57,0.2226562500,-0.0273437500,2.293268118059e-04,3.000000000000e-04,20000,22044,2.264553146896e-04,2.871497116373e-06,2.264831758257e-04,2.843635980215e-06,23.8855
18,58,0.2265625000,-0.0234375000,1.456427956488e-03,1.750000000000e-03,20000,22044,1.346707712136e-03,1.097202443514e-04,1.454344026696e-03,2.083929791221e-06,24.6884
18,59,0.2304687500,-0.0195312500,5.543977880264e-03,5.000000000000e-03,20000,22044,5.537449474244e-03,6.528406019389e-06,5.542678387913e-03,1.299492350122e-06,25.2689
18,60,0.2343750000,-0.0156250000,1.933847223026e-02,1.755000000000e-02,20000,22044,1.671828223876e-02,2.620189991497e-03,1.933801703815e-02,4.551921121619e-07,25.8115
18,61,0.2382812500,-0.0117187500,3.852899527302e-02,3.915000000000e-02,20000,22044,3.840881221233e-02,1.201830606899e-04,3.852854234329e-02,4.529297252743e-07,26.1109
18,62,0.2421875000,-0.0078125000,8.730316381177e-02,8.595000000000e-02,20000,22044,6.865751047479e-02,1.864565333698e-02,8.730312006011e-02,4.375165977181e-08,26.4661
18,63,0.2460937500,-0.0039062500,9.760335104825e-02,1.027000000000e-01,20000,22044,9.680418055290e-02,7.991704953480e-04,9.760324158935e-02,1.094588945084e-07,26.5145
18,64,0.2500000000,0.0000000000,1.512567565056e-01,1.510500000000e-01,20000,22044,1.084640678464e-01,4.279268865918e-02,1.512567464029e-01,1.010261376420e-08,26.7048
18,65,0.2539062500,0.0039062500,1.064814335082e-01,1.057500000000e-01,20000,22044,9.680418055290e-02,9.677252955256e-03,1.064814233590e-01,1.014913560771e-08,26.5524
18,66,0.2578125000,0.0078125000,1.065816306064e-01,1.053500000000e-01,20000,22044,6.865751047479e-02,3.792412013157e-02,1.065816294766e-01,1.129766469343e-09,26.5528
18,67,0.2617187500,0.0117187500,5.801879337102e-02,5.880000000000e-02,20000,22044,3.840881221233e-02,1.960998115869e-02,5.801879318784e-02,1.831875132006e-10,26.2887
18,68,0.2656250000,0.0156250000,4.167021907354e-02,4.175000000000e-02,20000,22044,1.671828223876e-02,2.495193683478e-02,4.167021904694e-02,2.659633606242e-11,26.1449
18,69,0.2695312500,0.0195312500,1.677450300329e-02,1.605000000000e-02,20000,22044,5.537449474244e-03,1.123705352905e-02,1.677450300323e-02,6.770931031735e-14,25.7497
18,70,0.2734375000,0.0234375000,2.417081910919e-02,2.475000000000e-02,20000,22044,1.346707712136e-03,2.282411139705e-02,2.417081910919e-02,0.000000000000e+00,25.9084
18,71,0.2773437500,0.0273437500,1.146272293224e-02,1.165000000000e-02,20000,22044,2.264553146896e-04,1.123626761755e-02,1.146272293224e-02,0.000000000000e+00,25.5844
18,72,0.2812500000,0.0312500000,9.123179532500e-03,9.150000000000e-03,20000,22044,2.349513223273e-05,9.099684400267e-03,9.123179532500e-03,0.000000000000e+00,25.4852
18,73,0.2851562500,0.0351562500,1.073717894326e-02,1.115000000000e-02,20000,22044,1.131926943504e-06,1.073604701631e-02,1.073717894326e-02,0.000000000000e+00,25.5560
18,74,0.2890625000,0.0390625000,9.792170274557e-03,8.700000000000e-03,20000,22044,0.000000000000e+00,9.792170274557e-03,9.792170274557e-03,0.000000000000e+00,25.5160
18,75,0.2929687500,0.0429687500,1.421376130873e-03,1.350000000000e-03,20000,22044,0.000000000000e+00,1.421376130873e-03,1.421376130873e-03,0.000000000000e+00,24.6778
18,76,0.2968750000,0.0468750000,1.404596052265e-02,1.390000000000e-02,20000,22044,0.000000000000e+00,1.404596052265e-02,1.404596052265e-02,0.000000000000e+00,25.6726
18,77,0.3007812500,0.0507812500,1.283383713614e-03,1.150000000000e-03,20000,22044,0.000000000000e+00,1.283383713614e-03,1.283383713614e-03,0.000000000000e+00,24.6334
18,78,0.3046875000,0.0546875000,9.286703492189e-03,8.900000000000e-03,20000,22044,0.000000000000e+00,9.286703492189e-03,9.286703492189e-03,0.000000000000e+00,25.4929
18,79,0.3085937500,0.0585937500,1.026353146215e-02,1.130000000000e-02,20000,22044,0.000000000000e+00,1.026353146215e-02,1.026353146215e-02,0.000000000000e+00,25.5364
18,80,0.3125000000,0.0625000000,1.076496363113e-03,9.000000000000e-04,20000,22044,0.000000000000e+00,1.076496363113e-03,1.076496363113e-03,0.000000000000e+00,24.5571
18,81,0.3164062500,0.0664062500,1.003597998613e-02,1.035000000000e-02,20000,22044,0.000000000000e+00,1.003597998613e-02,1.003597998613e-02,0.000000000000e+00,25.5266
18,82,0.3203125000,0.0703125000,7.783868126171e-03,8.650000000000e-03,20000,22044,0.000000000000e+00,7.783868126171e-03,7.783868126171e-03,0.000000000000e+00,25.4163
18,83,0.3242187500,0.0742187500,1.195339022180e-03,1.100000000000e-03,20000,22044,0.000000000000e+00,1.195339022180e-03,1.195339022180e-03,0.000000000000e+00,24.6026
18,84,0.3281250000,0.0781250000,8.139046302960e-03,8.250000000000e-03,20000,22044,0.000000000000e+00,8.139046302960e-03,8.139046302960e-03,0.000000000000e+00,25.4357
18,85,0.3320312500,0.0820312500,1.275996612675e-03,9.500000000000e-04,20000,22044,0.000000000000e+00,1.275996612675e-03,1.275996612675e-03,0.000000000000e+00,24.6309
18,86,0.3359375000,0.0859375000,2.432581122576e-03,2.200000000000e-03,20000,22044,0.000000000000e+00,2.432581122576e-03,2.432581122576e-03,0.000000000000e+00,24.9112
18,87,0.3398437500,0.0898437500,6.298159575318e-04,7.000000000000e-04,20000,22044,0.000000000000e+00,6.298159575318e-04,6.298159575318e-04,0.000000000000e+00,24.3243
18,88,0.3437500000,0.0937500000,1.295733097748e-03,1.200000000000e-03,20000,22044,0.000000000000e+00,1.295733097748e-03,1.295733097748e-03,0.000000000000e+00,24.6376
18,89,0.3476562500,0.0976562500,8.545643966919e-04,1.300000000000e-03,20000,22044,0.000000000000e+00,8.545643966919e-04,8.545643966919e-04,0.000000000000e+00,24.4568
18,90,0.3515625000,0.1015625000,7.870035373505e-04,6.000000000000e-04,20000,22044,0.000000000000e+00,7.870035373505e-04,7.870035373505e-04,0.000000000000e+00,24.4211
18,91,0.3554687500,0.1054687500,2.679742719739e-03,2.400000000000e-03,20000,22044,0.000000000000e+00,2.679742719739e-03,2.679742719739e-03,0.000000000000e+00,24.9532
18,92,0.3593750000,0.1093750000,4.186448763196e-03,4.350000000000e-03,20000,22044,0.000000000000e+00,4.186448763196e-03,4.186448763196e-03,0.000000000000e+00,25.1469
18,93,0.3632812500,0.1132812500,7.838575606752e-04,7.000000000000e-04,20000,22044,0.000000000000e+00,7.838575606752e-04,7.838575606752e-04,0.000000000000e+00,24.4193
18,94,0.3671875000,0.1171875000,7.691576809924e-03,6.550000000000e-03,20000,22044,0.000000000000e+00,7.691576809924e-03,7.691576809924e-03,0.000000000000e+00,25.4111
18,95,0.3710937500,0.1210937500,9.507290065582e-03,9.650000000000e-03,20000,22044,0.000000000000e+00,9.507290065582e-03,9.507290065582e-03,0.000000000000e+00,25.5031
18,96,0.3750000000,0.1250000000,1.047466210119e-03,1.150000000000e-03,20000,22044,0.000000000000e+00,1.047466210119e-03,1.047466210119e-03,0.000000000000e+00,24.5452
18,97,0.3789062500,0.1289062500,9.509461562666e-03,9.100000000000e-03,20000,22044,0.000000000000e+00,9.509461562666e-03,9.509461562666e-03,0.000000000000e+00,25.5032
18,98,0.3828125000,0.1328125000,7.699913743497e-03,6.850000000000e-03,20000,22044,0.000000000000e+00,7.699913743497e-03,7.699913743497e-03,0.000000000000e+00,25.4116
18,99,0.3867187500,0.1367187500,1.361605359849e-03,1.700000000000e-03,20000,22044,0.000000000000e+00,1.361605359849e-03,1.361605359849e-03,0.000000000000e+00,24.6591
18,100,0.3906250000,0.1406250000,6.434222053372e-03,5.550000000000e-03,20000,22044,0.000000000000e+00,6.434222053372e-03,6.434222053372e-03,0.000000000000e+00,25.3336
18,101,0.3945312500,0.1445312500,2.321829562824e-03,2.250000000000e-03,20000,22044,0.000000000000e+00,2.321829562824e-03,2.321829562824e-03,0.000000000000e+00,24.8909
18,102,0.3984375000,0.1484375000,1.685716900141e-03,1.750000000000e-03,20000,22044,0.000000000000e+00,1.685716900141e-03,1.685716900141e-03,0.000000000000e+00,24.7519
18,103,0.4023437500,0.1523437500,1.144658038081e-03,1.000000000000e-03,20000,22044,0.000000000000e+00,1.144658038081e-03,1.144658038081e-03,0.000000000000e+00,24.5838
18,104,0.4062500000,0.1562500000,1.342044716637e-03,1.850000000000e-03,20000,22044,0.000000000000e+00,1.342044716637e-03,1.342044716637e-03,0.000000000000e+00,24.6529
18,105,0.4101562500,0.1601562500,5.278316639533e-04,6.500000000000e-04,20000,22044,0.000000000000e+00,5.278316639533e-04,5.278316639533e-04,0.000000000000e+00,24.2476
18,106,0.4140625000,0.1640625000,7.019391491112e-04,6.500000000000e-04,20000,22044,0.000000000000e+00,7.019391491112e-04,7.019391491112e-04,0.000000000000e+00,24.3714
18,107,0.4179687500,0.1679687500,4.533952178630e-04,7.000000000000e-04,20000,22044,0.000000000000e+00,4.533952178630e-04,4.533952178630e-04,0.000000000000e+00,24.1816
18,108,0.4218750000,0.1718750000,8.522182870948e-04,1.050000000000e-03,20000,22044,0.000000000000e+00,8.522182870948e-04,8.522182870948e-04,0.000000000000e+00,24.4556
18,109,0.4257812500,0.1757812500,3.287856163744e-04,3.000000000000e-04,20000,22044,0.000000000000e+00,3.287856163744e-04,3.287856163744e-04,0.000000000000e+00,24.0420
18,110,0.4296875000,0.1796875000,6.504980638707e-04,3.500000000000e-04,20000,22044,0.000000000000e+00,6.504980638707e-04,6.504980638707e-04,0.000000000000e+00,24.3383
18,111,0.4335937500,0.1835937500,2.054048956138e-04,1.500000000000e-04,20000,22044,0.000000000000e+00,2.054048956138e-04,2.054048956138e-04,0.000000000000e+00,23.8377
18,112,0.4375000000,0.1875000000,7.060217906557e-04,7.000000000000e-04,20000,22044,0.000000000000e+00,7.060217906557e-04,7.060217906557e-04,0.000000000000e+00,24.3739
18,113,0.4414062500,0.1914062500,1.351338339352e-04,2.000000000000e-04,20000,22044,0.000000000000e+00,1.351338339352e-04,1.351338339352e-04,0.000000000000e+00,23.6558
18,114,0.4453125000,0.1953125000,6.422486067539e-04,6.500000000000e-04,20000,22044,0.000000000000e+00,6.422486067539e-04,6.422486067539e-04,0.000000000000e+00,24.3328
18,115,0.4492187500,0.1992187500,1.121460535345e-04,0.000000000000e+00,20000,22044,0.000000000000e+00,1.121460535345e-04,1.121460535345e-04,0.000000000000e+00,23.5749
18,116,0.4531250000,0.2031250000,4.381608938905e-04,5.000000000000e-04,20000,22044,0.000000000000e+00,4.381608938905e-04,4.381608938905e-04,0.000000000000e+00,24.1667
18,117,0.4570312500,0.2070312500,3.084971296621e-04,3.500000000000e-04,20000,22044,0.000000000000e+00,3.084971296621e-04,3.084971296621e-04,0.000000000000e+00,24.0143
18,118,0.4609375000,0.2109375000,4.283185258554e-05,0.000000000000e+00,20000,22044,0.000000000000e+00,4.283185258554e-05,4.283185258554e-05,0.000000000000e+00,23.1568
18,119,0.4648437500,0.2148437500,1.937090076963e-04,1.500000000000e-04,20000,22044,0.000000000000e+00,1.937090076963e-04,1.937090076963e-04,0.000000000000e+00,23.8122
18,120,0.4687500000,0.2187500000,6.812704133364e-06,0.000000000000e+00,20000,22044,0.000000000000e+00,6.812704133364e-06,6.812704133364e-06,0.000000000000e+00,22.3584
18,121,0.4726562500,0.2226562500,1.028407321693e-04,1.500000000000e-04,20000,22044,0.000000000000e+00,1.028407321693e-04,1.028407321693e-04,0.000000000000e+00,23.5372
18,122,0.4765625000,0.2265625000,1.251080974645e-05,0.000000000000e+00,20000,22044,0.000000000000e+00,1.251080974645e-05,1.251080974645e-05,0.000000000000e+00,22.6224
18,123,0.4804687500,0.2304687500,4.801172039435e-05,0.000000000000e+00,20000,22044,0.000000000000e+00,4.801172039435e-05,4.801172039435e-05,0.000000000000e+00,23.2064
18,124,0.4843750000,0.2343750000,7.617586291167e-06,0.000000000000e+00,20000,22044,0.000000000000e+00,7.617586291167e-06,7.617586291167e-06,0.000000000000e+00,22.4069
18,125,0.4882812500,0.2382812500,2.426304866058e-05,5.000000000000e-05,20000,22044,0.000000000000e+00,2.426304866058e-05,2.426304866058e-05,0.000000000000e+00,22.9100
18,126,0.4921875000,0.2421875000,5.297443183488e-06,0.000000000000e+00,20000,22044,0.000000000000e+00,5.297443183488e-06,5.297443183488e-06,0.000000000000e+00,22.2491
18,127,0.4960937500,0.2460937500,9.545936259017e-06,0.000000000000e+00,20000,22044,0.000000000000e+00,9.545936259017e-06,9.545936259017e-06,0.000000000000e+00,22.5049
18,128,0.5000000000,0.2500000000,2.745374895076e-06,0.000000000000e+00,20000,22044,0.000000000000e+00,2.745374895076e-06,2.745374895076e-06,0.000000000000e+00,21.9637
18,129,0.5039062500,0.2539062500,3.074730653827e-06,0.000000000000e+00,20000,22044,0.000000000000e+00,3.074730653827e-06,3.074730653827e-06,0.000000000000e+00,22.0129
18,130,0.5078125000,0.2578125000,1.663156741821e-06,0.000000000000e+00,20000,22044,0.000000000000e+00,1.663156741821e-06,1.663156741821e-06,0.000000000000e+00,21.7460
18,131,0.5117187500,0.2617187500,1.917828894232e-07,0.000000000000e+00,20000,22044,0.000000000000e+00,1.917828894232e-07,1.917828894232e-07,0.000000000000e+00,20.8079
18,132,0.5156250000,0.2656250000,4.495676817870e-07,0.000000000000e+00,20000,22044,0.000000000000e+00,4.495676817870e-07,4.495676817870e-07,0.000000000000e+00,21.1779
18,133,0.5195312500,0.2695312500,2.714477402744e-08,0.000000000000e+00,20000,22044,0.000000000000e+00,2.714477402744e-08,2.714477402744e-08,0.000000000000e+00,19.9588
18,134,0.5234375000,0.2734375000,8.495901687192e-08,0.000000000000e+00,20000,22044,0.000000000000e+00,8.495901687192e-08,8.495901687192e-08,0.000000000000e+00,20.4543
18,135,0.5273437500,0.2773437500,7.050590656479e-09,0.000000000000e+00,20000,22044,0.000000000000e+00,7.050590656479e-09,7.050590656479e-09,0.000000000000e+00,19.3733
18,136,0.5312500000,0.2812500000,1.064692192225e-08,0.000000000000e+00,20000,22044,0.000000000000e+00,1.064692192225e-08,1.064692192225e-08,0.000000000000e+00,19.5523
18,137,0.5351562500,0.2851562500,1.101076493597e-09,0.000000000000e+00,20000,22044,0.000000000000e+00,1.101076493597e-09,1.101076493597e-09,0.000000000000e+00,18.5669
18,138,0.5390625000,0.2890625000,6.525352880581e-10,0.000000000000e+00,20000,22044,0.000000000000e+00,6.525352880581e-10,6.525352880581e-10,0.000000000000e+00,18.3397
18,139,0.5429687500,0.2929687500,7.808114557960e-11,0.000000000000e+00,20000,22044,0.000000000000e+00,7.808114557960e-11,7.808114557960e-11,0.000000000000e+00,17.4176
19,0,0.0000000000,-0.2500000000,4.355418796977e-02,4.390000000000e-02,20000,22044,0.000000000000e+00,4.355418796977e-02,0.000000000000e+00,4.355418796977e-02,27.2763
19,1,0.0039062500,-0.2460937500,8.293193025347e-03,8.300000000000e-03,20000,22044,0.000000000000e+00,8.293193025347e-03,0.000000000000e+00,8.293193025347e-03,26.5560
19,2,0.0078125000,-0.2421875000,3.249634480317e-04,4.500000000000e-04,20000,22044,0.000000000000e+00,3.249634480317e-04,0.000000000000e+00,3.249634480317e-04,25.1491
19,3,0.0117187500,-0.2382812500,3.382189277729e-03,3.650000000000e-03,20000,22044,0.000000000000e+00,3.382189277729e-03,0.000000000000e+00,3.382189277729e-03,26.1665
19,4,0.0156250000,-0.2343750000,3.704548019767e-04,5.000000000000e-04,20000,22044,0.000000000000e+00,3.704548019767e-04,0.000000000000e+00,3.704548019767e-04,25.2060
19,5,0.0195312500,-0.2304687500,1.842399967943e-03,2.350000000000e-03,20000,22044,0.000000000000e+00,1.842399967943e-03,0.000000000000e+00,1.842399967943e-03,25.9026
19,6,0.0234375000,-0.2265625000,2.477754569176e-04,2.000000000000e-04,20000,22044,0.000000000000e+00,2.477754569176e-04,0.000000000000e+00,2.477754569176e-04,25.0313
19,7,0.0273437500,-0.2226562500,1.740817497031e-03,1.600000000000e-03,20000,22044,0.000000000000e+00,1.740817497031e-03,0.000000000000e+00,1.740817497031e-03,25.8780
19,8,0.0312500000,-0.2187500000,2.008612475040e-04,5.000000000000e-05,20000,22044,0.000000000000e+00,2.008612475040e-04,0.000000000000e+00,2.008612475040e-04,24.9402
19,9,0.0351562500,-0.2148437500,1.835060038253e-03,2.250000000000e-03,20000,22044,0.000000000000e+00,1.835060038253e-03,0.000000000000e+00,1.835060038253e-03,25.9009
19,10,0.0390625000,-0.2109375000,2.477776087939e-04,6.000000000000e-04,20000,22044,0.000000000000e+00,2.477776087939e-04,0.000000000000e+00,2.477776087939e-04,25.0313
19,11,0.0429687500,-0.2070312500,1.933110288017e-04,2.000000000000e-04,20000,22044,0.000000000000e+00,1.933110288017e-04,0.000000000000e+00,1.933110288017e-04,24.9235
19,12,0.0468750000,-0.2031250000,7.818190244480e-05,5.000000000000e-05,20000,22044,0.000000000000e+00,7.818190244480e-05,0.000000000000e+00,7.818190244480e-05,24.5304
19,13,0.0507812500,-0.1992187500,1.010887341277e-04,5.000000000000e-05,20000,22044,0.000000000000e+00,1.010887341277e-04,0.000000000000e+00,1.010887341277e-04,24.6420
19,14,0.0546875000,-0.1953125000,1.638400026761e-05,0.000000000000e+00,20000,22044,0.000000000000e+00,1.638400026761e-05,0.000000000000e+00,1.638400026761e-05,23.8517
19,15,0.0585937500,-0.1914062500,1.648635588715e-03,1.600000000000e-03,20000,22044,0.000000000000e+00,1.648635588715e-03,0.000000000000e+00,1.648635588715e-03,25.8544
19,16,0.0625000000,-0.1875000000,1.940711053062e-04,2.500000000000e-04,20000,22044,0.000000000000e+00,1.940711053062e-04,0.000000000000e+00,1.940711053062e-04,24.9252
19,17,0.0664062500,-0.1835937500,1.827066279600e-03,2.300000000000e-03,20000,22044,0.000000000000e+00,1.827066279600e-03,0.000000000000e+00,1.827066279600e-03,25.8990
19,18,0.0703125000,-0.1796875000,2.551977869875e-04,2.000000000000e-04,20000,22044,0.000000000000e+00,2.551977869875e-04,0.000000000000e+00,2.551977869875e-04,25.0441
19,19,0.0742187500,-0.1757812500,1.780368487983e-04,1.500000000000e-04,20000,22044,0.000000000000e+00,1.780368487983e-04,0.000000000000e+00,1.780368487983e-04,24.8878
19,20,0.0781250000,-0.1718750000,8.537455707384e-05,0.000000000000e+00,20000,22044,0.000000000000e+00,8.537455707384e-05,0.000000000000e+00,8.537455707384e-05,24.5686
19,21,0.0820312500,-0.1679687500,9.344466112847e-05,0.000000000000e+00,20000,22044,0.000000000000e+00,9.344466112847e-05,0.000000000000e+00,9.344466112847e-05,24.6078
19,22,0.0859375000,-0.1640625000,3.162651717002e-05,0.000000000000e+00,20000,22044,0.000000000000e+00,3.162651717002e-05,0.000000000000e+00,3.162651717002e-05,24.1373
19,23,0.0898437500,-0.1601562500,9.418274617879e-05,0.000000000000e+00,20000,22044,0.000000000000e+00,9.418274617879e-05,0.000000000000e+00,9.418274617879e-05,24.6112
19,24,0.0937500000,-0.1562500000,6.307149291956e-05,5.000000000000e-05,20000,22044,0.000000000000e+00,6.307149291956e-05,0.000000000000e+00,6.307149291956e-05,24.4371
19,25,0.0976562500,-0.1523437500,9.292355953754e-05,1.000000000000e-04,20000,22044,0.000000000000e+00,9.292355953754e-05,0.000000000000e+00,9.292355953754e-05,24.6054
19,26,0.1015625000,-0.1484375000,2.374644982409e-05,5.000000000000e-05,20000,22044,0.000000000000e+00,2.374644982409e-05,0.000000000000e+00,2.374644982409e-05,24.0129
19,27,0.1054687500,-0.1445312500,1.627577971782e-05,0.000000000000e+00,20000,22044,0.000000000000e+00,1.627577971782e-05,0.000000000000e+00,1.627577971782e-05,23.8488
19,28,0.1093750000,-0.1406250000,1.447735769457e-06,0.000000000000e+00,20000,22044,0.000000000000e+00,1.447735769457e-06,0.000000000000e+00,1.447735769457e-06,22.7980
19,29,0.1132812500,-0.1367187500,7.707895819247e-05,1.500000000000e-04,20000,22044,0.000000000000e+00,7.707895819247e-05,0.000000000000e+00,7.707895819247e-05,24.5242
19,30,0.1171875000,-0.1328125000,7.296692854766e-06,0.000000000000e+00,20000,22044,0.000000000000e+00,7.296692854766e-06,0.000000000000e+00,7.296692854766e-06,23.5004
19,31,0.1210937500,-0.1289062500,1.590217651920e-03,1.650000000000e-03,20000,22044,0.000000000000e+00,1.590217651920e-03,0.000000000000e+00,1.590217651920e-03,25.8387
19,32,0.1250000000,-0.1250000000,2.167984135509e-04,3.500000000000e-04,20000,22044,0.000000000000e+00,2.167984135509e-04,0.000000000000e+00,2.167984135509e-04,24.9733
19,33,0.1289062500,-0.1210937500,1.723169843044e-03,1.500000000000e-03,20000,22044,0.000000000000e+00,1.723169843044e-03,0.000000000000e+00,1.723169843044e-03,25.8736
19,34,0.1328125000,-0.1171875000,2.712266293020e-04,0.000000000000e+00,20000,22044,0.000000000000e+00,2.712266293020e-04,0.000000000000e+00,2.712266293020e-04,25.0706
19,35,0.1367187500,-0.1132812500,1.749107216631e-04,0.000000000000e+00,20000,22044,0.000000000000e+00,1.749107216631e-04,0.000000000000e+00,1.749107216631e-04,24.8801
19,36,0.1406250000,-0.1093750000,1.208153409684e-04,5.000000000000e-05,20000,22044,0.000000000000e+00,1.208153409684e-04,0.000000000000e+00,1.208153409684e-04,24.7194
19,37,0.1445312500,-0.1054687500,6.409457477172e-05,5.000000000000e-05,20000,22044,0.000000000000e+00,6.409457477172e-05,0.000000000000e+00,6.409457477172e-05,24.4441
19,38,0.1484375000,-0.1015625000,1.004128653685e-04,1.500000000000e-04,20000,22044,0.000000000000e+00,1.004128653685e-04,0.000000000000e+00,1.004128653685e-04,24.6391
19,39,0.1523437500,-0.0976562500,6.193349841777e-05,0.000000000000e+00,20000,22044,0.000000000000e+00,6.193349841777e-05,0.000000000000e+00,6.193349841777e-05,24.4292
19,40,0.1562500000,-0.0937500000,6.508742877471e-05,1.500000000000e-04,20000,22044,0.000000000000e+00,6.508742877471e-05,0.000000000000e+00,6.508742877471e-05,24.4508
19,41,0.1601562500,-0.0898437500,4.842201551342e-05,5.000000000000e-05,20000,22044,0.000000000000e+00,4.842201551342e-05,0.000000000000e+00,4.842201551342e-05,24.3223
19,42,0.1640625000,-0.0859375000,5.708292990729e-05,1.000000000000e-04,20000,22044,0.000000000000e+00,5.708292990729e-05,0.000000000000e+00,5.708292990729e-05,24.3938
19,43,0.1679687500,-0.0820312500,2.182189941444e-05,0.000000000000e+00,20000,22044,0.000000000000e+00,2.182189941444e-05,0.000000000000e+00,2.182189941444e-05,23.9762
19,44,0.1718750000,-0.0781250000,7.087522272038e-06,0.000000000000e+00,20000,22044,0.000000000000e+00,7.087522272038e-06,0.000000000000e+00,7.087522272038e-06,23.4878
19,45,0.1757812500,-0.0742187500,1.349221987398e-05,0.000000000000e+00,20000,22044,0.000000000000e+00,1.349221987398e-05,0.000000000000e+00,1.349221987398e-05,23.7673
19,46,0.1796875000,-0.0703125000,4.610329185762e-05,1.000000000000e-04,20000,22044,0.000000000000e+00,4.610329185762e-05,0.000000000000e+00,4.610329185762e-05,24.3010
19,47,0.1835937500,-0.0664062500,4.836712345800e-05,0.000000000000e+00,20000,22044,0.000000000000e+00,4.836712345800e-05,0.000000000000e+00,4.836712345800e-05,24.3218
19,48,0.1875000000,-0.0625000000,5.884394181908e-05,5.000000000000e-05,20000,22044,0.000000000000e+00,5.884394181908e-05,0.000000000000e+00,5.884394181908e-05,24.4070
19,49,0.1914062500,-0.0585937500,4.953131854749e-05,0.000000000000e+00,20000,22044,0.000000000000e+00,4.953131854749e-05,0.000000000000e+00,4.953131854749e-05,24.3321
19,50,0.1953125000,-0.0546875000,5.491004228670e-05,0.000000000000e+00,20000,22044,0.000000000000e+00,5.491004228670e-05,0.000000000000e+00,5.491004228670e-05,24.3769
19,51,0.1992187500,-0.0507812500,2.193082263074e-05,5.000000000000e-05,20000,22044,0.000000000000e+00,2.193082263074e-05,0.000000000000e+00,2.193082263074e-05,23.9783
19,52,0.2031250000,-0.0468750000,3.019130151532e-06,0.000000000000e+00,20000,22044,0.000000000000e+00,3.019130151532e-06,0.000000000000e+00,3.019130151532e-06,23.1171
19,53,0.2070312500,-0.0429687500,1.088180220680e-05,0.000000000000e+00,20000,22044,0.000000000000e+00,1.088180220680e-05,0.000000000000e+00,1.088180220680e-05,23.6740
19,54,0.2109375000,-0.0390625000,8.670235508752e-07,0.000000000000e+00,20000,22044,0.000000000000e+00,8.670235508752e-07,0.000000000000e+00,8.670235508752e-07,22.5753
19,55,0.2148437500,-0.0351562500,2.018047359350e-05,0.000000000000e+00,20000,22044,1.169657841621e-05,8.483895177290e-06,1.169657841621e-05,8.483895177290e-06,23.9422
19,56,0.2187500000,-0.0312500000,1.068609431793e-06,0.000000000000e+00,20000,22044,0.000000000000e+00,1.068609431793e-06,2.764528230509e-07,7.921566087423e-07,22.6661
19,57,0.2226562500,-0.0273437500,8.617973742855e-04,1.100000000000e-03,20000,22044,8.498301551262e-04,1.196721915929e-05,8.553025033158e-04,6.494870969667e-06,25.5727
19,58,0.2265625000,-0.0234375000,5.609297856951e-05,5.000000000000e-05,20000,22044,0.000000000000e+00,5.609297856951e-05,5.531074288521e-05,7.822356842995e-07,24.3862
19,59,0.2304687500,-0.0195312500,1.417912653065e-02,1.360000000000e-02,20000,22044,1.385712965994e-02,3.219968707088e-04,1.417652078996e-02,2.605740691640e-06,26.7889
19,60,0.2343750000,-0.0156250000,1.366882207987e-03,9.000000000000e-04,20000,22044,0.000000000000e+00,1.366882207987e-03,1.366363753398e-03,5.184545890862e-07,25.7730
19,61,0.2382812500,-0.0117187500,8.228869562171e-02,8.390000000000e-02,20000,22044,7.817306807907e-02,4.115627542631e-03,8.228816747916e-02,5.281425418876e-07,27.5526
19,62,0.2421875000,-0.0078125000,9.781016955463e-03,1.025000000000e-02,20000,22044,0.000000000000e+00,9.781016955463e-03,9.780809753547e-03,2.072019157028e-07,26.6276
19,63,0.2460937500,-0.0039062500,1.981323513206e-01,1.947000000000e-01,20000,22044,1.798950317592e-01,1.823731956145e-02,1.981322678016e-01,8.351902954765e-08,27.9342
19,64,0.2500000000,0.0000000000,2.599154724731e-02,2.615000000000e-02,20000,22044,0.000000000000e+00,2.599154724731e-02,2.599151192082e-02,3.532648422692e-08,27.0521
19,65,0.2539062500,0.0039062500,2.046147103268e-01,2.044000000000e-01,20000,22044,1.798950317592e-01,2.471967856764e-02,2.046146984508e-01,1.187600775521e-08,27.9482
19,66,0.2578125000,0.0078125000,3.301159335341e-02,3.230000000000e-02,20000,22044,0.000000000000e+00,3.301159335341e-02,3.301159132386e-02,2.029547945129e-09,27.1559
19,67,0.2617187500,0.0117187500,9.237147486378e-02,9.595000000000e-02,20000,22044,7.817306807907e-02,1.419840678471e-02,9.237147419069e-02,6.730926790235e-10,27.6028
19,68,0.2656250000,0.0156250000,2.797918947971e-02,2.940000000000e-02,20000,22044,0.000000000000e+00,2.797918947971e-02,2.797918945504e-02,2.466959695988e-11,27.0841
19,69,0.2695312500,0.0195312500,3.010145185239e-02,2.840000000000e-02,20000,22044,1.385712965994e-02,1.624432219245e-02,3.010145184568e-02,6.700043937822e-12,27.1159
19,70,0.2734375000,0.0234375000,2.066705958509e-02,1.995000000000e-02,20000,22044,0.000000000000e+00,2.066705958509e-02,2.066705958509e-02,0.000000000000e+00,26.9525
19,71,0.2773437500,0.0273437500,1.140867405075e-02,1.125000000000e-02,20000,22044,8.498301551262e-04,1.055884389562e-02,1.140867405075e-02,0.000000000000e+00,26.6945
19,72,0.2812500000,0.0312500000,1.468926484836e-02,1.655000000000e-02,20000,22044,0.000000000000e+00,1.468926484836e-02,1.468926484836e-02,0.000000000000e+00,26.8043
19,73,0.2851562500,0.0351562500,3.422012382077e-03,3.150000000000e-03,20000,22044,1.169657841621e-05,3.410315803660e-03,3.422012382077e-03,0.000000000000e+00,26.1715
19,74,0.2890625000,0.0390625000,1.074904698306e-02,1.000000000000e-02,20000,22044,0.000000000000e+00,1.074904698306e-02,1.074904698306e-02,0.000000000000e+00,26.6686
19,75,0.2929687500,0.0429687500,9.532865205982e-03,9.500000000000e-03,20000,22044,0.000000000000e+00,9.532865205982e-03,9.532865205982e-03,0.000000000000e+00,26.6165
19,76,0.2968750000,0.0468750000,6.620866282457e-03,6.850000000000e-03,20000,22044,0.000000000000e+00,6.620866282457e-03,6.620866282457e-03,0.000000000000e+00,26.4582
19,77,0.3007812500,0.0507812500,9.469103475434e-03,9.900000000000e-03,20000,22044,0.000000000000e+00,9.469103475434e-03,9.469103475434e-03,0.000000000000e+00,26.6136
19,78,0.3046875000,0.0546875000,9.302026688841e-03,9.450000000000e-03,20000,22044,0.000000000000e+00,9.302026688841e-03,9.302026688841e-03,0.000000000000e+00,26.6058
19,79,0.3085937500,0.0585937500,1.565397441202e-03,1.600000000000e-03,20000,22044,0.000000000000e+00,1.565397441202e-03,1.565397441202e-03,0.000000000000e+00,25.8319
19,80,0.3125000000,0.0625000000,1.119319725955e-02,1.080000000000e-02,20000,22044,0.000000000000e+00,1.119319725955e-02,1.119319725955e-02,0.000000000000e+00,26.6862
19,81,0.3164062500,0.0664062500,8.821966274467e-04,9.500000000000e-04,20000,22044,0.000000000000e+00,8.821966274467e-04,8.821966274467e-04,0.000000000000e+00,25.5828
19,82,0.3203125000,0.0703125000,9.454417264497e-03,8.950000000000e-03,20000,22044,0.000000000000e+00,9.454417264497e-03,9.454417264497e-03,0.000000000000e+00,26.6129
19,83,0.3242187500,0.0742187500,7.930257401992e-03,7.300000000000e-03,20000,22044,0.000000000000e+00,7.930257401992e-03,7.930257401992e-03,0.000000000000e+00,26.5366
19,84,0.3281250000,0.0781250000,3.865467572222e-03,3.150000000000e-03,20000,22044,0.000000000000e+00,3.865467572222e-03,3.865467572222e-03,0.000000000000e+00,26.2245
19,85,0.3320312500,0.0820312500,3.065822674743e-03,2.500000000000e-03,20000,22044,0.000000000000e+00,3.065822674743e-03,3.065822674743e-03,0.000000000000e+00,26.1238
19,86,0.3359375000,0.0859375000,1.946899403569e-03,1.600000000000e-03,20000,22044,0.000000000000e+00,1.946899403569e-03,1.946899403569e-03,0.000000000000e+00,25.9266
19,87,0.3398437500,0.0898437500,1.356160210581e-03,1.050000000000e-03,20000,22044,0.000000000000e+00,1.356160210581e-03,1.356160210581e-03,0.000000000000e+00,25.7696
19,88,0.3437500000,0.0937500000,9.203009757666e-04,1.200000000000e-03,20000,22044,0.000000000000e+00,9.203009757666e-04,9.203009757666e-04,0.000000000000e+00,25.6012
19,89,0.3476562500,0.0976562500,1.098991801532e-03,1.200000000000e-03,20000,22044,0.000000000000e+00,1.098991801532e-03,1.098991801532e-03,0.000000000000e+00,25.6783
19,90,0.3515625000,0.1015625000,2.063856962901e-03,1.400000000000e-03,20000,22044,0.000000000000e+00,2.063856962901e-03,2.063856962901e-03,0.000000000000e+00,25.9519
19,91,0.3554687500,0.1054687500,1.957091770788e-04,2.500000000000e-04,20000,22044,0.000000000000e+00,1.957091770788e-04,1.957091770788e-04,0.000000000000e+00,24.9289
19,92,0.3593750000,0.1093750000,3.946926278646e-03,3.850000000000e-03,20000,22044,0.000000000000e+00,3.946926278646e-03,3.946926278646e-03,0.000000000000e+00,26.2335
19,93,0.3632812500,0.1132812500,6.450642204290e-03,7.100000000000e-03,20000,22044,0.000000000000e+00,6.450642204290e-03,6.450642204290e-03,0.000000000000e+00,26.4469
19,94,0.3671875000,0.1171875000,7.757717159845e-03,8.100000000000e-03,20000,22044,0.000000000000e+00,7.757717159845e-03,7.757717159845e-03,0.000000000000e+00,26.5270
19,95,0.3710937500,0.1210937500,1.983539180469e-03,2.250000000000e-03,20000,22044,0.000000000000e+00,1.983539180469e-03,1.983539180469e-03,0.000000000000e+00,25.9347
19,96,0.3750000000,0.1250000000,9.789353081543e-03,9.950000000000e-03,20000,22044,0.000000000000e+00,9.789353081543e-03,9.789353081543e-03,0.000000000000e+00,26.6280
19,97,0.3789062500,0.1289062500,1.290590918198e-03,8.000000000000e-04,20000,22044,0.000000000000e+00,1.290590918198e-03,1.290590918198e-03,0.000000000000e+00,25.7481
19,98,0.3828125000,0.1328125000,8.979700926650e-03,9.100000000000e-03,20000,22044,0.000000000000e+00,8.979700926650e-03,8.979700926650e-03,0.000000000000e+00,26.5905
19,99,0.3867187500,0.1367187500,8.044498996986e-03,7.400000000000e-03,20000,22044,0.000000000000e+00,8.044498996986e-03,8.044498996986e-03,0.000000000000e+00,26.5428
19,100,0.3906250000,0.1406250000,3.086986462126e-03,3.500000000000e-03,20000,22044,0.000000000000e+00,3.086986462126e-03,3.086986462126e-03,0.000000000000e+00,26.1268
19,101,0.3945312500,0.1445312500,2.521059130371e-03,2.650000000000e-03,20000,22044,0.000000000000e+00,2.521059130371e-03,2.521059130371e-03,0.000000000000e+00,26.0388
19,102,0.3984375000,0.1484375000,1.680458545176e-03,1.700000000000e-03,20000,22044,0.000000000000e+00,1.680458545176e-03,1.680458545176e-03,0.000000000000e+00,25.8627
19,103,0.4023437500,0.1523437500,1.688506160510e-03,2.000000000000e-03,20000,22044,0.000000000000e+00,1.688506160510e-03,1.688506160510e-03,0.000000000000e+00,25.8648
19,104,0.4062500000,0.1562500000,8.953327854351e-04,5.500000000000e-04,20000,22044,0.000000000000e+00,8.953327854351e-04,8.953327854351e-04,0.000000000000e+00,25.5892
19,105,0.4101562500,0.1601562500,1.223842424253e-03,1.150000000000e-03,20000,22044,0.000000000000e+00,1.223842424253e-03,1.223842424253e-03,0.000000000000e+00,25.7250
19,106,0.4140625000,0.1640625000,5.555258384139e-04,7.000000000000e-04,20000,22044,0.000000000000e+00,5.555258384139e-04,5.555258384139e-04,0.000000000000e+00,25.3820
19,107,0.4179687500,0.1679687500,9.233159733418e-04,1.100000000000e-03,20000,22044,0.000000000000e+00,9.233159733418e-04,9.233159733418e-04,0.000000000000e+00,25.6026
19,108,0.4218750000,0.1718750000,2.266473653112e-04,2.000000000000e-04,20000,22044,0.000000000000e+00,2.266473653112e-04,2.266473653112e-04,0.000000000000e+00,24.9926
19,109,0.4257812500,0.1757812500,9.437708476700e-04,9.000000000000e-04,20000,22044,0.000000000000e+00,9.437708476700e-04,9.437708476700e-04,0.000000000000e+00,25.6121
19,110,0.4296875000,0.1796875000,3.085805323000e-04,2.000000000000e-04,20000,22044,0.000000000000e+00,3.085805323000e-04,3.085805323000e-04,0.000000000000e+00,25.1266
19,111,0.4335937500,0.1835937500,7.395214365898e-04,7.500000000000e-04,20000,22044,0.000000000000e+00,7.395214365898e-04,7.395214365898e-04,0.000000000000e+00,25.5062
19,112,0.4375000000,0.1875000000,1.851274558669e-04,5.000000000000e-05,20000,22044,0.000000000000e+00,1.851274558669e-04,1.851274558669e-04,0.000000000000e+00,24.9047
19,113,0.4414062500,0.1914062500,7.658088572117e-04,1.250000000000e-03,20000,22044,0.000000000000e+00,7.658088572117e-04,7.658088572117e-04,0.000000000000e+00,25.5214
19,114,0.4453125000,0.1953125000,1.224464390125e-04,2.000000000000e-04,20000,22044,0.000000000000e+00,1.224464390125e-04,1.224464390125e-04,0.000000000000e+00,24.7252
19,115,0.4492187500,0.1992187500,5.979221484045e-04,4.500000000000e-04,20000,22044,0.000000000000e+00,5.979221484045e-04,5.979221484045e-04,0.000000000000e+00,25.4139
19,116,0.4531250000,0.2031250000,1.341689747794e-04,5.000000000000e-05,20000,22044,0.000000000000e+00,1.341689747794e-04,1.341689747794e-04,0.000000000000e+00,24.7649
19,117,0.4570312500,0.2070312500,3.710587281709e-04,4.500000000000e-04,20000,22044,0.000000000000e+00,3.710587281709e-04,3.710587281709e-04,0.000000000000e+00,25.2067
19,118,0.4609375000,0.2109375000,3.028234878598e-04,3.500000000000e-04,20000,22044,0.000000000000e+00,3.028234878598e-04,3.028234878598e-04,0.000000000000e+00,25.1185
19,119,0.4648437500,0.2148437500,9.084622703841e-06,5.000000000000e-05,20000,22044,0.000000000000e+00,9.084622703841e-06,9.084622703841e-06,0.000000000000e+00,23.5956
19,120,0.4687500000,0.2187500000,1.690229115295e-04,5.000000000000e-05,20000,22044,0.000000000000e+00,1.690229115295e-04,1.690229115295e-04,0.000000000000e+00,24.8652
19,121,0.4726562500,0.2226562500,2.254775771532e-05,0.000000000000e+00,20000,22044,0.000000000000e+00,2.254775771532e-05,2.254775771532e-05,0.000000000000e+00,23.9904
19,122,0.4765625000,0.2265625000,7.643808923064e-05,1.000000000000e-04,20000,22044,0.000000000000e+00,7.643808923064e-05,7.643808923064e-05,0.000000000000e+00,24.5206
19,123,0.4804687500,0.2304687500,1.181420768409e-05,5.000000000000e-05,20000,22044,0.000000000000e+00,1.181420768409e-05,1.181420768409e-05,0.000000000000e+00,23.7097
19,124,0.4843750000,0.2343750000,4.265193320635e-05,0.000000000000e+00,20000,22044,0.000000000000e+00,4.265193320635e-05,4.265193320635e-05,0.000000000000e+00,24.2672
19,125,0.4882812500,0.2382812500,7.770620590718e-06,5.000000000000e-05,20000,22044,0.000000000000e+00,7.770620590718e-06,7.770620590718e-06,0.000000000000e+00,23.5277
19,126,0.4921875000,0.2421875000,2.001872382452e-05,0.000000000000e+00,20000,22044,0.000000000000e+00,2.001872382452e-05,2.001872382452e-05,0.000000000000e+00,23.9387
19,127,0.4960937500,0.2460937500,5.078306085344e-06,0.000000000000e+00,20000,22044,0.000000000000e+00,5.078306085344e-06,5.078306085344e-06,0.000000000000e+00,23.3430
19,128,0.5000000000,0.2500000000,7.334951306862e-06,5.000000000000e-05,20000,22044,0.000000000000e+00,7.334951306862e-06,7.334951306862e-06,0.000000000000e+00,23.5027
19,129,0.5039062500,0.2539062500,2.401593680114e-06,0.000000000000e+00,20000,22044,0.000000000000e+00,2.401593680114e-06,2.401593680114e-06,0.000000000000e+00,23.0178
19,130,0.5078125000,0.2578125000,2.199455851087e-06,0.000000000000e+00,20000,22044,0.000000000000e+00,2.199455851087e-06,2.199455851087e-06,0.000000000000e+00,22.9796
19,131,0.5117187500,0.2617187500,1.349539681764e-06,0.000000000000e+00,20000,22044,0.000000000000e+00,1.349539681764e-06,1.349539681764e-06,0.000000000000e+00,22.7675
19,132,0.5156250000,0.2656250000,7.035260956627e-08,0.000000000000e+00,20000,22044,0.000000000000e+00,7.035260956627e-08,7.035260956627e-08,0.000000000000e+00,21.4845
19,133,0.5195312500,0.2695312500,3.257138711918e-07,0.000000000000e+00,20000,22044,0.000000000000e+00,3.257138711918e-07,3.257138711918e-07,0.000000000000e+00,22.1501
19,134,0.5234375000,0.2734375000,2.287142822711e-08,0.000000000000e+00,20000,22044,0.000000000000e+00,2.287142822711e-08,2.287142822711e-08,0.000000000000e+00,20.9966
19,135,0.5273437500,0.2773437500,5.826961356438e-08,0.000000000000e+00,20000,22044,0.000000000000e+00,5.826961356438e-08,5.826961356438e-08,0.000000000000e+00,21.4027
19,136,0.5312500000,0.2812500000,5.400198331402e-09,0.000000000000e+00,20000,22044,0.000000000000e+00,5.400198331402e-09,5.400198331402e-09,0.000000000000e+00,20.3697
19,137,0.5351562500,0.2851562500,6.840833355892e-09,0.000000000000e+00,20000,22044,0.000000000000e+00,6.840833355892e-09,6.840833355892e-09,0.000000000000e+00,20.4724
19,138,0.5390625000,0.2890625000,7.719241709333e-10,0.000000000000e+00,20000,22044,0.000000000000e+00,7.719241709333e-10,7.719241709333e-10,0.000000000000e+00,19.5248
19,139,0.5429687500,0.2929687500,3.897527845203e-10,0.000000000000e+00,20000,22044,0.000000000000e+00,3.897527845203e-10,3.897527845203e-10,0.000000000000e+00,19.2281
19,140,0.5468750000,0.2968750000,5.039906696384e-11,0.000000000000e+00,20000,22044,0.000000000000e+00,5.039906696384e-11,5.039906696384e-11,0.000000000000e+00,18.3397
20,0,0.0000000000,-0.2500000000,4.453661326232e-02,4.360000000000e-02,20000,22044,0.000000000000e+00,4.453661326232e-02,0.000000000000e+00,4.453661326232e-02,28.3741
20,1,0.0039062500,-0.2460937500,8.680565939822e-03,1.050000000000e-02,20000,22044,0.000000000000e+00,8.680565939822e-03,0.000000000000e+00,8.680565939822e-03,27.6639
20,2,0.0078125000,-0.2421875000,1.085522746783e-03,1.200000000000e-03,20000,22044,0.000000000000e+00,1.085522746783e-03,0.000000000000e+00,1.085522746783e-03,26.7610
20,3,0.0117187500,-0.2382812500,2.879142499354e-03,3.400000000000e-03,20000,22044,0.000000000000e+00,2.879142499354e-03,0.000000000000e+00,2.879142499354e-03,27.1847
20,4,0.0156250000,-0.2343750000,1.223256478335e-03,1.800000000000e-03,20000,22044,0.000000000000e+00,1.223256478335e-03,0.000000000000e+00,1.223256478335e-03,26.8129
20,5,0.0195312500,-0.2304687500,1.584798712184e-03,1.150000000000e-03,20000,22044,0.000000000000e+00,1.584798712184e-03,0.000000000000e+00,1.584798712184e-03,26.9254
20,6,0.0234375000,-0.2265625000,2.867413451003e-04,4.000000000000e-04,20000,22044,0.000000000000e+00,2.867413451003e-04,0.000000000000e+00,2.867413451003e-04,26.1829
20,7,0.0273437500,-0.2226562500,1.585561475229e-03,1.350000000000e-03,20000,22044,0.000000000000e+00,1.585561475229e-03,0.000000000000e+00,1.585561475229e-03,26.9256
20,8,0.0312500000,-0.2187500000,9.667576745346e-04,1.200000000000e-03,20000,22044,0.000000000000e+00,9.667576745346e-04,0.000000000000e+00,9.667576745346e-04,26.7107
20,9,0.0351562500,-0.2148437500,1.577867049246e-03,2.200000000000e-03,20000,22044,0.000000000000e+00,1.577867049246e-03,0.000000000000e+00,1.577867049246e-03,26.9235
20,10,0.0390625000,-0.2109375000,2.867421510852e-04,2.000000000000e-04,20000,22044,0.000000000000e+00,2.867421510852e-04,0.000000000000e+00,2.867421510852e-04,26.1829
20,11,0.0429687500,-0.2070312500,2.836554226809e-04,2.500000000000e-04,20000,22044,0.000000000000e+00,2.836554226809e-04,0.000000000000e+00,2.836554226809e-04,26.1782
20,12,0.0468750000,-0.2031250000,3.024183864616e-05,5.000000000000e-05,20000,22044,0.000000000000e+00,3.024183864616e-05,0.000000000000e+00,3.024183864616e-05,25.2060
20,13,0.0507812500,-0.1992187500,1.504061524901e-04,1.500000000000e-04,20000,22044,0.000000000000e+00,1.504061524901e-04,0.000000000000e+00,1.504061524901e-04,25.9027
20,14,0.0546875000,-0.1953125000,2.037898172415e-05,0.000000000000e+00,20000,22044,0.000000000000e+00,2.037898172415e-05,0.000000000000e+00,2.037898172415e-05,25.0346
20,15,0.0585937500,-0.1914062500,1.443856718708e-03,1.300000000000e-03,20000,22044,0.000000000000e+00,1.443856718708e-03,0.000000000000e+00,1.443856718708e-03,26.8849
20,16,0.0625000000,-0.1875000000,9.591454947967e-04,7.000000000000e-04,20000,22044,0.000000000000e+00,9.591454947967e-04,0.000000000000e+00,9.591454947967e-04,26.7073
20,17,0.0664062500,-0.1835937500,1.572162341291e-03,1.300000000000e-03,20000,22044,0.000000000000e+00,1.572162341291e-03,0.000000000000e+00,1.572162341291e-03,26.9219
20,18,0.0703125000,-0.1796875000,2.912140481047e-04,4.500000000000e-04,20000,22044,0.000000000000e+00,2.912140481047e-04,0.000000000000e+00,2.912140481047e-04,26.1896
20,19,0.0742187500,-0.1757812500,2.737431200117e-04,2.000000000000e-04,20000,22044,0.000000000000e+00,2.737431200117e-04,0.000000000000e+00,2.737431200117e-04,26.1627
20,20,0.0781250000,-0.1718750000,3.392891035145e-05,5.000000000000e-05,20000,22044,0.000000000000e+00,3.392891035145e-05,0.000000000000e+00,3.392891035145e-05,25.2560
20,21,0.0820312500,-0.1679687500,1.454485826987e-04,0.000000000000e+00,20000,22044,0.000000000000e+00,1.454485826987e-04,0.000000000000e+00,1.454485826987e-04,25.8881
20,22,0.0859375000,-0.1640625000,3.011147148018e-05,0.000000000000e+00,20000,22044,0.000000000000e+00,3.011147148018e-05,0.000000000000e+00,3.011147148018e-05,25.2041
20,23,0.0898437500,-0.1601562500,1.386041997398e-04,1.500000000000e-04,20000,22044,0.000000000000e+00,1.386041997398e-04,0.000000000000e+00,1.386041997398e-04,25.8672
20,24,0.0937500000,-0.1562500000,1.625112365476e-05,0.000000000000e+00,20000,22044,0.000000000000e+00,1.625112365476e-05,0.000000000000e+00,1.625112365476e-05,24.9363
20,25,0.0976562500,-0.1523437500,1.437486629922e-04,1.000000000000e-04,20000,22044,0.000000000000e+00,1.437486629922e-04,0.000000000000e+00,1.437486629922e-04,25.8830
20,26,0.1015625000,-0.1484375000,2.501404729322e-05,0.000000000000e+00,20000,22044,0.000000000000e+00,2.501404729322e-05,0.000000000000e+00,2.501404729322e-05,25.1236
20,27,0.1054687500,-0.1445312500,1.578606556353e-05,1.000000000000e-04,20000,22044,0.000000000000e+00,1.578606556353e-05,0.000000000000e+00,1.578606556353e-05,24.9237
20,28,0.1093750000,-0.1406250000,6.957090385299e-06,5.000000000000e-05,20000,22044,0.000000000000e+00,6.957090385299e-06,0.000000000000e+00,6.957090385299e-06,24.5678
20,29,0.1132812500,-0.1367187500,5.258724897532e-05,5.000000000000e-05,20000,22044,0.000000000000e+00,5.258724897532e-05,0.000000000000e+00,5.258724897532e-05,25.4463
20,30,0.1171875000,-0.1328125000,1.241634417230e-04,1.500000000000e-04,20000,22044,0.000000000000e+00,1.241634417230e-04,0.000000000000e+00,1.241634417230e-04,25.8194
20,31,0.1210937500,-0.1289062500,1.287044874779e-03,8.500000000000e-04,20000,22044,0.000000000000e+00,1.287044874779e-03,0.000000000000e+00,1.287044874779e-03,26.8350
20,32,0.1250000000,-0.1250000000,9.872874919226e-04,1.000000000000e-03,20000,22044,0.000000000000e+00,9.872874919226e-04,0.000000000000e+00,9.872874919226e-04,26.7198
20,33,0.1289062500,-0.1210937500,1.387840088524e-03,1.850000000000e-03,20000,22044,0.000000000000e+00,1.387840088524e-03,0.000000000000e+00,1.387840088524e-03,26.8677
20,34,0.1328125000,-0.1171875000,4.105759243399e-04,5.000000000000e-04,20000,22044,0.000000000000e+00,4.105759243399e-04,0.000000000000e+00,4.105759243399e-04,26.3388
20,35,0.1367187500,-0.1132812500,2.507468482512e-04,1.000000000000e-04,20000,22044,0.000000000000e+00,2.507468482512e-04,0.000000000000e+00,2.507468482512e-04,26.1246
20,36,0.1406250000,-0.1093750000,7.130550284831e-05,5.000000000000e-05,20000,22044,0.000000000000e+00,7.130550284831e-05,0.000000000000e+00,7.130550284831e-05,25.5785
20,37,0.1445312500,-0.1054687500,1.115126244692e-04,0.000000000000e+00,20000,22044,0.000000000000e+00,1.115126244692e-04,0.000000000000e+00,1.115126244692e-04,25.7727
20,38,0.1484375000,-0.1015625000,9.268567891273e-05,5.000000000000e-05,20000,22044,0.000000000000e+00,9.268567891273e-05,0.000000000000e+00,9.268567891273e-05,25.6924
20,39,0.1523437500,-0.0976562500,1.104535376681e-04,5.000000000000e-05,20000,22044,0.000000000000e+00,1.104535376681e-04,0.000000000000e+00,1.104535376681e-04,25.7686
20,40,0.1562500000,-0.0937500000,2.180342276941e-05,5.000000000000e-05,20000,22044,0.000000000000e+00,2.180342276941e-05,0.000000000000e+00,2.180342276941e-05,25.0639
20,41,0.1601562500,-0.0898437500,1.051626805957e-04,1.500000000000e-04,20000,22044,0.000000000000e+00,1.051626805957e-04,0.000000000000e+00,1.051626805957e-04,25.7473
20,42,0.1640625000,-0.0859375000,5.193731205066e-05,1.000000000000e-04,20000,22044,0.000000000000e+00,5.193731205066e-05,0.000000000000e+00,5.193731205066e-05,25.4409
20,43,0.1679687500,-0.0820312500,1.489024827344e-05,0.000000000000e+00,20000,22044,0.000000000000e+00,1.489024827344e-05,0.000000000000e+00,1.489024827344e-05,24.8983
20,44,0.1718750000,-0.0781250000,2.144972499412e-05,5.000000000000e-05,20000,22044,0.000000000000e+00,2.144972499412e-05,0.000000000000e+00,2.144972499412e-05,25.0568
20,45,0.1757812500,-0.0742187500,5.536118014206e-06,0.000000000000e+00,20000,22044,0.000000000000e+00,5.536118014206e-06,0.000000000000e+00,5.536118014206e-06,24.4686
20,46,0.1796875000,-0.0703125000,4.278802673287e-05,0.000000000000e+00,20000,22044,0.000000000000e+00,4.278802673287e-05,0.000000000000e+00,4.278802673287e-05,25.3567
20,47,0.1835937500,-0.0664062500,1.015747582196e-04,1.000000000000e-04,20000,22044,0.000000000000e+00,1.015747582196e-04,0.000000000000e+00,1.015747582196e-04,25.7322
20,48,0.1875000000,-0.0625000000,1.030548177422e-05,0.000000000000e+00,20000,22044,0.000000000000e+00,1.030548177422e-05,0.000000000000e+00,1.030548177422e-05,24.7385
20,49,0.1914062500,-0.0585937500,1.044832116672e-04,1.000000000000e-04,20000,22044,0.000000000000e+00,1.044832116672e-04,0.000000000000e+00,1.044832116672e-04,25.7444
20,50,0.1953125000,-0.0546875000,5.085478168130e-05,0.000000000000e+00,20000,22044,0.000000000000e+00,5.085478168130e-05,0.000000000000e+00,5.085478168130e-05,25.4317
20,51,0.1992187500,-0.0507812500,1.463423677032e-05,5.000000000000e-05,20000,22044,0.000000000000e+00,1.463423677032e-05,0.000000000000e+00,1.463423677032e-05,24.8908
20,52,0.2031250000,-0.0468750000,1.498850326051e-05,0.000000000000e+00,20000,22044,0.000000000000e+00,1.498850326051e-05,0.000000000000e+00,1.498850326051e-05,24.9012
20,53,0.2070312500,-0.0429687500,6.881080983307e-06,0.000000000000e+00,20000,22044,0.000000000000e+00,6.881080983307e-06,0.000000000000e+00,6.881080983307e-06,24.5631
20,54,0.2109375000,-0.0390625000,6.959867579474e-06,0.000000000000e+00,20000,22044,2.251834088703e-07,6.734684170604e-06,2.251834088703e-07,6.734684170604e-06,24.5680
20,55,0.2148437500,-0.0351562500,1.074737248360e-05,0.000000000000e+00,20000,22044,5.288711254201e-06,5.458661229402e-06,5.288711254201e-06,5.458661229402e-06,24.7567
20,56,0.2187500000,-0.0312500000,6.652335819254e-05,1.000000000000e-04,20000,22044,5.800754661994e-05,8.515811572601e-06,6.087915155875e-05,5.644206633797e-06,25.5484
20,57,0.2226562500,-0.0273437500,3.996313172671e-04,4.000000000000e-04,20000,22044,3.950784256277e-04,4.552891639398e-06,3.952408350308e-04,4.390482236287e-06,26.3271
20,58,0.2265625000,-0.0234375000,2.088099359006e-03,2.500000000000e-03,20000,22044,1.873976907274e-03,2.141224517321e-04,2.084778621672e-03,3.320737334860e-06,27.0452
20,59,0.2304687500,-0.0195312500,6.594045958923e-03,6.100000000000e-03,20000,22044,6.580478201827e-03,1.356775709602e-05,6.591838998812e-03,2.206960111567e-06,27.5446
20,60,0.2343750000,-0.0156250000,2.126623487508e-02,2.110000000000e-02,20000,22044,1.774997409703e-02,3.516260778046e-03,2.126535525936e-02,8.796157222236e-07,28.0531
20,61,0.2382812500,-0.0117187500,3.783990404561e-02,3.990000000000e-02,20000,22044,3.766081460588e-02,1.790894397335e-04,3.783905556395e-02,8.484816629103e-07,28.3034
20,62,0.2421875000,-0.0078125000,8.459036236057e-02,8.145000000000e-02,20000,22044,6.383670406794e-02,2.075365829263e-02,8.459026216053e-02,1.002000399764e-07,28.6527
20,63,0.2460937500,-0.0039062500,8.829428239824e-02,8.780000000000e-02,20000,22044,8.729805684504e-02,9.962255531941e-04,8.829406168752e-02,2.207107190926e-07,28.6713
20,64,0.2500000000,0.0000000000,1.409748113020e-01,1.408500000000e-01,20000,22044,9.684165797471e-02,4.413315332731e-02,1.409747885647e-01,2.273732068600e-08,28.8745
20,65,0.2539062500,0.0039062500,9.726011895355e-02,9.685000000000e-02,20000,22044,8.729805684504e-02,9.962062108510e-03,9.726009162754e-02,2.732601296548e-08,28.7133
20,66,0.2578125000,0.0078125000,1.027736144954e-01,1.033000000000e-01,20000,22044,6.383670406794e-02,3.893691042742e-02,1.027736111141e-01,3.381307859507e-09,28.7373
20,67,0.2617187500,0.0117187500,5.777216082830e-02,5.970000000000e-02,20000,22044,3.766081460588e-02,2.011134622242e-02,5.777215986402e-02,9.642768518969e-10,28.4871
20,68,0.2656250000,0.0156250000,4.477916256780e-02,4.570000000000e-02,20000,22044,1.774997409703e-02,2.702918847077e-02,4.477916242091e-02,1.468880685225e-10,28.3765
20,69,0.2695312500,0.0195312500,1.834497191340e-02,1.770000000000e-02,20000,22044,6.580478201827e-03,1.176449371158e-02,1.834497190915e-02,4.257319599929e-12,27.9889
20,70,0.2734375000,0.0234375000,2.659374674589e-02,2.625000000000e-02,20000,22044,1.873976907274e-03,2.471976983862e-02,2.659374674505e-02,8.414871049418e-13,28.1502
20,71,0.2773437500,0.0273437500,1.217765138641e-02,1.240000000000e-02,20000,22044,3.950784256277e-04,1.178257296078e-02,1.217765138641e-02,0.000000000000e+00,27.8110
20,72,0.2812500000,0.0312500000,1.054789879971e-02,9.600000000000e-03,20000,22044,5.800754661994e-05,1.048989125309e-02,1.054789879971e-02,0.000000000000e+00,27.7486
20,73,0.2851562500,0.0351562500,1.122606867887e-02,1.000000000000e-02,20000,22044,5.288711254201e-06,1.122077996762e-02,1.122606867887e-02,0.000000000000e+00,27.7756
20,74,0.2890625000,0.0390625000,1.086166311036e-02,1.045000000000e-02,20000,22044,2.251834088703e-07,1.086143792695e-02,1.086166311036e-02,0.000000000000e+00,27.7613
20,75,0.2929687500,0.0429687500,1.722733401592e-03,1.750000000000e-03,20000,22044,0.000000000000e+00,1.722733401592e-03,1.722733401592e-03,0.000000000000e+00,26.9616
20,76,0.2968750000,0.0468750000,1.568604808082e-02,1.555000000000e-02,20000,22044,0.000000000000e+00,1.568604808082e-02,1.568604808082e-02,0.000000000000e+00,27.9209
20,77,0.3007812500,0.0507812500,1.610117483133e-03,1.700000000000e-03,20000,22044,0.000000000000e+00,1.610117483133e-03,1.610117483133e-03,0.000000000000e+00,26.9323
20,78,0.3046875000,0.0546875000,1.016462837745e-02,1.105000000000e-02,20000,22044,0.000000000000e+00,1.016462837745e-02,1.016462837745e-02,0.000000000000e+00,27.7325
20,79,0.3085937500,0.0585937500,1.067257653865e-02,1.155000000000e-02,20000,22044,0.000000000000e+00,1.067257653865e-02,1.067257653865e-02,0.000000000000e+00,27.7537
20,80,0.3125000000,0.0625000000,1.341323055527e-03,1.400000000000e-03,20000,22044,0.000000000000e+00,1.341323055527e-03,1.341323055527e-03,0.000000000000e+00,26.8529
20,81,0.3164062500,0.0664062500,1.038092265006e-02,8.850000000000e-03,20000,22044,0.000000000000e+00,1.038092265006e-02,1.038092265006e-02,0.000000000000e+00,27.7416
20,82,0.3203125000,0.0703125000,8.171916113199e-03,8.450000000000e-03,20000,22044,0.000000000000e+00,8.171916113199e-03,8.171916113199e-03,0.000000000000e+00,27.6377
20,83,0.3242187500,0.0742187500,1.385511593870e-03,1.150000000000e-03,20000,22044,0.000000000000e+00,1.385511593870e-03,1.385511593870e-03,0.000000000000e+00,26.8670
20,84,0.3281250000,0.0781250000,9.114986140704e-03,8.200000000000e-03,20000,22044,0.000000000000e+00,9.114986140704e-03,9.114986140704e-03,0.000000000000e+00,27.6852
20,85,0.3320312500,0.0820312500,1.566453029299e-03,1.300000000000e-03,20000,22044,0.000000000000e+00,1.566453029299e-03,1.566453029299e-03,0.000000000000e+00,26.9203
20,86,0.3359375000,0.0859375000,3.038182604070e-03,3.250000000000e-03,20000,22044,0.000000000000e+00,3.038182604070e-03,3.038182604070e-03,0.000000000000e+00,27.2080
20,87,0.3398437500,0.0898437500,7.976434898318e-04,7.500000000000e-04,20000,22044,0.000000000000e+00,7.976434898318e-04,7.976434898318e-04,0.000000000000e+00,26.6272
20,88,0.3437500000,0.0937500000,1.649969959783e-03,1.400000000000e-03,20000,22044,0.000000000000e+00,1.649969959783e-03,1.649969959783e-03,0.000000000000e+00,26.9429
20,89,0.3476562500,0.0976562500,1.139940881152e-03,1.050000000000e-03,20000,22044,0.000000000000e+00,1.139940881152e-03,1.139940881152e-03,0.000000000000e+00,26.7823
20,90,0.3515625000,0.1015625000,9.586177022383e-04,1.050000000000e-03,20000,22044,0.000000000000e+00,9.586177022383e-04,9.586177022383e-04,0.000000000000e+00,26.7070
20,91,0.3554687500,0.1054687500,3.206383707209e-03,3.100000000000e-03,20000,22044,0.000000000000e+00,3.206383707209e-03,3.206383707209e-03,0.000000000000e+00,27.2314
20,92,0.3593750000,0.1093750000,4.544477493078e-03,4.700000000000e-03,20000,22044,0.000000000000e+00,4.544477493078e-03,4.544477493078e-03,0.000000000000e+00,27.3829
20,93,0.3632812500,0.1132812500,1.018957915065e-03,1.150000000000e-03,20000,22044,0.000000000000e+00,1.018957915065e-03,1.018957915065e-03,0.000000000000e+00,26.7336
20,94,0.3671875000,0.1171875000,8.114433857121e-03,7.450000000000e-03,20000,22044,0.000000000000e+00,8.114433857121e-03,8.114433857121e-03,0.000000000000e+00,27.6347
20,95,0.3710937500,0.1210937500,9.758294835051e-03,1.040000000000e-02,20000,22044,0.000000000000e+00,9.758294835051e-03,9.758294835051e-03,0.000000000000e+00,27.7148
20,96,0.3750000000,0.1250000000,1.244399746024e-03,1.550000000000e-03,20000,22044,0.000000000000e+00,1.244399746024e-03,1.244399746024e-03,0.000000000000e+00,26.8204
20,97,0.3789062500,0.1289062500,9.722207184431e-03,9.350000000000e-03,20000,22044,0.000000000000e+00,9.722207184431e-03,9.722207184431e-03,0.000000000000e+00,27.7132
20,98,0.3828125000,0.1328125000,8.040593261531e-03,8.500000000000e-03,20000,22044,0.000000000000e+00,8.040593261531e-03,8.040593261531e-03,0.000000000000e+00,27.6307
20,99,0.3867187500,0.1367187500,1.590493351399e-03,1.300000000000e-03,20000,22044,0.000000000000e+00,1.590493351399e-03,1.590493351399e-03,0.000000000000e+00,26.9269
20,100,0.3906250000,0.1406250000,7.136672338815e-03,7.900000000000e-03,20000,22044,0.000000000000e+00,7.136672338815e-03,7.136672338815e-03,0.000000000000e+00,27.5789
20,101,0.3945312500,0.1445312500,2.729982143529e-03,3.300000000000e-03,20000,22044,0.000000000000e+00,2.729982143529e-03,2.729982143529e-03,0.000000000000e+00,27.1616
20,102,0.3984375000,0.1484375000,1.976773190548e-03,2.400000000000e-03,20000,22044,0.000000000000e+00,1.976773190548e-03,1.976773190548e-03,0.000000000000e+00,27.0214
20,103,0.4023437500,0.1523437500,1.495330606173e-03,1.350000000000e-03,20000,22044,0.000000000000e+00,1.495330606173e-03,1.495330606173e-03,0.000000000000e+00,26.9001
20,104,0.4062500000,0.1562500000,1.630372333433e-03,1.900000000000e-03,20000,22044,0.000000000000e+00,1.630372333433e-03,1.630372333433e-03,0.000000000000e+00,26.9377
20,105,0.4101562500,0.1601562500,7.169898803652e-04,4.500000000000e-04,20000,22044,0.000000000000e+00,7.169898803652e-04,7.169898803652e-04,0.000000000000e+00,26.5809
20,106,0.4140625000,0.1640625000,8.510442987464e-04,8.500000000000e-04,20000,22044,0.000000000000e+00,8.510442987464e-04,8.510442987464e-04,0.000000000000e+00,26.6554
20,107,0.4179687500,0.1679687500,6.166920749869e-04,7.500000000000e-04,20000,22044,0.000000000000e+00,6.166920749869e-04,6.166920749869e-04,0.000000000000e+00,26.5155
20,108,0.4218750000,0.1718750000,1.030055151520e-03,1.200000000000e-03,20000,22044,0.000000000000e+00,1.030055151520e-03,1.030055151520e-03,0.000000000000e+00,26.7383
20,109,0.4257812500,0.1757812500,4.356901846149e-04,4.500000000000e-04,20000,22044,0.000000000000e+00,4.356901846149e-04,4.356901846149e-04,0.000000000000e+00,26.3646
20,110,0.4296875000,0.1796875000,7.678871322534e-04,7.500000000000e-04,20000,22044,0.000000000000e+00,7.678871322534e-04,7.678871322534e-04,0.000000000000e+00,26.6107
20,111,0.4335937500,0.1835937500,2.871235302351e-04,2.000000000000e-04,20000,22044,0.000000000000e+00,2.871235302351e-04,2.871235302351e-04,0.000000000000e+00,26.1835
20,112,0.4375000000,0.1875000000,8.101837366886e-04,9.500000000000e-04,20000,22044,0.000000000000e+00,8.101837366886e-04,8.101837366886e-04,0.000000000000e+00,26.6340
20,113,0.4414062500,0.1914062500,1.902754653691e-04,5.000000000000e-05,20000,22044,0.000000000000e+00,1.902754653691e-04,1.902754653691e-04,0.000000000000e+00,26.0048
20,114,0.4453125000,0.1953125000,7.529294262377e-04,8.000000000000e-04,20000,22044,0.000000000000e+00,7.529294262377e-04,7.529294262377e-04,0.000000000000e+00,26.6022
20,115,0.4492187500,0.1992187500,1.488322235595e-04,5.000000000000e-05,20000,22044,0.000000000000e+00,1.488322235595e-04,1.488322235595e-04,0.000000000000e+00,25.8981
20,116,0.4531250000,0.2031250000,5.287956276263e-04,4.500000000000e-04,20000,22044,0.000000000000e+00,5.287956276263e-04,5.287956276263e-04,0.000000000000e+00,26.4487
20,117,0.4570312500,0.2070312500,3.960572434628e-04,5.500000000000e-04,20000,22044,0.000000000000e+00,3.960572434628e-04,3.960572434628e-04,0.000000000000e+00,26.3232
20,118,0.4609375000,0.2109375000,6.050435742303e-05,5.000000000000e-05,20000,22044,0.000000000000e+00,6.050435742303e-05,6.050435742303e-05,0.000000000000e+00,25.5072
20,119,0.4648437500,0.2148437500,2.660823037048e-04,1.000000000000e-04,20000,22044,0.000000000000e+00,2.660823037048e-04,2.660823037048e-04,0.000000000000e+00,26.1504
20,120,0.4687500000,0.2187500000,1.028508546130e-05,0.000000000000e+00,20000,22044,0.000000000000e+00,1.028508546130e-05,1.028508546130e-05,0.000000000000e+00,24.7376
20,121,0.4726562500,0.2226562500,1.472930964034e-04,1.500000000000e-04,20000,22044,0.000000000000e+00,1.472930964034e-04,1.472930964034e-04,0.000000000000e+00,25.8936
20,122,0.4765625000,0.2265625000,2.160821391995e-05,0.000000000000e+00,20000,22044,0.000000000000e+00,2.160821391995e-05,2.160821391995e-05,0.000000000000e+00,25.0600
20,123,0.4804687500,0.2304687500,6.734233864652e-05,5.000000000000e-05,20000,22044,0.000000000000e+00,6.734233864652e-05,6.734233864652e-05,0.000000000000e+00,25.5537
20,124,0.4843750000,0.2343750000,1.270964328247e-05,0.000000000000e+00,20000,22044,0.000000000000e+00,1.270964328247e-05,1.270964328247e-05,0.000000000000e+00,24.8295
20,125,0.4882812500,0.2382812500,3.548617269449e-05,0.000000000000e+00,20000,22044,0.000000000000e+00,3.548617269449e-05,3.548617269449e-05,0.000000000000e+00,25.2755
20,126,0.4921875000,0.2421875000,8.786332251473e-06,0.000000000000e+00,20000,22044,0.000000000000e+00,8.786332251473e-06,8.786332251473e-06,0.000000000000e+00,24.6692
20,127,0.4960937500,0.2460937500,1.492528571225e-05,5.000000000000e-05,20000,22044,0.000000000000e+00,1.492528571225e-05,1.492528571225e-05,0.000000000000e+00,24.8993
20,128,0.5000000000,0.2500000000,4.631623909732e-06,0.000000000000e+00,20000,22044,0.000000000000e+00,4.631623909732e-06,4.631623909732e-06,0.000000000000e+00,24.3911
20,129,0.5039062500,0.2539062500,5.509637112562e-06,0.000000000000e+00,20000,22044,0.000000000000e+00,5.509637112562e-06,5.509637112562e-06,0.000000000000e+00,24.4665
20,130,0.5078125000,0.2578125000,3.173957141925e-06,5.000000000000e-05,20000,22044,0.000000000000e+00,3.173957141925e-06,3.173957141925e-06,0.000000000000e+00,24.2270
20,131,0.5117187500,0.2617187500,4.239747457505e-07,0.000000000000e+00,20000,22044,0.000000000000e+00,4.239747457505e-07,4.239747457505e-07,0.000000000000e+00,23.3527
20,132,0.5156250000,0.2656250000,1.006790058569e-06,0.000000000000e+00,20000,22044,0.000000000000e+00,1.006790058569e-06,1.006790058569e-06,0.000000000000e+00,23.7283
20,133,0.5195312500,0.2695312500,5.857416165193e-08,0.000000000000e+00,20000,22044,0.000000000000e+00,5.857416165193e-08,5.857416165193e-08,0.000000000000e+00,22.4931
20,134,0.5234375000,0.2734375000,2.307704442384e-07,0.000000000000e+00,20000,22044,0.000000000000e+00,2.307704442384e-07,2.307704442384e-07,0.000000000000e+00,23.0886
20,135,0.5273437500,0.2773437500,1.851496570766e-08,0.000000000000e+00,20000,22044,0.000000000000e+00,1.851496570766e-08,1.851496570766e-08,0.000000000000e+00,21.9929
20,136,0.5312500000,0.2812500000,3.904632520398e-08,0.000000000000e+00,20000,22044,0.000000000000e+00,3.904632520398e-08,3.904632520398e-08,0.000000000000e+00,22.3170
20,137,0.5351562500,0.2851562500,4.001402845246e-09,0.000000000000e+00,20000,22044,0.000000000000e+00,4.001402845246e-09,4.001402845246e-09,0.000000000000e+00,21.3276
20,138,0.5390625000,0.2890625000,4.301200372028e-09,0.000000000000e+00,20000,22044,0.000000000000e+00,4.301200372028e-09,4.301200372028e-09,0.000000000000e+00,21.3590
20,139,0.5429687500,0.2929687500,5.266188221528e-10,0.000000000000e+00,20000,22044,0.000000000000e+00,5.266188221528e-10,5.266188221528e-10,0.000000000000e+00,20.4469
20,140,0.5468750000,0.2968750000,2.286814807135e-10,0.000000000000e+00,20000,22044,0.000000000000e+00,2.286814807135e-10,2.286814807135e-10,0.000000000000e+00,20.0846
20,141,0.5507812500,0.3007812500,3.181655383840e-11,0.000000000000e+00,20000,22044,0.000000000000e+00,3.181655383840e-11,3.181655383840e-11,0.000000000000e+00,19.2281
21,0,0.0000000000,-0.2500000000,4.542186971447e-02,4.405000000000e-02,20000,22044,0.000000000000e+00,4.542186971447e-02,0.000000000000e+00,4.542186971447e-02,29.4478
21,1,0.0039062500,-0.2460937500,9.706245120260e-03,9.350000000000e-03,20000,22044,0.000000000000e+00,9.706245120260e-03,0.000000000000e+00,9.706245120260e-03,28.7776
21,2,0.0078125000,-0.2421875000,4.295735053495e-04,4.500000000000e-04,20000,22044,0.000000000000e+00,4.295735053495e-04,0.000000000000e+00,4.295735053495e-04,27.4236
21,3,0.0117187500,-0.2382812500,3.962306138886e-03,3.550000000000e-03,20000,22044,0.000000000000e+00,3.962306138886e-03,0.000000000000e+00,3.962306138886e-03,28.3885
21,4,0.0156250000,-0.2343750000,4.942887388749e-04,3.000000000000e-04,20000,22044,0.000000000000e+00,4.942887388749e-04,0.000000000000e+00,4.942887388749e-04,27.4846
21,5,0.0195312500,-0.2304687500,2.180866798780e-03,2.400000000000e-03,20000,22044,0.000000000000e+00,2.180866798780e-03,0.000000000000e+00,2.180866798780e-03,28.1292
21,6,0.0234375000,-0.2265625000,3.290474451971e-04,3.000000000000e-04,20000,22044,0.000000000000e+00,3.290474451971e-04,0.000000000000e+00,3.290474451971e-04,27.3078
21,7,0.0273437500,-0.2226562500,2.052280515847e-03,1.750000000000e-03,20000,22044,0.000000000000e+00,2.052280515847e-03,0.000000000000e+00,2.052280515847e-03,28.1028
21,8,0.0312500000,-0.2187500000,2.705350275885e-04,2.500000000000e-04,20000,22044,0.000000000000e+00,2.705350275885e-04,0.000000000000e+00,2.705350275885e-04,27.2228
21,9,0.0351562500,-0.2148437500,2.169981154208e-03,2.300000000000e-03,20000,22044,0.000000000000e+00,2.169981154208e-03,0.000000000000e+00,2.169981154208e-03,28.1270
21,10,0.0390625000,-0.2109375000,3.290606247358e-04,2.500000000000e-04,20000,22044,0.000000000000e+00,3.290606247358e-04,0.000000000000e+00,3.290606247358e-04,27.3078
21,11,0.0429687500,-0.2070312500,2.592916698936e-04,2.500000000000e-04,20000,22044,0.000000000000e+00,2.592916698936e-04,0.000000000000e+00,2.592916698936e-04,27.2044
21,12,0.0468750000,-0.2031250000,1.052932510057e-04,0.000000000000e+00,20000,22044,0.000000000000e+00,1.052932510057e-04,0.000000000000e+00,1.052932510057e-04,26.8130
21,13,0.0507812500,-0.1992187500,1.364655238160e-04,5.000000000000e-05,20000,22044,0.000000000000e+00,1.364655238160e-04,0.000000000000e+00,1.364655238160e-04,26.9256
21,14,0.0546875000,-0.1953125000,2.469364998285e-05,5.000000000000e-05,20000,22044,0.000000000000e+00,2.469364998285e-05,0.000000000000e+00,2.469364998285e-05,26.1832
21,15,0.0585937500,-0.1914062500,1.929381015035e-03,1.950000000000e-03,20000,22044,0.000000000000e+00,1.929381015035e-03,0.000000000000e+00,1.929381015035e-03,28.0760
21,16,0.0625000000,-0.1875000000,2.618314147215e-04,4.000000000000e-04,20000,22044,0.000000000000e+00,2.618314147215e-04,0.000000000000e+00,2.618314147215e-04,27.2086
21,17,0.0664062500,-0.1835937500,2.156866161080e-03,2.350000000000e-03,20000,22044,0.000000000000e+00,2.156866161080e-03,0.000000000000e+00,2.156866161080e-03,28.1244
21,18,0.0703125000,-0.1796875000,3.410438037721e-04,5.000000000000e-05,20000,22044,0.000000000000e+00,3.410438037721e-04,0.000000000000e+00,3.410438037721e-04,27.3234
21,19,0.0742187500,-0.1757812500,2.344452638112e-04,1.500000000000e-04,20000,22044,0.000000000000e+00,2.344452638112e-04,0.000000000000e+00,2.344452638112e-04,27.1606
21,20,0.0781250000,-0.1718750000,1.168236341711e-04,5.000000000000e-05,20000,22044,0.000000000000e+00,1.168236341711e-04,0.000000000000e+00,1.168236341711e-04,26.8581
21,21,0.0820312500,-0.1679687500,1.239597971622e-04,1.500000000000e-04,20000,22044,0.000000000000e+00,1.239597971622e-04,0.000000000000e+00,1.239597971622e-04,26.8839
21,22,0.0859375000,-0.1640625000,4.952375634995e-05,0.000000000000e+00,20000,22044,0.000000000000e+00,4.952375634995e-05,0.000000000000e+00,4.952375634995e-05,26.4854
21,23,0.0898437500,-0.1601562500,1.254139212582e-04,1.000000000000e-04,20000,22044,0.000000000000e+00,1.254139212582e-04,0.000000000000e+00,1.254139212582e-04,26.8889
21,24,0.0937500000,-0.1562500000,8.273779679611e-05,5.000000000000e-05,20000,22044,0.000000000000e+00,8.273779679611e-05,0.000000000000e+00,8.273779679611e-05,26.7083
21,25,0.0976562500,-0.1523437500,1.229936261343e-04,1.500000000000e-04,20000,22044,0.000000000000e+00,1.229936261343e-04,0.000000000000e+00,1.229936261343e-04,26.8805
21,26,0.1015625000,-0.1484375000,3.656603208631e-05,5.000000000000e-05,20000,22044,0.000000000000e+00,3.656603208631e-05,0.000000000000e+00,3.656603208631e-05,26.3536
21,27,0.1054687500,-0.1445312500,2.454884371332e-05,0.000000000000e+00,20000,22044,0.000000000000e+00,2.454884371332e-05,0.000000000000e+00,2.454884371332e-05,26.1806
21,28,0.1093750000,-0.1406250000,2.483681635079e-06,0.000000000000e+00,20000,22044,0.000000000000e+00,2.483681635079e-06,0.000000000000e+00,2.483681635079e-06,25.1857
21,29,0.1132812500,-0.1367187500,1.163339003533e-04,1.500000000000e-04,20000,22044,0.000000000000e+00,1.163339003533e-04,0.000000000000e+00,1.163339003533e-04,26.8563
21,30,0.1171875000,-0.1328125000,1.371308759878e-05,0.000000000000e+00,20000,22044,0.000000000000e+00,1.371308759878e-05,0.000000000000e+00,1.371308759878e-05,25.9277
21,31,0.1210937500,-0.1289062500,1.842531882918e-03,2.300000000000e-03,20000,22044,0.000000000000e+00,1.842531882918e-03,0.000000000000e+00,1.842531882918e-03,28.0560
21,32,0.1250000000,-0.1250000000,2.865584154472e-04,3.500000000000e-04,20000,22044,0.000000000000e+00,2.865584154472e-04,0.000000000000e+00,2.865584154472e-04,27.2478
21,33,0.1289062500,-0.1210937500,2.007658675444e-03,2.800000000000e-03,20000,22044,0.000000000000e+00,2.007658675444e-03,0.000000000000e+00,2.007658675444e-03,28.0933
21,34,0.1328125000,-0.1171875000,3.547898472326e-04,3.500000000000e-04,20000,22044,0.000000000000e+00,3.547898472326e-04,0.000000000000e+00,3.547898472326e-04,27.3405
21,35,0.1367187500,-0.1132812500,2.442560984074e-04,3.000000000000e-04,20000,22044,0.000000000000e+00,2.442560984074e-04,0.000000000000e+00,2.442560984074e-04,27.1784
21,36,0.1406250000,-0.1093750000,1.639528144248e-04,2.500000000000e-04,20000,22044,0.000000000000e+00,1.639528144248e-04,0.000000000000e+00,1.639528144248e-04,27.0053
21,37,0.1445312500,-0.1054687500,8.763197135835e-05,2.000000000000e-04,20000,22044,0.000000000000e+00,8.763197135835e-05,0.000000000000e+00,8.763197135835e-05,26.7332
21,38,0.1484375000,-0.1015625000,1.375400800366e-04,2.500000000000e-04,20000,22044,0.000000000000e+00,1.375400800366e-04,0.000000000000e+00,1.375400800366e-04,26.9290
21,39,0.1523437500,-0.0976562500,8.420400490092e-05,5.000000000000e-05,20000,22044,0.000000000000e+00,8.420400490092e-05,0.000000000000e+00,8.420400490092e-05,26.7159
21,40,0.1562500000,-0.0937500000,8.655058077940e-05,0.000000000000e+00,20000,22044,0.000000000000e+00,8.655058077940e-05,0.000000000000e+00,8.655058077940e-05,26.7278
21,41,0.1601562500,-0.0898437500,6.300729972682e-05,0.000000000000e+00,20000,22044,0.000000000000e+00,6.300729972682e-05,0.000000000000e+00,6.300729972682e-05,26.5900
21,42,0.1640625000,-0.0859375000,7.865896172697e-05,5.000000000000e-05,20000,22044,0.000000000000e+00,7.865896172697e-05,0.000000000000e+00,7.865896172697e-05,26.6863
21,43,0.1679687500,-0.0820312500,3.295089746454e-05,1.000000000000e-04,20000,22044,0.000000000000e+00,3.295089746454e-05,0.000000000000e+00,3.295089746454e-05,26.3084
21,44,0.1718750000,-0.0781250000,1.259710759678e-05,0.000000000000e+00,20000,22044,0.000000000000e+00,1.259710759678e-05,0.000000000000e+00,1.259710759678e-05,25.8908
21,45,0.1757812500,-0.0742187500,2.104244056249e-05,0.000000000000e+00,20000,22044,0.000000000000e+00,2.104244056249e-05,0.000000000000e+00,2.104244056249e-05,26.1137
21,46,0.1796875000,-0.0703125000,6.290723153953e-05,5.000000000000e-05,20000,22044,0.000000000000e+00,6.290723153953e-05,0.000000000000e+00,6.290723153953e-05,26.5893
21,47,0.1835937500,-0.0664062500,6.362963752932e-05,5.000000000000e-05,20000,22044,0.000000000000e+00,6.362963752932e-05,0.000000000000e+00,6.362963752932e-05,26.5942
21,48,0.1875000000,-0.0625000000,7.601009675696e-05,1.500000000000e-04,20000,22044,0.000000000000e+00,7.601009675696e-05,0.000000000000e+00,7.601009675696e-05,26.6714
21,49,0.1914062500,-0.0585937500,6.449106811847e-05,1.500000000000e-04,20000,22044,0.000000000000e+00,6.449106811847e-05,0.000000000000e+00,6.449106811847e-05,26.6001
21,50,0.1953125000,-0.0546875000,7.507734165312e-05,0.000000000000e+00,20000,22044,0.000000000000e+00,7.507734165312e-05,0.000000000000e+00,7.507734165312e-05,26.6661
21,51,0.1992187500,-0.0507812500,3.313133352706e-05,1.000000000000e-04,20000,22044,0.000000000000e+00,3.313133352706e-05,0.000000000000e+00,3.313133352706e-05,26.3108
21,52,0.2031250000,-0.0468750000,5.464336232853e-06,0.000000000000e+00,20000,22044,0.000000000000e+00,5.464336232853e-06,0.000000000000e+00,5.464336232853e-06,25.5281
21,53,0.2070312500,-0.0429687500,1.690925183690e-05,5.000000000000e-05,20000,22044,9.967134490980e-08,1.680958049199e-05,9.967134490980e-08,1.680958049199e-05,26.0187
21,54,0.2109375000,-0.0390625000,1.521926437272e-06,0.000000000000e+00,20000,22044,0.000000000000e+00,1.521926437272e-06,0.000000000000e+00,1.521926437272e-06,24.9730
21,55,0.2148437500,-0.0351562500,4.430177007823e-05,0.000000000000e+00,20000,22044,3.138438303492e-05,1.291738704331e-05,3.144252465278e-05,1.285924542545e-05,26.4370
21,56,0.2187500000,-0.0312500000,2.836931533823e-06,0.000000000000e+00,20000,22044,0.000000000000e+00,2.836931533823e-06,1.447705271720e-06,1.389226262103e-06,25.2434
21,57,0.2226562500,-0.0273437500,1.297078759496e-03,1.650000000000e-03,20000,22044,1.272265872692e-03,2.481288680384e-05,1.287426966312e-03,9.651793184114e-06,27.9035
21,58,0.2265625000,-0.0234375000,1.097717867573e-04,1.000000000000e-04,20000,22044,0.000000000000e+00,1.097717867573e-04,1.084344480215e-04,1.337338735810e-06,26.8311
21,59,0.2304687500,-0.0195312500,1.611526768678e-02,1.585000000000e-02,20000,22044,1.561009442293e-02,5.051732638515e-04,1.611106008045e-02,4.207606332607e-06,28.9978
21,60,0.2343750000,-0.0156250000,1.831523345501e-03,1.700000000000e-03,20000,22044,0.000000000000e+00,1.831523345501e-03,1.830623105943e-03,9.002395581873e-07,28.0534
21,61,0.2382812500,-0.0117187500,8.060230414528e-02,8.040000000000e-02,20000,22044,7.564961786356e-02,4.952686281727e-03,8.060130718557e-02,9.969597185897e-07,29.6969
21,62,0.2421875000,-0.0078125000,1.084945348164e-02,1.170000000000e-02,20000,22044,0.000000000000e+00,1.084945348164e-02,1.084905599178e-02,3.974898625966e-07,28.8260
21,63,0.2460937500,-0.0039062500,1.819828900198e-01,1.836500000000e-01,20000,22044,1.626641866582e-01,1.931870336164e-02,1.819827285783e-01,1.614415663269e-07,30.0506
21,64,0.2500000000,0.0000000000,2.650165282658e-02,2.655000000000e-02,20000,22044,0.000000000000e+00,2.650165282658e-02,2.650157487851e-02,7.794806823039e-08,29.2138
21,65,0.2539062500,0.0039062500,1.879801566515e-01,1.858500000000e-01,20000,22044,1.626641866582e-01,2.531596999328e-02,1.879801285451e-01,2.810636374148e-08,30.0647
21,66,0.2578125000,0.0078125000,3.348844858617e-02,3.460000000000e-02,20000,22044,0.000000000000e+00,3.348844858617e-02,3.348844210126e-02,6.484910281755e-09,29.3155
21,67,0.2617187500,0.0117187500,9.083195748068e-02,9.130000000000e-02,20000,22044,7.564961786356e-02,1.518233961712e-02,9.083195527001e-02,2.210672820098e-09,29.7488
21,68,0.2656250000,0.0156250000,2.923360558382e-02,2.895000000000e-02,20000,22044,0.000000000000e+00,2.923360558382e-02,2.923360542546e-02,1.583657440948e-10,29.2565
21,69,0.2695312500,0.0195312500,3.324918057757e-02,3.365000000000e-02,20000,22044,1.561009442293e-02,1.763908615464e-02,3.324918052662e-02,5.094966529288e-11,29.3124
21,70,0.2734375000,0.0234375000,2.160924044821e-02,1.930000000000e-02,20000,22044,0.000000000000e+00,2.160924044821e-02,2.160924044765e-02,5.633374697185e-13,29.1252
21,71,0.2773437500,0.0273437500,1.301196904646e-02,1.410000000000e-02,20000,22044,1.272265872692e-03,1.173970317377e-02,1.301196904643e-02,3.429010685243e-14,28.9049
21,72,0.2812500000,0.0312500000,1.554913151568e-02,1.450000000000e-02,20000,22044,0.000000000000e+00,1.554913151568e-02,1.554913151568e-02,0.000000000000e+00,28.9823
21,73,0.2851562500,0.0351562500,4.219284891437e-03,4.300000000000e-03,20000,22044,3.138438303492e-05,4.187900508402e-03,4.219284891437e-03,0.000000000000e+00,28.4158
21,74,0.2890625000,0.0390625000,1.145899535966e-02,1.315000000000e-02,20000,22044,0.000000000000e+00,1.145899535966e-02,1.145899535966e-02,0.000000000000e+00,28.8497
21,75,0.2929687500,0.0429687500,1.054676946091e-02,9.700000000000e-03,20000,22044,9.967134490980e-08,1.054666978957e-02,1.054676946091e-02,0.000000000000e+00,28.8137
21,76,0.2968750000,0.0468750000,7.326388682684e-03,7.250000000000e-03,20000,22044,0.000000000000e+00,7.326388682684e-03,7.326388682684e-03,0.000000000000e+00,28.6555
21,77,0.3007812500,0.0507812500,1.052252268723e-02,1.100000000000e-02,20000,22044,0.000000000000e+00,1.052252268723e-02,1.052252268723e-02,0.000000000000e+00,28.8127
21,78,0.3046875000,0.0546875000,9.759430336801e-03,9.600000000000e-03,20000,22044,0.000000000000e+00,9.759430336801e-03,9.759430336801e-03,0.000000000000e+00,28.7800
21,79,0.3085937500,0.0585937500,1.936382468280e-03,2.300000000000e-03,20000,22044,0.000000000000e+00,1.936382468280e-03,1.936382468280e-03,0.000000000000e+00,28.0776
21,80,0.3125000000,0.0625000000,1.164655121861e-02,1.330000000000e-02,20000,22044,0.000000000000e+00,1.164655121861e-02,1.164655121861e-02,0.000000000000e+00,28.8568
21,81,0.3164062500,0.0664062500,1.057335873985e-03,1.100000000000e-03,20000,22044,0.000000000000e+00,1.057335873985e-03,1.057335873985e-03,0.000000000000e+00,27.8148
21,82,0.3203125000,0.0703125000,9.796696378363e-03,1.055000000000e-02,20000,22044,0.000000000000e+00,9.796696378363e-03,9.796696378363e-03,0.000000000000e+00,28.7817
21,83,0.3242187500,0.0742187500,8.518962030022e-03,8.800000000000e-03,20000,22044,0.000000000000e+00,8.518962030022e-03,8.518962030022e-03,0.000000000000e+00,28.7210
21,84,0.3281250000,0.0781250000,4.304966650370e-03,3.850000000000e-03,20000,22044,0.000000000000e+00,4.304966650370e-03,4.304966650370e-03,0.000000000000e+00,28.4245
21,85,0.3320312500,0.0820312500,3.648286946869e-03,3.350000000000e-03,20000,22044,0.000000000000e+00,3.648286946869e-03,3.648286946869e-03,0.000000000000e+00,28.3527
21,86,0.3359375000,0.0859375000,2.369583527206e-03,2.650000000000e-03,20000,22044,0.000000000000e+00,2.369583527206e-03,2.369583527206e-03,0.000000000000e+00,28.1652
21,87,0.3398437500,0.0898437500,1.726621906105e-03,1.650000000000e-03,20000,22044,0.000000000000e+00,1.726621906105e-03,1.726621906105e-03,0.000000000000e+00,28.0278
21,88,0.3437500000,0.0937500000,1.189277757956e-03,1.550000000000e-03,20000,22044,0.000000000000e+00,1.189277757956e-03,1.189277757956e-03,0.000000000000e+00,27.8659
21,89,0.3476562500,0.0976562500,1.349908347770e-03,9.500000000000e-04,20000,22044,0.000000000000e+00,1.349908347770e-03,1.349908347770e-03,0.000000000000e+00,27.9209
21,90,0.3515625000,0.1015625000,2.479827410185e-03,2.300000000000e-03,20000,22044,0.000000000000e+00,2.479827410185e-03,2.479827410185e-03,0.000000000000e+00,28.1850
21,91,0.3554687500,0.1054687500,2.785196561974e-04,1.500000000000e-04,20000,22044,0.000000000000e+00,2.785196561974e-04,2.785196561974e-04,0.000000000000e+00,27.2354
21,92,0.3593750000,0.1093750000,4.493564812664e-03,4.150000000000e-03,20000,22044,0.000000000000e+00,4.493564812664e-03,4.493564812664e-03,0.000000000000e+00,28.4432
21,93,0.3632812500,0.1132812500,6.899990617646e-03,6.800000000000e-03,20000,22044,0.000000000000e+00,6.899990617646e-03,6.899990617646e-03,0.000000000000e+00,28.6294
21,94,0.3671875000,0.1171875000,7.886216381024e-03,7.000000000000e-03,20000,22044,0.000000000000e+00,7.886216381024e-03,7.886216381024e-03,0.000000000000e+00,28.6874
21,95,0.3710937500,0.1210937500,2.334987970041e-03,2.300000000000e-03,20000,22044,0.000000000000e+00,2.334987970041e-03,2.334987970041e-03,0.000000000000e+00,28.1589
21,96,0.3750000000,0.1250000000,9.954152409909e-03,1.005000000000e-02,20000,22044,0.000000000000e+00,9.954152409909e-03,9.954152409909e-03,0.000000000000e+00,28.7886
21,97,0.3789062500,0.1289062500,1.487367748277e-03,1.250000000000e-03,20000,22044,0.000000000000e+00,1.487367748277e-03,1.487367748277e-03,0.000000000000e+00,27.9630
21,98,0.3828125000,0.1328125000,9.238584708742e-03,8.350000000000e-03,20000,22044,0.000000000000e+00,9.238584708742e-03,9.238584708742e-03,0.000000000000e+00,28.7562
21,99,0.3867187500,0.1367187500,8.631809181733e-03,8.700000000000e-03,20000,22044,0.000000000000e+00,8.631809181733e-03,8.631809181733e-03,0.000000000000e+00,28.7267
21,100,0.3906250000,0.1406250000,3.400430006349e-03,3.200000000000e-03,20000,22044,0.000000000000e+00,3.400430006349e-03,3.400430006349e-03,0.000000000000e+00,28.3221
21,101,0.3945312500,0.1445312500,2.939203199387e-03,3.050000000000e-03,20000,22044,0.000000000000e+00,2.939203199387e-03,2.939203199387e-03,0.000000000000e+00,28.2588
21,102,0.3984375000,0.1484375000,2.030620944390e-03,1.750000000000e-03,20000,22044,0.000000000000e+00,2.030620944390e-03,2.030620944390e-03,0.000000000000e+00,28.0982
21,103,0.4023437500,0.1523437500,1.971415424436e-03,2.600000000000e-03,20000,22044,0.000000000000e+00,1.971415424436e-03,1.971415424436e-03,0.000000000000e+00,28.0853
21,104,0.4062500000,0.1562500000,1.199794311145e-03,1.100000000000e-03,20000,22044,0.000000000000e+00,1.199794311145e-03,1.199794311145e-03,0.000000000000e+00,27.8697
21,105,0.4101562500,0.1601562500,1.476440545756e-03,1.600000000000e-03,20000,22044,0.000000000000e+00,1.476440545756e-03,1.476440545756e-03,0.000000000000e+00,27.9598
21,106,0.4140625000,0.1640625000,7.476676080506e-04,5.000000000000e-04,20000,22044,0.000000000000e+00,7.476676080506e-04,7.476676080506e-04,0.000000000000e+00,27.6643
21,107,0.4179687500,0.1679687500,1.098316009826e-03,1.100000000000e-03,20000,22044,0.000000000000e+00,1.098316009826e-03,1.098316009826e-03,0.000000000000e+00,27.8313
21,108,0.4218750000,0.1718750000,3.154494065993e-04,3.500000000000e-04,20000,22044,0.000000000000e+00,3.154494065993e-04,3.154494065993e-04,0.000000000000e+00,27.2895
21,109,0.4257812500,0.1757812500,1.128341596888e-03,1.150000000000e-03,20000,22044,0.000000000000e+00,1.128341596888e-03,1.128341596888e-03,0.000000000000e+00,27.8430
21,110,0.4296875000,0.1796875000,4.094601206793e-04,1.500000000000e-04,20000,22044,0.000000000000e+00,4.094601206793e-04,4.094601206793e-04,0.000000000000e+00,27.4028
21,111,0.4335937500,0.1835937500,8.489597368886e-04,1.300000000000e-03,20000,22044,0.000000000000e+00,8.489597368886e-04,8.489597368886e-04,0.000000000000e+00,27.7195
21,112,0.4375000000,0.1875000000,2.558614687453e-04,3.500000000000e-04,20000,22044,0.000000000000e+00,2.558614687453e-04,2.558614687453e-04,0.000000000000e+00,27.1986
21,113,0.4414062500,0.1914062500,8.844893885644e-04,8.000000000000e-04,20000,22044,0.000000000000e+00,8.844893885644e-04,8.844893885644e-04,0.000000000000e+00,27.7373
21,114,0.4453125000,0.1953125000,1.615659928166e-04,2.000000000000e-04,20000,22044,0.000000000000e+00,1.615659928166e-04,1.615659928166e-04,0.000000000000e+00,26.9989
21,115,0.4492187500,0.1992187500,7.026258804026e-04,1.450000000000e-03,20000,22044,0.000000000000e+00,7.026258804026e-04,7.026258804026e-04,0.000000000000e+00,27.6373
21,116,0.4531250000,0.2031250000,1.745199773534e-04,5.000000000000e-05,20000,22044,0.000000000000e+00,1.745199773534e-04,1.745199773534e-04,0.000000000000e+00,27.0324
21,117,0.4570312500,0.2070312500,4.535170127034e-04,5.500000000000e-04,20000,22044,0.000000000000e+00,4.535170127034e-04,4.535170127034e-04,0.000000000000e+00,27.4472
21,118,0.4609375000,0.2109375000,3.952041984046e-04,1.500000000000e-04,20000,22044,0.000000000000e+00,3.952041984046e-04,3.952041984046e-04,0.000000000000e+00,27.3874
21,119,0.4648437500,0.2148437500,1.357910307510e-05,0.000000000000e+00,20000,22044,0.000000000000e+00,1.357910307510e-05,1.357910307510e-05,0.000000000000e+00,25.9234
21,120,0.4687500000,0.2187500000,2.317848906608e-04,1.000000000000e-04,20000,22044,0.000000000000e+00,2.317848906608e-04,2.317848906608e-04,0.000000000000e+00,27.1557
21,121,0.4726562500,0.2226562500,3.583373324962e-05,5.000000000000e-05,20000,22044,0.000000000000e+00,3.583373324962e-05,3.583373324962e-05,0.000000000000e+00,26.3449
21,122,0.4765625000,0.2265625000,1.048281788390e-04,0.000000000000e+00,20000,22044,0.000000000000e+00,1.048281788390e-04,1.048281788390e-04,0.000000000000e+00,26.8110
21,123,0.4804687500,0.2304687500,1.938731889942e-05,0.000000000000e+00,20000,22044,0.000000000000e+00,1.938731889942e-05,1.938731889942e-05,0.000000000000e+00,26.0781
21,124,0.4843750000,0.2343750000,5.980837159799e-05,5.000000000000e-05,20000,22044,0.000000000000e+00,5.980837159799e-05,5.980837159799e-05,0.000000000000e+00,26.5673
21,125,0.4882812500,0.2382812500,1.240787850133e-05,0.000000000000e+00,20000,22044,0.000000000000e+00,1.240787850133e-05,1.240787850133e-05,0.000000000000e+00,25.8843
21,126,0.4921875000,0.2421875000,2.948201084301e-05,0.000000000000e+00,20000,22044,0.000000000000e+00,2.948201084301e-05,2.948201084301e-05,0.000000000000e+00,26.2601
21,127,0.4960937500,0.2460937500,8.272707878781e-06,0.000000000000e+00,20000,22044,0.000000000000e+00,8.272707878781e-06,8.272707878781e-06,0.000000000000e+00,25.7082
21,128,0.5000000000,0.2500000000,1.165460620079e-05,0.000000000000e+00,20000,22044,0.000000000000e+00,1.165460620079e-05,1.165460620079e-05,0.000000000000e+00,25.8571
21,129,0.5039062500,0.2539062500,3.994386368119e-06,0.000000000000e+00,20000,22044,0.000000000000e+00,3.994386368119e-06,3.994386368119e-06,0.000000000000e+00,25.3920
21,130,0.5078125000,0.2578125000,4.033728736293e-06,0.000000000000e+00,20000,22044,0.000000000000e+00,4.033728736293e-06,4.033728736293e-06,0.000000000000e+00,25.3963
21,131,0.5117187500,0.2617187500,2.627775918573e-06,0.000000000000e+00,20000,22044,0.000000000000e+00,2.627775918573e-06,2.627775918573e-06,0.000000000000e+00,25.2102
21,132,0.5156250000,0.2656250000,1.387591879321e-07,0.000000000000e+00,20000,22044,0.000000000000e+00,1.387591879321e-07,1.387591879321e-07,0.000000000000e+00,23.9328
21,133,0.5195312500,0.2695312500,7.336817981772e-07,0.000000000000e+00,20000,22044,0.000000000000e+00,7.336817981772e-07,7.336817981772e-07,0.000000000000e+00,24.6561
21,134,0.5234375000,0.2734375000,4.992889335607e-08,0.000000000000e+00,20000,22044,0.000000000000e+00,4.992889335607e-08,4.992889335607e-08,0.000000000000e+00,23.4889
21,135,0.5273437500,0.2773437500,1.600291892078e-07,0.000000000000e+00,20000,22044,0.000000000000e+00,1.600291892078e-07,1.600291892078e-07,0.000000000000e+00,23.9948
21,136,0.5312500000,0.2812500000,1.446408733405e-08,0.000000000000e+00,20000,22044,0.000000000000e+00,1.446408733405e-08,1.446408733405e-08,0.000000000000e+00,22.9509
21,137,0.5351562500,0.2851562500,2.560478542020e-08,0.000000000000e+00,20000,22044,0.000000000000e+00,2.560478542020e-08,2.560478542020e-08,0.000000000000e+00,23.1989
21,138,0.5390625000,0.2890625000,2.878058194019e-09,0.000000000000e+00,20000,22044,0.000000000000e+00,2.878058194019e-09,2.878058194019e-09,0.000000000000e+00,22.2497
21,139,0.5429687500,0.2929687500,2.651227677799e-09,0.000000000000e+00,20000,22044,0.000000000000e+00,2.651227677799e-09,2.651227677799e-09,0.000000000000e+00,22.2140
21,140,0.5468750000,0.2968750000,3.505036750722e-10,0.000000000000e+00,20000,22044,0.000000000000e+00,3.505036750722e-10,3.505036750722e-10,0.000000000000e+00,21.3353
21,141,0.5507812500,0.3007812500,1.319825132179e-10,0.000000000000e+00,20000,22044,0.000000000000e+00,1.319825132179e-10,1.319825132179e-10,0.000000000000e+00,20.9111
21,142,0.5546875000,0.3046875000,1.968160284829e-11,0.000000000000e+00,20000,22044,0.000000000000e+00,1.968160284829e-11,1.968160284829e-11,0.000000000000e+00,20.0846
22,0,0.0000000000,-0.2500000000,4.621405987801e-02,4.775000000000e-02,20000,22044,0.000000000000e+00,4.621405987801e-02,0.000000000000e+00,4.621405987801e-02,30.4985
22,1,0.0039062500,-0.2460937500,1.007689108547e-02,9.050000000000e-03,20000,22044,0.000000000000e+00,1.007689108547e-02,0.000000000000e+00,1.007689108547e-02,29.8371
22,2,0.0078125000,-0.2421875000,1.275125126073e-03,1.400000000000e-03,20000,22044,0.000000000000e+00,1.275125126073e-03,0.000000000000e+00,1.275125126073e-03,28.9393
22,3,0.0117187500,-0.2382812500,3.368870777348e-03,3.700000000000e-03,20000,22044,0.000000000000e+00,3.368870777348e-03,0.000000000000e+00,3.368870777348e-03,29.3612
22,4,0.0156250000,-0.2343750000,1.453967158347e-03,1.900000000000e-03,20000,22044,0.000000000000e+00,1.453967158347e-03,0.000000000000e+00,1.453967158347e-03,28.9963
22,5,0.0195312500,-0.2304687500,1.874730215884e-03,1.750000000000e-03,20000,22044,0.000000000000e+00,1.874730215884e-03,0.000000000000e+00,1.874730215884e-03,29.1067
22,6,0.0234375000,-0.2265625000,3.747306620849e-04,5.500000000000e-04,20000,22044,0.000000000000e+00,3.747306620849e-04,0.000000000000e+00,3.747306620849e-04,28.4075
22,7,0.0273437500,-0.2226562500,1.875243076620e-03,1.800000000000e-03,20000,22044,0.000000000000e+00,1.875243076620e-03,0.000000000000e+00,1.875243076620e-03,29.1068
22,8,0.0312500000,-0.2187500000,1.123995566868e-03,8.500000000000e-04,20000,22044,0.000000000000e+00,1.123995566868e-03,0.000000000000e+00,1.123995566868e-03,28.8845
22,9,0.0351562500,-0.2148437500,1.864579620840e-03,1.850000000000e-03,20000,22044,0.000000000000e+00,1.864579620840e-03,0.000000000000e+00,1.864579620840e-03,29.1043
22,10,0.0390625000,-0.2109375000,3.747356912769e-04,2.000000000000e-04,20000,22044,0.000000000000e+00,3.747356912769e-04,0.000000000000e+00,3.747356912769e-04,28.4075
22,11,0.0429687500,-0.2070312500,3.699025054648e-04,2.000000000000e-04,20000,22044,0.000000000000e+00,3.699025054648e-04,0.000000000000e+00,3.699025054648e-04,28.4018
22,12,0.0468750000,-0.2031250000,4.475419352806e-05,0.000000000000e+00,20000,22044,0.000000000000e+00,4.475419352806e-05,0.000000000000e+00,4.475419352806e-05,27.4846
22,13,0.0507812500,-0.1992187500,1.974814466318e-04,3.000000000000e-04,20000,22044,0.000000000000e+00,1.974814466318e-04,0.000000000000e+00,1.974814466318e-04,28.1293
22,14,0.0546875000,-0.1953125000,3.026968320330e-05,1.500000000000e-04,20000,22044,0.000000000000e+00,3.026968320330e-05,0.000000000000e+00,3.026968320330e-05,27.3148
22,15,0.0585937500,-0.1914062500,1.690638850340e-03,1.950000000000e-03,20000,22044,0.000000000000e+00,1.690638850340e-03,0.000000000000e+00,1.690638850340e-03,29.0618
22,16,0.0625000000,-0.1875000000,1.114249608093e-03,1.200000000000e-03,20000,22044,0.000000000000e+00,1.114249608093e-03,0.000000000000e+00,1.114249608093e-03,28.8807
22,17,0.0664062500,-0.1835937500,1.854913983079e-03,1.900000000000e-03,20000,22044,0.000000000000e+00,1.854913983079e-03,0.000000000000e+00,1.854913983079e-03,29.1021
22,18,0.0703125000,-0.1796875000,3.822247541900e-04,2.000000000000e-04,20000,22044,0.000000000000e+00,3.822247541900e-04,0.000000000000e+00,3.822247541900e-04,28.4161
22,19,0.0742187500,-0.1757812500,3.535311790215e-04,4.000000000000e-04,20000,22044,0.000000000000e+00,3.535311790215e-04,0.000000000000e+00,3.535311790215e-04,28.3822
22,20,0.0781250000,-0.1718750000,5.065539910495e-05,1.000000000000e-04,20000,22044,0.000000000000e+00,5.065539910495e-05,0.000000000000e+00,5.065539910495e-05,27.5384
22,21,0.0820312500,-0.1679687500,1.892521985944e-04,5.000000000000e-05,20000,22044,0.000000000000e+00,1.892521985944e-04,0.000000000000e+00,1.892521985944e-04,28.1108
22,22,0.0859375000,-0.1640625000,4.613071871437e-05,2.000000000000e-04,20000,22044,0.000000000000e+00,4.613071871437e-05,0.000000000000e+00,4.613071871437e-05,27.4977
22,23,0.0898437500,-0.1601562500,1.802962374420e-04,2.500000000000e-04,20000,22044,0.000000000000e+00,1.802962374420e-04,0.000000000000e+00,1.802962374420e-04,28.0897
22,24,0.0937500000,-0.1562500000,2.419440226300e-05,0.000000000000e+00,20000,22044,0.000000000000e+00,2.419440226300e-05,0.000000000000e+00,2.419440226300e-05,27.2175
22,25,0.0976562500,-0.1523437500,1.863167817778e-04,5.000000000000e-05,20000,22044,0.000000000000e+00,1.863167817778e-04,0.000000000000e+00,1.863167817778e-04,28.1040
22,26,0.1015625000,-0.1484375000,3.763141444480e-05,0.000000000000e+00,20000,22044,0.000000000000e+00,3.763141444480e-05,0.000000000000e+00,3.763141444480e-05,27.4093
22,27,0.1054687500,-0.1445312500,2.351420449766e-05,0.000000000000e+00,20000,22044,0.000000000000e+00,2.351420449766e-05,0.000000000000e+00,2.351420449766e-05,27.2051
22,28,0.1093750000,-0.1406250000,1.071253354783e-05,5.000000000000e-05,20000,22044,0.000000000000e+00,1.071253354783e-05,0.000000000000e+00,1.071253354783e-05,26.8636
22,29,0.1132812500,-0.1367187500,8.043655285160e-05,5.000000000000e-05,20000,22044,0.000000000000e+00,8.043655285160e-05,0.000000000000e+00,8.043655285160e-05,27.7392
22,30,0.1171875000,-0.1328125000,1.697806450696e-04,2.500000000000e-04,20000,22044,0.000000000000e+00,1.697806450696e-04,0.000000000000e+00,1.697806450696e-04,28.0636
22,31,0.1210937500,-0.1289062500,1.474073779960e-03,2.000000000000e-03,20000,22044,0.000000000000e+00,1.474073779960e-03,0.000000000000e+00,1.474073779960e-03,29.0023
22,32,0.1250000000,-0.1250000000,1.149114570673e-03,1.450000000000e-03,20000,22044,0.000000000000e+00,1.149114570673e-03,0.000000000000e+00,1.149114570673e-03,28.8941
22,33,0.1289062500,-0.1210937500,1.601544459101e-03,1.600000000000e-03,20000,22044,0.000000000000e+00,1.601544459101e-03,0.000000000000e+00,1.601544459101e-03,29.0383
22,34,0.1328125000,-0.1171875000,5.335047405778e-04,2.500000000000e-04,20000,22044,0.000000000000e+00,5.335047405778e-04,0.000000000000e+00,5.335047405778e-04,28.5609
22,35,0.1367187500,-0.1132812500,3.306250559010e-04,3.000000000000e-04,20000,22044,0.000000000000e+00,3.306250559010e-04,0.000000000000e+00,3.306250559010e-04,28.3531
22,36,0.1406250000,-0.1093750000,1.036351541548e-04,2.000000000000e-04,20000,22044,0.000000000000e+00,1.036351541548e-04,0.000000000000e+00,1.036351541548e-04,27.8493
22,37,0.1445312500,-0.1054687500,1.434669284058e-04,5.000000000000e-05,20000,22044,0.000000000000e+00,1.434669284058e-04,0.000000000000e+00,1.434669284058e-04,27.9905
22,38,0.1484375000,-0.1015625000,1.290704413671e-04,1.000000000000e-04,20000,22044,0.000000000000e+00,1.290704413671e-04,0.000000000000e+00,1.290704413671e-04,27.9446
22,39,0.1523437500,-0.0976562500,1.425780387925e-04,1.500000000000e-04,20000,22044,0.000000000000e+00,1.425780387925e-04,0.000000000000e+00,1.425780387925e-04,27.9878
22,40,0.1562500000,-0.0937500000,3.345447623883e-05,5.000000000000e-05,20000,22044,0.000000000000e+00,3.345447623883e-05,0.000000000000e+00,3.345447623883e-05,27.3582
22,41,0.1601562500,-0.0898437500,1.341609619278e-04,3.000000000000e-04,20000,22044,0.000000000000e+00,1.341609619278e-04,0.000000000000e+00,1.341609619278e-04,27.9614
22,42,0.1640625000,-0.0859375000,7.175333021363e-05,1.000000000000e-04,20000,22044,0.000000000000e+00,7.175333021363e-05,0.000000000000e+00,7.175333021363e-05,27.6896
22,43,0.1679687500,-0.0820312500,2.198553468788e-05,5.000000000000e-05,20000,22044,0.000000000000e+00,2.198553468788e-05,0.000000000000e+00,2.198553468788e-05,27.1759
22,44,0.1718750000,-0.0781250000,3.392922133940e-05,0.000000000000e+00,20000,22044,0.000000000000e+00,3.392922133940e-05,0.000000000000e+00,3.392922133940e-05,27.3643
22,45,0.1757812500,-0.0742187500,8.729955992987e-06,0.000000000000e+00,20000,22044,0.000000000000e+00,8.729955992987e-06,0.000000000000e+00,8.729955992987e-06,26.7748
22,46,0.1796875000,-0.0703125000,5.947410023493e-05,5.000000000000e-05,20000,22044,0.000000000000e+00,5.947410023493e-05,0.000000000000e+00,5.947410023493e-05,27.6081
22,47,0.1835937500,-0.0664062500,1.297575364422e-04,1.500000000000e-04,20000,22044,0.000000000000e+00,1.297575364422e-04,0.000000000000e+00,1.297575364422e-04,27.9469
22,48,0.1875000000,-0.0625000000,1.507630036818e-05,0.000000000000e+00,20000,22044,0.000000000000e+00,1.507630036818e-05,0.000000000000e+00,1.507630036818e-05,27.0120
22,49,0.1914062500,-0.0585937500,1.326519409604e-04,1.000000000000e-04,20000,22044,0.000000000000e+00,1.326519409604e-04,0.000000000000e+00,1.326519409604e-04,27.9565
22,50,0.1953125000,-0.0546875000,7.002846838593e-05,5.000000000000e-05,20000,22044,0.000000000000e+00,7.002846838593e-05,0.000000000000e+00,7.002846838593e-05,27.6790
22,51,0.1992187500,-0.0507812500,2.142240788386e-05,0.000000000000e+00,20000,22044,0.000000000000e+00,2.142240788386e-05,0.000000000000e+00,2.142240788386e-05,27.1646
22,52,0.2031250000,-0.0468750000,2.327272364369e-05,0.000000000000e+00,20000,22044,0.000000000000e+00,2.327272364369e-05,0.000000000000e+00,2.327272364369e-05,27.2006
22,53,0.2070312500,-0.0429687500,1.063986740991e-05,0.000000000000e+00,20000,22044,4.388820537180e-08,1.059597920453e-05,4.388820537180e-08,1.059597920453e-05,26.8607
22,54,0.2109375000,-0.0390625000,1.149073297827e-05,0.000000000000e+00,20000,22044,1.155039124551e-06,1.033569385372e-05,1.182110354033e-06,1.030862262424e-05,26.8941
22,55,0.2148437500,-0.0351562500,2.241395355505e-05,0.000000000000e+00,20000,22044,1.426152474620e-05,8.152428808856e-06,1.426327936292e-05,8.150674192131e-06,27.1843
22,56,0.2187500000,-0.0312500000,1.268412237970e-04,2.500000000000e-04,20000,22044,1.099053283193e-04,1.693589547769e-05,1.184832240598e-04,8.357999737235e-06,27.9370
22,57,0.2226562500,-0.0273437500,6.002799704332e-04,6.500000000000e-04,20000,22044,5.932389880872e-04,7.040982345983e-06,5.937733983911e-04,6.506572042109e-06,28.6121
22,58,0.2265625000,-0.0234375000,2.743195483810e-03,2.550000000000e-03,20000,22044,2.385782741281e-03,3.574127425299e-04,2.738171181294e-03,5.024302516822e-06,29.2720
22,59,0.2304687500,-0.0195312500,7.447969780197e-03,8.250000000000e-03,20000,22044,7.423618619074e-03,2.435116112336e-05,7.444461575972e-03,3.508204225725e-06,29.7058
22,60,0.2343750000,-0.0156250000,2.275821160071e-02,2.300000000000e-02,20000,22044,1.831972635200e-02,4.438485248710e-03,2.275667043623e-02,1.541164484547e-06,30.1909
22,61,0.2382812500,-0.0117187500,3.670762292789e-02,3.695000000000e-02,20000,22044,3.645866593079e-02,2.489569970966e-04,3.670614592977e-02,1.476998119744e-06,30.3985
22,62,0.2421875000,-0.0078125000,8.175410884683e-02,8.125000000000e-02,20000,22044,5.917928382969e-02,2.257482501714e-02,8.175390157744e-02,2.072693904119e-07,30.7463
22,63,0.2460937500,-0.0039062500,8.012580422190e-02,7.965000000000e-02,20000,22044,7.892271731425e-02,1.203086907656e-03,8.012539609655e-02,4.081253558302e-07,30.7375
22,64,0.2500000000,0.0000000000,1.319461682893e-01,1.276500000000e-01,20000,22044,8.683338594948e-02,4.511278233981e-02,1.319461220403e-01,4.624901410012e-08,30.9542
22,65,0.2539062500,0.0039062500,8.912703548089e-02,8.990000000000e-02,20000,22044,7.892271731425e-02,1.020431816664e-02,8.912697309065e-02,6.239024057092e-08,30.7838
22,66,0.2578125000,0.0078125000,9.885555694454e-02,9.725000000000e-02,20000,22044,5.917928382969e-02,3.967627311486e-02,9.885554846841e-02,8.476133562852e-09,30.8288
22,67,0.2617187500,0.0117187500,5.697696463142e-02,5.780000000000e-02,20000,22044,3.645866593079e-02,2.051829870063e-02,5.697696121193e-02,3.419491354829e-09,30.5895
22,68,0.2656250000,0.0156250000,4.706940484868e-02,4.790000000000e-02,20000,22044,1.831972635200e-02,2.874967849668e-02,4.706940429161e-02,5.570713216319e-10,30.5065
22,69,0.2695312500,0.0195312500,1.967480378784e-02,1.875000000000e-02,20000,22044,7.423618619074e-03,1.225118516877e-02,1.967480374499e-02,4.284823179467e-11,30.1277
22,70,0.2734375000,0.0234375000,2.878590392707e-02,2.820000000000e-02,20000,22044,2.385782741281e-03,2.640012118579e-02,2.878590391839e-02,8.681966280327e-12,30.2929
22,71,0.2773437500,0.0273437500,1.288445103859e-02,1.245000000000e-02,20000,22044,5.932389880872e-04,1.229121205050e-02,1.288445103856e-02,2.550087311483e-14,29.9438
22,72,0.2812500000,0.0312500000,1.193369356084e-02,1.255000000000e-02,20000,22044,1.099053283193e-04,1.182378823252e-02,1.193369356084e-02,0.000000000000e+00,29.9105
22,73,0.2851562500,0.0351562500,1.168740348077e-02,1.190000000000e-02,20000,22044,1.426152474620e-05,1.167314195602e-02,1.168740348077e-02,0.000000000000e+00,29.9015
22,74,0.2890625000,0.0390625000,1.190814533007e-02,1.325000000000e-02,20000,22044,1.155039124551e-06,1.190699029094e-02,1.190814533007e-02,0.000000000000e+00,29.9096
22,75,0.2929687500,0.0429687500,2.048870249844e-03,2.200000000000e-03,20000,22044,4.388820537180e-08,2.048826361639e-03,2.048870249844e-03,0.000000000000e+00,29.1453
22,76,0.2968750000,0.0468750000,1.715919320873e-02,1.785000000000e-02,20000,22044,0.000000000000e+00,1.715919320873e-02,1.715919320873e-02,0.000000000000e+00,30.0683
22,77,0.3007812500,0.0507812500,1.954798282019e-03,2.150000000000e-03,20000,22044,0.000000000000e+00,1.954798282019e-03,1.954798282019e-03,0.000000000000e+00,29.1249
22,78,0.3046875000,0.0546875000,1.100199051680e-02,1.145000000000e-02,20000,22044,0.000000000000e+00,1.100199051680e-02,1.100199051680e-02,0.000000000000e+00,29.8752
22,79,0.3085937500,0.0585937500,1.105006642473e-02,1.140000000000e-02,20000,22044,0.000000000000e+00,1.105006642473e-02,1.105006642473e-02,0.000000000000e+00,29.8771
22,80,0.3125000000,0.0625000000,1.633300254506e-03,1.600000000000e-03,20000,22044,0.000000000000e+00,1.633300254506e-03,1.633300254506e-03,0.000000000000e+00,29.0468
22,81,0.3164062500,0.0664062500,1.069603605817e-02,9.600000000000e-03,20000,22044,0.000000000000e+00,1.069603605817e-02,1.069603605817e-02,0.000000000000e+00,29.8630
22,82,0.3203125000,0.0703125000,8.510007748758e-03,8.200000000000e-03,20000,22044,0.000000000000e+00,8.510007748758e-03,8.510007748758e-03,0.000000000000e+00,29.7637
22,83,0.3242187500,0.0742187500,1.581088570904e-03,1.800000000000e-03,20000,22044,0.000000000000e+00,1.581088570904e-03,1.581088570904e-03,0.000000000000e+00,29.0327
22,84,0.3281250000,0.0781250000,9.996167201463e-03,1.015000000000e-02,20000,22044,0.000000000000e+00,9.996167201463e-03,9.996167201463e-03,0.000000000000e+00,29.8336
22,85,0.3320312500,0.0820312500,1.870309284650e-03,1.600000000000e-03,20000,22044,0.000000000000e+00,1.870309284650e-03,1.870309284650e-03,0.000000000000e+00,29.1057
22,86,0.3359375000,0.0859375000,3.663309668770e-03,3.700000000000e-03,20000,22044,0.000000000000e+00,3.663309668770e-03,3.663309668770e-03,0.000000000000e+00,29.3976
22,87,0.3398437500,0.0898437500,9.838652956990e-04,1.200000000000e-03,20000,22044,0.000000000000e+00,9.838652956990e-04,9.838652956990e-04,0.000000000000e+00,28.8267
22,88,0.3437500000,0.0937500000,2.042100406164e-03,2.000000000000e-03,20000,22044,0.000000000000e+00,2.042100406164e-03,2.042100406164e-03,0.000000000000e+00,29.1438
22,89,0.3476562500,0.0976562500,1.442572659349e-03,7.500000000000e-04,20000,22044,0.000000000000e+00,1.442572659349e-03,1.442572659349e-03,0.000000000000e+00,28.9929
22,90,0.3515625000,0.1015625000,1.146612466787e-03,1.400000000000e-03,20000,22044,0.000000000000e+00,1.146612466787e-03,1.146612466787e-03,0.000000000000e+00,28.8932
22,91,0.3554687500,0.1054687500,3.720828191941e-03,3.900000000000e-03,20000,22044,0.000000000000e+00,3.720828191941e-03,3.720828191941e-03,0.000000000000e+00,29.4044
22,92,0.3593750000,0.1093750000,4.848282299381e-03,4.400000000000e-03,20000,22044,0.000000000000e+00,4.848282299381e-03,4.848282299381e-03,0.000000000000e+00,29.5193
22,93,0.3632812500,0.1132812500,1.274087898400e-03,1.250000000000e-03,20000,22044,0.000000000000e+00,1.274087898400e-03,1.274087898400e-03,0.000000000000e+00,28.9390
22,94,0.3671875000,0.1171875000,8.485555242381e-03,8.700000000000e-03,20000,22044,0.000000000000e+00,8.485555242381e-03,8.485555242381e-03,0.000000000000e+00,29.7624
22,95,0.3710937500,0.1210937500,9.970885211849e-03,1.005000000000e-02,20000,22044,0.000000000000e+00,9.970885211849e-03,9.970885211849e-03,0.000000000000e+00,29.8325
22,96,0.3750000000,0.1250000000,1.450446566971e-03,1.550000000000e-03,20000,22044,0.000000000000e+00,1.450446566971e-03,1.450446566971e-03,0.000000000000e+00,28.9953
22,97,0.3789062500,0.1289062500,9.893258175647e-03,9.600000000000e-03,20000,22044,0.000000000000e+00,9.893258175647e-03,9.893258175647e-03,0.000000000000e+00,29.8291
22,98,0.3828125000,0.1328125000,8.320779726762e-03,8.350000000000e-03,20000,22044,0.000000000000e+00,8.320779726762e-03,8.320779726762e-03,0.000000000000e+00,29.7539
22,99,0.3867187500,0.1367187500,1.822042061633e-03,2.250000000000e-03,20000,22044,0.000000000000e+00,1.822042061633e-03,1.822042061633e-03,0.000000000000e+00,29.0943
22,100,0.3906250000,0.1406250000,7.778877460192e-03,8.750000000000e-03,20000,22044,0.000000000000e+00,7.778877460192e-03,7.778877460192e-03,0.000000000000e+00,29.7247
22,101,0.3945312500,0.1445312500,3.106423771700e-03,3.450000000000e-03,20000,22044,0.000000000000e+00,3.106423771700e-03,3.106423771700e-03,0.000000000000e+00,29.3260
22,102,0.3984375000,0.1484375000,2.274540038952e-03,2.250000000000e-03,20000,22044,0.000000000000e+00,2.274540038952e-03,2.274540038952e-03,0.000000000000e+00,29.1906
22,103,0.4023437500,0.1523437500,1.855763562363e-03,1.450000000000e-03,20000,22044,0.000000000000e+00,1.855763562363e-03,1.855763562363e-03,0.000000000000e+00,29.1023
22,104,0.4062500000,0.1562500000,1.932622513834e-03,1.800000000000e-03,20000,22044,0.000000000000e+00,1.932622513834e-03,1.932622513834e-03,0.000000000000e+00,29.1199
22,105,0.4101562500,0.1601562500,9.299263303173e-04,8.000000000000e-04,20000,22044,0.000000000000e+00,9.299263303173e-04,9.299263303173e-04,0.000000000000e+00,28.8022
22,106,0.4140625000,0.1640625000,1.015860262141e-03,9.500000000000e-04,20000,22044,0.000000000000e+00,1.015860262141e-03,1.015860262141e-03,0.000000000000e+00,28.8406
22,107,0.4179687500,0.1679687500,8.052580987711e-04,7.000000000000e-04,20000,22044,0.000000000000e+00,8.052580987711e-04,8.052580987711e-04,0.000000000000e+00,28.7397
22,108,0.4218750000,0.1718750000,1.215274810177e-03,1.050000000000e-03,20000,22044,0.000000000000e+00,1.215274810177e-03,1.215274810177e-03,0.000000000000e+00,28.9184
22,109,0.4257812500,0.1757812500,5.568587135408e-04,5.000000000000e-04,20000,22044,0.000000000000e+00,5.568587135408e-04,5.568587135408e-04,0.000000000000e+00,28.5795
22,110,0.4296875000,0.1796875000,8.925416695914e-04,6.500000000000e-04,20000,22044,0.000000000000e+00,8.925416695914e-04,8.925416695914e-04,0.000000000000e+00,28.7844
22,111,0.4335937500,0.1835937500,3.828692280253e-04,4.000000000000e-04,20000,22044,0.000000000000e+00,3.828692280253e-04,3.828692280253e-04,0.000000000000e+00,28.4168
22,112,0.4375000000,0.1875000000,9.163824247227e-04,1.050000000000e-03,20000,22044,0.000000000000e+00,9.163824247227e-04,9.163824247227e-04,0.000000000000e+00,28.7958
22,113,0.4414062500,0.1914062500,2.567121378267e-04,3.500000000000e-04,20000,22044,0.000000000000e+00,2.567121378267e-04,2.567121378267e-04,0.000000000000e+00,28.2432
22,114,0.4453125000,0.1953125000,8.692748960765e-04,1.000000000000e-03,20000,22044,0.000000000000e+00,8.692748960765e-04,8.692748960765e-04,0.000000000000e+00,28.7729
22,115,0.4492187500,0.1992187500,1.920223816456e-04,1.000000000000e-04,20000,22044,0.000000000000e+00,1.920223816456e-04,1.920223816456e-04,0.000000000000e+00,28.1171
22,116,0.4531250000,0.2031250000,6.230435752780e-04,7.000000000000e-04,20000,22044,0.000000000000e+00,6.230435752780e-04,6.230435752780e-04,0.000000000000e+00,28.6283
22,117,0.4570312500,0.2070312500,4.911383940617e-04,5.500000000000e-04,20000,22044,0.000000000000e+00,4.911383940617e-04,4.911383940617e-04,0.000000000000e+00,28.5250
22,118,0.4609375000,0.2109375000,8.172240593551e-05,5.000000000000e-05,20000,22044,0.000000000000e+00,8.172240593551e-05,8.172240593551e-05,0.000000000000e+00,27.7461
22,119,0.4648437500,0.2148437500,3.491835840870e-04,4.500000000000e-04,20000,22044,0.000000000000e+00,3.491835840870e-04,3.491835840870e-04,0.000000000000e+00,28.3768
22,120,0.4687500000,0.2187500000,1.484322126951e-05,5.000000000000e-05,20000,22044,0.000000000000e+00,1.484322126951e-05,1.484322126951e-05,0.000000000000e+00,27.0053
22,121,0.4726562500,0.2226562500,2.011293604815e-04,4.000000000000e-04,20000,22044,0.000000000000e+00,2.011293604815e-04,2.011293604815e-04,0.000000000000e+00,28.1372
22,122,0.4765625000,0.2265625000,3.433709573274e-05,5.000000000000e-05,20000,22044,0.000000000000e+00,3.433709573274e-05,3.433709573274e-05,0.000000000000e+00,27.3695
22,123,0.4804687500,0.2304687500,9.084716677772e-05,1.000000000000e-04,20000,22044,0.000000000000e+00,9.084716677772e-05,9.084716677772e-05,0.000000000000e+00,27.7921
22,124,0.4843750000,0.2343750000,2.017992550566e-05,0.000000000000e+00,20000,22044,0.000000000000e+00,2.017992550566e-05,2.017992550566e-05,0.000000000000e+00,27.1387
22,125,0.4882812500,0.2382812500,4.945990315038e-05,5.000000000000e-05,20000,22044,0.000000000000e+00,4.945990315038e-05,4.945990315038e-05,0.000000000000e+00,27.5280
22,126,0.4921875000,0.2421875000,1.391380840714e-05,5.000000000000e-05,20000,22044,0.000000000000e+00,1.391380840714e-05,1.391380840714e-05,0.000000000000e+00,26.9772
22,127,0.4960937500,0.2460937500,2.184355369920e-05,0.000000000000e+00,20000,22044,0.000000000000e+00,2.184355369920e-05,2.184355369920e-05,0.000000000000e+00,27.1731
22,128,0.5000000000,0.2500000000,7.424340247037e-06,0.000000000000e+00,20000,22044,0.000000000000e+00,7.424340247037e-06,7.424340247037e-06,0.000000000000e+00,26.7044
22,129,0.5039062500,0.2539062500,8.934220143001e-06,0.000000000000e+00,20000,22044,0.000000000000e+00,8.934220143001e-06,8.934220143001e-06,0.000000000000e+00,26.7848
22,130,0.5078125000,0.2578125000,5.484684985208e-06,0.000000000000e+00,20000,22044,0.000000000000e+00,5.484684985208e-06,5.484684985208e-06,0.000000000000e+00,26.5729
22,131,0.5117187500,0.2617187500,8.228192460571e-07,0.000000000000e+00,20000,22044,0.000000000000e+00,8.228192460571e-07,8.228192460571e-07,0.000000000000e+00,25.7491
22,132,0.5156250000,0.2656250000,1.975191263903e-06,0.000000000000e+00,20000,22044,0.000000000000e+00,1.975191263903e-06,1.975191263903e-06,0.000000000000e+00,26.1294
22,133,0.5195312500,0.2695312500,1.133368613707e-07,0.000000000000e+00,20000,22044,0.000000000000e+00,1.133368613707e-07,1.133368613707e-07,0.000000000000e+00,24.8881
22,134,0.5234375000,0.2734375000,5.241869086956e-07,0.000000000000e+00,20000,22044,0.000000000000e+00,5.241869086956e-07,5.241869086956e-07,0.000000000000e+00,25.5532
22,135,0.5273437500,0.2773437500,4.099707116751e-08,0.000000000000e+00,20000,22044,0.000000000000e+00,4.099707116751e-08,4.099707116751e-08,0.000000000000e+00,24.4465
22,136,0.5312500000,0.2812500000,1.087162729392e-07,0.000000000000e+00,20000,22044,0.000000000000e+00,1.087162729392e-07,1.087162729392e-07,0.000000000000e+00,24.8700
22,137,0.5351562500,0.2851562500,1.094372745380e-08,0.000000000000e+00,20000,22044,0.000000000000e+00,1.094372745380e-08,1.094372745380e-08,0.000000000000e+00,23.8729
22,138,0.5390625000,0.2890625000,1.645472838727e-08,0.000000000000e+00,20000,22044,0.000000000000e+00,1.645472838727e-08,1.645472838727e-08,0.000000000000e+00,24.0500
22,139,0.5429687500,0.2929687500,2.015035531176e-09,0.000000000000e+00,20000,22044,0.000000000000e+00,2.015035531176e-09,2.015035531176e-09,0.000000000000e+00,23.1380
22,140,0.5468750000,0.2968750000,1.604489748023e-09,0.000000000000e+00,20000,22044,0.000000000000e+00,1.604489748023e-09,1.604489748023e-09,0.000000000000e+00,23.0391
22,141,0.5507812500,0.3007812500,2.280798091390e-10,0.000000000000e+00,20000,22044,0.000000000000e+00,2.280798091390e-10,2.280798091390e-10,0.000000000000e+00,22.1918
22,142,0.5546875000,0.3046875000,7.501338085501e-11,0.000000000000e+00,20000,22044,0.000000000000e+00,7.501338085501e-11,7.501338085501e-11,0.000000000000e+00,21.7089
22,143,0.5585937500,0.3085937500,1.194903411850e-11,0.000000000000e+00,20000,22044,0.000000000000e+00,1.194903411850e-11,1.194903411850e-11,0.000000000000e+00,20.9111
23,0,0.0000000000,-0.2500000000,4.691716634873e-02,4.525000000000e-02,20000,22044,0.000000000000e+00,4.691716634873e-02,0.000000000000e+00,4.691716634873e-02,31.5272
23,1,0.0039062500,-0.2460937500,1.114017272506e-02,1.005000000000e-02,20000,22044,0.000000000000e+00,1.114017272506e-02,0.000000000000e+00,1.114017272506e-02,30.9027
23,2,0.0078125000,-0.2421875000,5.503947165269e-04,3.500000000000e-04,20000,22044,0.000000000000e+00,5.503947165269e-04,0.000000000000e+00,5.503947165269e-04,29.5965
23,3,0.0117187500,-0.2382812500,4.552169792403e-03,4.950000000000e-03,20000,22044,0.000000000000e+00,4.552169792403e-03,0.000000000000e+00,4.552169792403e-03,30.5141
23,4,0.0156250000,-0.2343750000,6.382372971849e-04,1.000000000000e-03,20000,22044,0.000000000000e+00,6.382372971849e-04,0.000000000000e+00,6.382372971849e-04,29.6608
23,5,0.0195312500,-0.2304687500,2.532097381366e-03,3.000000000000e-03,20000,22044,0.000000000000e+00,2.532097381366e-03,0.000000000000e+00,2.532097381366e-03,30.2593
23,6,0.0234375000,-0.2265625000,4.238172818704e-04,3.500000000000e-04,20000,22044,0.000000000000e+00,4.238172818704e-04,0.000000000000e+00,4.238172818704e-04,29.4830
23,7,0.0273437500,-0.2226562500,2.373236234061e-03,3.100000000000e-03,20000,22044,0.000000000000e+00,2.373236234061e-03,0.000000000000e+00,2.373236234061e-03,30.2312
23,8,0.0312500000,-0.2187500000,3.526547249776e-04,3.500000000000e-04,20000,22044,0.000000000000e+00,3.526547249776e-04,0.000000000000e+00,3.526547249776e-04,29.4032
23,9,0.0351562500,-0.2148437500,2.516623387206e-03,2.150000000000e-03,20000,22044,0.000000000000e+00,2.516623387206e-03,0.000000000000e+00,2.516623387206e-03,30.2567
23,10,0.0390625000,-0.2109375000,4.238630238900e-04,5.500000000000e-04,20000,22044,0.000000000000e+00,4.238630238900e-04,0.000000000000e+00,4.238630238900e-04,29.4831
23,11,0.0429687500,-0.2070312500,3.365808073379e-04,4.000000000000e-04,20000,22044,0.000000000000e+00,3.365808073379e-04,0.000000000000e+00,3.365808073379e-04,29.3829
23,12,0.0468750000,-0.2031250000,1.382312944344e-04,2.000000000000e-04,20000,22044,0.000000000000e+00,1.382312944344e-04,0.000000000000e+00,1.382312944344e-04,28.9964
23,13,0.0507812500,-0.1992187500,1.784014014206e-04,2.000000000000e-04,20000,22044,0.000000000000e+00,1.784014014206e-04,0.000000000000e+00,1.784014014206e-04,29.1072
23,14,0.0546875000,-0.1953125000,3.567336683551e-05,5.000000000000e-05,20000,22044,0.000000000000e+00,3.567336683551e-05,0.000000000000e+00,3.567336683551e-05,28.4082
23,15,0.0585937500,-0.1914062500,2.214648910050e-03,2.300000000000e-03,20000,22044,0.000000000000e+00,2.214648910050e-03,0.000000000000e+00,2.214648910050e-03,30.2011
23,16,0.0625000000,-0.1875000000,3.417426431712e-04,2.500000000000e-04,20000,22044,0.000000000000e+00,3.417426431712e-04,0.000000000000e+00,3.417426431712e-04,29.3895
23,17,0.0664062500,-0.1835937500,2.496622983895e-03,2.350000000000e-03,20000,22044,0.000000000000e+00,2.496622983895e-03,0.000000000000e+00,2.496622983895e-03,30.2532
23,18,0.0703125000,-0.1796875000,4.417540368616e-04,3.500000000000e-04,20000,22044,0.000000000000e+00,4.417540368616e-04,0.000000000000e+00,4.417540368616e-04,29.5010
23,19,0.0742187500,-0.1757812500,2.992049434446e-04,2.000000000000e-04,20000,22044,0.000000000000e+00,2.992049434446e-04,0.000000000000e+00,2.992049434446e-04,29.3318
23,20,0.0781250000,-0.1718750000,1.553390431005e-04,3.000000000000e-04,20000,22044,0.000000000000e+00,1.553390431005e-04,0.000000000000e+00,1.553390431005e-04,29.0471
23,21,0.0820312500,-0.1679687500,1.594082537230e-04,1.000000000000e-04,20000,22044,0.000000000000e+00,1.594082537230e-04,0.000000000000e+00,1.594082537230e-04,29.0584
23,22,0.0859375000,-0.1640625000,7.312904922758e-05,5.000000000000e-05,20000,22044,0.000000000000e+00,7.312904922758e-05,0.000000000000e+00,7.312904922758e-05,28.7199
23,23,0.0898437500,-0.1601562500,1.619988350208e-04,5.000000000000e-05,20000,22044,0.000000000000e+00,1.619988350208e-04,0.000000000000e+00,1.619988350208e-04,29.0654
23,24,0.0937500000,-0.1562500000,1.059717697840e-04,1.000000000000e-04,20000,22044,0.000000000000e+00,1.059717697840e-04,0.000000000000e+00,1.059717697840e-04,28.8810
23,25,0.0976562500,-0.1523437500,1.577355279675e-04,2.000000000000e-04,20000,22044,0.000000000000e+00,1.577355279675e-04,0.000000000000e+00,1.577355279675e-04,29.0538
23,26,0.1015625000,-0.1484375000,5.338258389494e-05,5.000000000000e-05,20000,22044,0.000000000000e+00,5.338258389494e-05,0.000000000000e+00,5.338258389494e-05,28.5832
23,27,0.1054687500,-0.1445312500,3.554760784955e-05,1.000000000000e-04,20000,22044,0.000000000000e+00,3.554760784955e-05,0.000000000000e+00,3.554760784955e-05,28.4067
23,28,0.1093750000,-0.1406250000,4.022279795851e-06,0.000000000000e+00,20000,22044,0.000000000000e+00,4.022279795851e-06,0.000000000000e+00,4.022279795851e-06,27.4603
23,29,0.1132812500,-0.1367187500,1.641984486169e-04,0.000000000000e+00,20000,22044,0.000000000000e+00,1.641984486169e-04,0.000000000000e+00,1.641984486169e-04,29.0712
23,30,0.1171875000,-0.1328125000,2.322095502384e-05,5.000000000000e-05,20000,22044,0.000000000000e+00,2.322095502384e-05,0.000000000000e+00,2.322095502384e-05,28.2217
23,31,0.1210937500,-0.1289062500,2.093945988554e-03,1.850000000000e-03,20000,22044,0.000000000000e+00,2.093945988554e-03,0.000000000000e+00,2.093945988554e-03,30.1768
23,32,0.1250000000,-0.1250000000,3.664430271130e-04,6.500000000000e-04,20000,22044,0.000000000000e+00,3.664430271130e-04,0.000000000000e+00,3.664430271130e-04,29.4198
23,33,0.1289062500,-0.1210937500,2.294040681582e-03,2.750000000000e-03,20000,22044,0.000000000000e+00,2.294040681582e-03,0.000000000000e+00,2.294040681582e-03,30.2164
23,34,0.1328125000,-0.1171875000,4.496949625913e-04,5.000000000000e-04,20000,22044,0.000000000000e+00,4.496949625913e-04,0.000000000000e+00,4.496949625913e-04,29.5088
23,35,0.1367187500,-0.1132812500,3.265479188547e-04,5.500000000000e-04,20000,22044,0.000000000000e+00,3.265479188547e-04,0.000000000000e+00,3.265479188547e-04,29.3698
23,36,0.1406250000,-0.1093750000,2.159359595425e-04,1.500000000000e-04,20000,22044,0.000000000000e+00,2.159359595425e-04,0.000000000000e+00,2.159359595425e-04,29.1902
23,37,0.1445312500,-0.1054687500,1.162471505655e-04,3.000000000000e-04,20000,22044,0.000000000000e+00,1.162471505655e-04,0.000000000000e+00,1.162471505655e-04,28.9212
23,38,0.1484375000,-0.1015625000,1.814511700452e-04,2.000000000000e-04,20000,22044,0.000000000000e+00,1.814511700452e-04,0.000000000000e+00,1.814511700452e-04,29.1146
23,39,0.1523437500,-0.0976562500,1.111994685611e-04,0.000000000000e+00,20000,22044,0.000000000000e+00,1.111994685611e-04,0.000000000000e+00,1.111994685611e-04,28.9019
23,40,0.1562500000,-0.0937500000,1.124139268326e-04,1.500000000000e-04,20000,22044,0.000000000000e+00,1.124139268326e-04,0.000000000000e+00,1.124139268326e-04,28.9067
23,41,0.1601562500,-0.0898437500,8.001412871791e-05,1.000000000000e-04,20000,22044,0.000000000000e+00,8.001412871791e-05,0.000000000000e+00,8.001412871791e-05,28.7590
23,42,0.1640625000,-0.0859375000,1.044259973520e-04,5.000000000000e-05,20000,22044,0.000000000000e+00,1.044259973520e-04,0.000000000000e+00,1.044259973520e-04,28.8747
23,43,0.1679687500,-0.0820312500,4.732636177906e-05,1.000000000000e-04,20000,22044,0.000000000000e+00,4.732636177906e-05,0.000000000000e+00,4.732636177906e-05,28.5309
23,44,0.1718750000,-0.0781250000,2.053668526699e-05,0.000000000000e+00,20000,22044,0.000000000000e+00,2.053668526699e-05,0.000000000000e+00,2.053668526699e-05,28.1684
23,45,0.1757812500,-0.0742187500,3.112185130169e-05,5.000000000000e-05,20000,22044,0.000000000000e+00,3.112185130169e-05,0.000000000000e+00,3.112185130169e-05,28.3489
23,46,0.1796875000,-0.0703125000,8.269167016274e-05,0.000000000000e+00,20000,22044,0.000000000000e+00,8.269167016274e-05,0.000000000000e+00,8.269167016274e-05,28.7733
23,47,0.1835937500,-0.0664062500,8.164545683695e-05,5.000000000000e-05,20000,22044,0.000000000000e+00,8.164545683695e-05,0.000000000000e+00,8.164545683695e-05,28.7678
23,48,0.1875000000,-0.0625000000,9.587838643698e-05,0.000000000000e+00,20000,22044,0.000000000000e+00,9.587838643698e-05,0.000000000000e+00,9.587838643698e-05,28.8376
23,49,0.1914062500,-0.0585937500,8.181480088103e-05,5.000000000000e-05,20000,22044,0.000000000000e+00,8.181480088103e-05,0.000000000000e+00,8.181480088103e-05,28.7687
23,50,0.1953125000,-0.0546875000,9.886296284840e-05,5.000000000000e-05,20000,22044,0.000000000000e+00,9.886296284840e-05,0.000000000000e+00,9.886296284840e-05,28.8509
23,51,0.1992187500,-0.0507812500,4.757916069698e-05,5.000000000000e-05,20000,22044,0.000000000000e+00,4.757916069698e-05,0.000000000000e+00,4.757916069698e-05,28.5333
23,52,0.2031250000,-0.0468750000,9.015704229275e-06,0.000000000000e+00,20000,22044,0.000000000000e+00,9.015704229275e-06,0.000000000000e+00,9.015704229275e-06,27.8108
23,53,0.2070312500,-0.0429687500,2.535586924801e-05,5.000000000000e-05,20000,22044,5.531364726611e-07,2.480273277535e-05,5.531364726611e-07,2.480273277535e-05,28.2599
23,54,0.2109375000,-0.0390625000,2.549106511139e-06,0.000000000000e+00,20000,22044,0.000000000000e+00,2.549106511139e-06,1.337120769978e-08,2.535735303439e-06,27.2622
23,55,0.2148437500,-0.0351562500,8.289446013513e-05,1.500000000000e-04,20000,22044,6.389903944724e-05,1.899542068789e-05,6.423008404137e-05,1.866437609376e-05,28.7744
23,56,0.2187500000,-0.0312500000,6.640946091733e-06,0.000000000000e+00,20000,22044,0.000000000000e+00,6.640946091733e-06,4.340522640801e-06,2.300423450932e-06,27.6781
23,57,0.2226562500,-0.0273437500,1.770492085155e-03,2.150000000000e-03,20000,22044,1.724702369977e-03,4.578971517813e-05,1.756690769514e-03,1.380131564097e-05,30.1039
23,58,0.2265625000,-0.0234375000,1.836282608781e-04,2.500000000000e-04,20000,22044,0.000000000000e+00,1.836282608781e-04,1.814541553479e-04,2.174105530213e-06,29.1198
23,59,0.2304687500,-0.0195312500,1.766464716935e-02,1.825000000000e-02,20000,22044,1.694507070999e-02,7.195764593603e-04,1.765823790635e-02,6.409262994568e-06,31.1029
23,60,0.2343750000,-0.0156250000,2.309396882476e-03,2.700000000000e-03,20000,22044,0.000000000000e+00,2.309396882476e-03,2.307922914859e-03,1.473967617510e-06,30.2193
23,61,0.2382812500,-0.0117187500,7.827962284724e-02,7.690000000000e-02,20000,22044,7.253567089591e-02,5.743951951332e-03,7.827789352449e-02,1.729322750470e-06,31.7495
23,62,0.2421875000,-0.0078125000,1.176999120177e-02,1.140000000000e-02,20000,22044,0.000000000000e+00,1.176999120177e-02,1.176927729279e-02,7.139089832018e-07,30.9266
23,63,0.2460937500,-0.0039062500,1.676074196675e-01,1.674500000000e-01,20000,22044,1.473956891874e-01,2.021173048006e-02,1.676071310775e-01,2.885899285935e-07,32.0801
23,64,0.2500000000,0.0000000000,2.682466339380e-02,2.815000000000e-02,20000,22044,0.000000000000e+00,2.682466339380e-02,2.682450862873e-02,1.547650716644e-07,31.2844
23,65,0.2539062500,0.0039062500,1.731785627553e-01,1.734500000000e-01,20000,22044,1.473956891874e-01,2.578287356791e-02,1.731785039305e-01,5.882480444261e-08,32.0943
23,66,0.2578125000,0.0078125000,3.377978573679e-02,3.565000000000e-02,20000,22044,0.000000000000e+00,3.377978573679e-02,3.377976888857e-02,1.684822235615e-08,31.3845
23,67,0.2617187500,0.0117187500,8.856174971553e-02,8.670000000000e-02,20000,22044,7.253567089591e-02,1.602607881962e-02,8.856174374950e-02,5.966027088712e-09,31.8031
23,68,0.2656250000,0.0156250000,3.024474439130e-02,3.060000000000e-02,20000,22044,0.000000000000e+00,3.024474439130e-02,3.024474372588e-02,6.654258609007e-10,31.3365
23,69,0.2695312500,0.0195312500,3.581191840864e-02,3.695000000000e-02,20000,22044,1.694507070999e-02,1.886684769865e-02,3.581191818154e-02,2.270938567008e-10,31.4099
23,70,0.2734375000,0.0234375000,2.241247800034e-02,2.225000000000e-02,20000,22044,0.000000000000e+00,2.241247800034e-02,2.241247799378e-02,6.559626193820e-12,31.2063
23,71,0.2773437500,0.0273437500,1.458170838547e-02,1.690000000000e-02,20000,22044,1.724702369977e-03,1.285700601550e-02,1.458170838403e-02,1.445877500725e-12,31.0197
23,72,0.2812500000,0.0312500000,1.633699893041e-02,1.760000000000e-02,20000,22044,0.000000000000e+00,1.633699893041e-02,1.633699893041e-02,0.000000000000e+00,31.0690
23,73,0.2851562500,0.0351562500,5.053565438679e-03,4.450000000000e-03,20000,22044,6.389903944724e-05,4.989666399232e-03,5.053565438679e-03,0.000000000000e+00,30.5594
23,74,0.2890625000,0.0390625000,1.213081362791e-02,1.220000000000e-02,20000,22044,0.000000000000e+00,1.213081362791e-02,1.213081362791e-02,0.000000000000e+00,30.9397
23,75,0.2929687500,0.0429687500,1.151941628189e-02,1.115000000000e-02,20000,22044,5.531364726611e-07,1.151886314542e-02,1.151941628189e-02,0.000000000000e+00,30.9173
23,76,0.2968750000,0.0468750000,7.946804682128e-03,7.550000000000e-03,20000,22044,0.000000000000e+00,7.946804682128e-03,7.946804682128e-03,0.000000000000e+00,30.7560
23,77,0.3007812500,0.0507812500,1.151857637685e-02,1.210000000000e-02,20000,22044,0.000000000000e+00,1.151857637685e-02,1.151857637685e-02,0.000000000000e+00,30.9172
23,78,0.3046875000,0.0546875000,1.017834520685e-02,9.450000000000e-03,20000,22044,0.000000000000e+00,1.017834520685e-02,1.017834520685e-02,0.000000000000e+00,30.8635
23,79,0.3085937500,0.0585937500,2.336475290231e-03,2.550000000000e-03,20000,22044,0.000000000000e+00,2.336475290231e-03,2.336475290231e-03,0.000000000000e+00,30.2244
23,80,0.3125000000,0.0625000000,1.207625398916e-02,1.340000000000e-02,20000,22044,0.000000000000e+00,1.207625398916e-02,1.207625398916e-02,0.000000000000e+00,30.9378
23,81,0.3164062500,0.0664062500,1.250948801000e-03,1.300000000000e-03,20000,22044,0.000000000000e+00,1.250948801000e-03,1.250948801000e-03,0.000000000000e+00,29.9531
23,82,0.3203125000,0.0703125000,1.009986915511e-02,8.500000000000e-03,20000,22044,0.000000000000e+00,1.009986915511e-02,1.009986915511e-02,0.000000000000e+00,30.8602
23,83,0.3242187500,0.0742187500,9.049795718254e-03,9.400000000000e-03,20000,22044,0.000000000000e+00,9.049795718254e-03,9.049795718254e-03,0.000000000000e+00,30.8125
23,84,0.3281250000,0.0781250000,4.700004062812e-03,4.300000000000e-03,20000,22044,0.000000000000e+00,4.700004062812e-03,4.700004062812e-03,0.000000000000e+00,30.5279
23,85,0.3320312500,0.0820312500,4.218139517230e-03,3.950000000000e-03,20000,22044,0.000000000000e+00,4.218139517230e-03,4.218139517230e-03,0.000000000000e+00,30.4810
23,86,0.3359375000,0.0859375000,2.805569872618e-03,2.350000000000e-03,20000,22044,0.000000000000e+00,2.805569872618e-03,2.805569872618e-03,0.000000000000e+00,30.3039
23,87,0.3398437500,0.0898437500,2.136506679762e-03,1.800000000000e-03,20000,22044,0.000000000000e+00,2.136506679762e-03,2.136506679762e-03,0.000000000000e+00,30.1855
23,88,0.3437500000,0.0937500000,1.473157410499e-03,1.500000000000e-03,20000,22044,0.000000000000e+00,1.473157410499e-03,1.473157410499e-03,0.000000000000e+00,30.0241
23,89,0.3476562500,0.0976562500,1.627974301119e-03,1.900000000000e-03,20000,22044,0.000000000000e+00,1.627974301119e-03,1.627974301119e-03,0.000000000000e+00,30.0675
23,90,0.3515625000,0.1015625000,2.889504347001e-03,2.200000000000e-03,20000,22044,0.000000000000e+00,2.889504347001e-03,2.889504347001e-03,0.000000000000e+00,30.3167
23,91,0.3554687500,0.1054687500,3.781326702250e-04,3.500000000000e-04,20000,22044,0.000000000000e+00,3.781326702250e-04,3.781326702250e-04,0.000000000000e+00,29.4335
23,92,0.3593750000,0.1093750000,5.011090951125e-03,4.750000000000e-03,20000,22044,0.000000000000e+00,5.011090951125e-03,5.011090951125e-03,0.000000000000e+00,30.5558
23,93,0.3632812500,0.1132812500,7.298701781894e-03,7.450000000000e-03,20000,22044,0.000000000000e+00,7.298701781894e-03,7.298701781894e-03,0.000000000000e+00,30.7191
23,94,0.3671875000,0.1171875000,7.977523432010e-03,7.800000000000e-03,20000,22044,0.000000000000e+00,7.977523432010e-03,7.977523432010e-03,0.000000000000e+00,30.7577
23,95,0.3710937500,0.1210937500,2.695427081892e-03,2.750000000000e-03,20000,22044,0.000000000000e+00,2.695427081892e-03,2.695427081892e-03,0.000000000000e+00,30.2865
23,96,0.3750000000,0.1250000000,1.008477799622e-02,9.400000000000e-03,20000,22044,0.000000000000e+00,1.008477799622e-02,1.008477799622e-02,0.000000000000e+00,30.8595
23,97,0.3789062500,0.1289062500,1.688333172130e-03,1.500000000000e-03,20000,22044,0.000000000000e+00,1.688333172130e-03,1.688333172130e-03,0.000000000000e+00,30.0833
23,98,0.3828125000,0.1328125000,9.451669872788e-03,9.100000000000e-03,20000,22044,0.000000000000e+00,9.451669872788e-03,9.451669872788e-03,0.000000000000e+00,30.8314
23,99,0.3867187500,0.1367187500,9.154510575001e-03,8.750000000000e-03,20000,22044,0.000000000000e+00,9.154510575001e-03,9.154510575001e-03,0.000000000000e+00,30.8175
23,100,0.3906250000,0.1406250000,3.669094915532e-03,3.650000000000e-03,20000,22044,0.000000000000e+00,3.669094915532e-03,3.669094915532e-03,0.000000000000e+00,30.4204
23,101,0.3945312500,0.1445312500,3.362003699172e-03,4.000000000000e-03,20000,22044,0.000000000000e+00,3.362003699172e-03,3.362003699172e-03,0.000000000000e+00,30.3824
23,102,0.3984375000,0.1484375000,2.366280648002e-03,2.800000000000e-03,20000,22044,0.000000000000e+00,2.366280648002e-03,2.366280648002e-03,0.000000000000e+00,30.2299
23,103,0.4023437500,0.1523437500,2.260841125623e-03,2.100000000000e-03,20000,22044,0.000000000000e+00,2.260841125623e-03,2.260841125623e-03,0.000000000000e+00,30.2101
23,104,0.4062500000,0.1562500000,1.525380253277e-03,1.650000000000e-03,20000,22044,0.000000000000e+00,1.525380253277e-03,1.525380253277e-03,0.000000000000e+00,30.0392
23,105,0.4101562500,0.1601562500,1.744604252564e-03,1.800000000000e-03,20000,22044,0.000000000000e+00,1.744604252564e-03,1.744604252564e-03,0.000000000000e+00,30.0975
23,106,0.4140625000,0.1640625000,9.653675380673e-04,6.500000000000e-04,20000,22044,0.000000000000e+00,9.653675380673e-04,9.653675380673e-04,0.000000000000e+00,29.8405
23,107,0.4179687500,0.1679687500,1.280419982926e-03,1.500000000000e-03,20000,22044,0.000000000000e+00,1.280419982926e-03,1.280419982926e-03,0.000000000000e+00,29.9632
23,108,0.4218750000,0.1718750000,4.221396828429e-04,3.000000000000e-04,20000,22044,0.000000000000e+00,4.221396828429e-04,4.221396828429e-04,0.000000000000e+00,29.4813
23,109,0.4257812500,0.1757812500,1.321478947098e-03,1.300000000000e-03,20000,22044,0.000000000000e+00,1.321478947098e-03,1.321478947098e-03,0.000000000000e+00,29.9769
23,110,0.4296875000,0.1796875000,5.239360769980e-04,7.000000000000e-04,20000,22044,0.000000000000e+00,5.239360769980e-04,5.239360769980e-04,0.000000000000e+00,29.5751
23,111,0.4335937500,0.1835937500,9.625191313505e-04,6.500000000000e-04,20000,22044,0.000000000000e+00,9.625191313505e-04,9.625191313505e-04,0.000000000000e+00,29.8393
23,112,0.4375000000,0.1875000000,3.391332160335e-04,1.500000000000e-04,20000,22044,0.000000000000e+00,3.391332160335e-04,3.391332160335e-04,0.000000000000e+00,29.3862
23,113,0.4414062500,0.1914062500,1.008189665285e-03,5.500000000000e-04,20000,22044,0.000000000000e+00,1.008189665285e-03,1.008189665285e-03,0.000000000000e+00,29.8594
23,114,0.4453125000,0.1953125000,2.074688222318e-04,2.500000000000e-04,20000,22044,0.000000000000e+00,2.074688222318e-04,2.074688222318e-04,0.000000000000e+00,29.1728
23,115,0.4492187500,0.1992187500,8.123664807387e-04,6.000000000000e-04,20000,22044,0.000000000000e+00,8.123664807387e-04,8.123664807387e-04,0.000000000000e+00,29.7656
23,116,0.4531250000,0.2031250000,2.213011861143e-04,2.000000000000e-04,20000,22044,0.000000000000e+00,2.213011861143e-04,2.213011861143e-04,0.000000000000e+00,29.2008
23,117,0.4570312500,0.2070312500,5.397758897333e-04,4.500000000000e-04,20000,22044,0.000000000000e+00,5.397758897333e-04,5.397758897333e-04,0.000000000000e+00,29.5881
23,118,0.4609375000,0.2109375000,4.975769777832e-04,2.500000000000e-04,20000,22044,0.000000000000e+00,4.975769777832e-04,4.975769777832e-04,0.000000000000e+00,29.5527
23,119,0.4648437500,0.2148437500,1.944803724919e-05,0.000000000000e+00,20000,22044,0.000000000000e+00,1.944803724919e-05,1.944803724919e-05,0.000000000000e+00,28.1447
23,120,0.4687500000,0.2187500000,3.046049098196e-04,6.500000000000e-04,20000,22044,0.000000000000e+00,3.046049098196e-04,3.046049098196e-04,0.000000000000e+00,29.3396
23,121,0.4726562500,0.2226562500,5.273551969232e-05,1.000000000000e-04,20000,22044,0.000000000000e+00,5.273551969232e-05,5.273551969232e-05,0.000000000000e+00,28.5779
23,122,0.4765625000,0.2265625000,1.390045061310e-04,1.500000000000e-04,20000,22044,0.000000000000e+00,1.390045061310e-04,1.390045061310e-04,0.000000000000e+00,28.9989
23,123,0.4804687500,0.2304687500,2.995919759970e-05,5.000000000000e-05,20000,22044,0.000000000000e+00,2.995919759970e-05,2.995919759970e-05,0.000000000000e+00,28.3324
23,124,0.4843750000,0.2343750000,8.070133012812e-05,0.000000000000e+00,20000,22044,0.000000000000e+00,8.070133012812e-05,8.070133012812e-05,0.000000000000e+00,28.7627
23,125,0.4882812500,0.2382812500,1.906117722664e-05,5.000000000000e-05,20000,22044,0.000000000000e+00,1.906117722664e-05,1.906117722664e-05,0.000000000000e+00,28.1360
23,126,0.4921875000,0.2421875000,4.130622519469e-05,0.000000000000e+00,20000,22044,0.000000000000e+00,4.130622519469e-05,4.130622519469e-05,0.000000000000e+00,28.4719
23,127,0.4960937500,0.2460937500,1.290347765227e-05,0.000000000000e+00,20000,22044,0.000000000000e+00,1.290347765227e-05,1.290347765227e-05,0.000000000000e+00,27.9665
23,128,0.5000000000,0.2500000000,1.727785611597e-05,0.000000000000e+00,20000,22044,0.000000000000e+00,1.727785611597e-05,1.727785611597e-05,0.000000000000e+00,28.0933
23,129,0.5039062500,0.2539062500,6.304291482509e-06,0.000000000000e+00,20000,22044,0.000000000000e+00,6.304291482509e-06,6.304291482509e-06,0.000000000000e+00,27.6555
23,130,0.5078125000,0.2578125000,6.674370246358e-06,0.000000000000e+00,20000,22044,0.000000000000e+00,6.674370246358e-06,6.674370246358e-06,0.000000000000e+00,27.6803
23,131,0.5117187500,0.2617187500,4.628731893496e-06,0.000000000000e+00,20000,22044,0.000000000000e+00,4.628731893496e-06,4.628731893496e-06,0.000000000000e+00,27.5213
23,132,0.5156250000,0.2656250000,2.529255309684e-07,0.000000000000e+00,20000,22044,0.000000000000e+00,2.529255309684e-07,2.529255309684e-07,0.000000000000e+00,26.2588
23,133,0.5195312500,0.2695312500,1.450738312863e-06,0.000000000000e+00,20000,22044,0.000000000000e+00,1.450738312863e-06,1.450738312863e-06,0.000000000000e+00,27.0174
23,134,0.5234375000,0.2734375000,9.736686427580e-08,0.000000000000e+00,20000,22044,0.000000000000e+00,9.736686427580e-08,9.736686427580e-08,0.000000000000e+00,25.8443
23,135,0.5273437500,0.2773437500,3.673523758090e-07,0.000000000000e+00,20000,22044,0.000000000000e+00,3.673523758090e-07,3.673523758090e-07,0.000000000000e+00,26.4209
23,136,0.5312500000,0.2812500000,3.254534852328e-08,0.000000000000e+00,20000,22044,0.000000000000e+00,3.254534852328e-08,3.254534852328e-08,0.000000000000e+00,25.3683
23,137,0.5351562500,0.2851562500,7.242245419070e-08,0.000000000000e+00,20000,22044,0.000000000000e+00,7.242245419070e-08,7.242245419070e-08,0.000000000000e+00,25.7157
23,138,0.5390625000,0.2890625000,8.043488938496e-09,0.000000000000e+00,20000,22044,0.000000000000e+00,8.043488938496e-09,8.043488938496e-09,0.000000000000e+00,24.7613
23,139,0.5429687500,0.2929687500,1.037638195425e-08,0.000000000000e+00,20000,22044,0.000000000000e+00,1.037638195425e-08,1.037638195425e-08,0.000000000000e+00,24.8719
23,140,0.5468750000,0.2968750000,1.376489922511e-09,0.000000000000e+00,20000,22044,0.000000000000e+00,1.376489922511e-09,1.376489922511e-09,0.000000000000e+00,23.9946
23,141,0.5507812500,0.3007812500,9.545852415372e-10,0.000000000000e+00,20000,22044,0.000000000000e+00,9.545852415372e-10,9.545852415372e-10,0.000000000000e+00,23.8357
23,142,0.5546875000,0.3046875000,1.453634563837e-10,0.000000000000e+00,20000,22044,0.000000000000e+00,1.453634563837e-10,1.453634563837e-10,0.000000000000e+00,23.0183
23,143,0.5585937500,0.3085937500,4.202576535070e-11,0.000000000000e+00,20000,22044,0.000000000000e+00,4.202576535070e-11,4.202576535070e-11,0.000000000000e+00,22.4794
23,144,0.5625000000,0.3125000000,7.129370907707e-12,0.000000000000e+00,20000,22044,0.000000000000e+00,7.129370907707e-12,7.129370907707e-12,0.000000000000e+00,21.7089
24,0,0.0000000000,-0.2500000000,4.753505434142e-02,4.740000000000e-02,20000,22044,0.000000000000e+00,4.753505434142e-02,0.000000000000e+00,4.753505434142e-02,32.5347
24,1,0.0039062500,-0.2460937500,1.148839754103e-02,1.140000000000e-02,20000,22044,0.000000000000e+00,1.148839754103e-02,0.000000000000e+00,1.148839754103e-02,31.9179
24,2,0.0078125000,-0.2421875000,1.477954641869e-03,1.450000000000e-03,20000,22044,0.000000000000e+00,1.477954641869e-03,0.000000000000e+00,1.477954641869e-03,31.0273
24,3,0.0117187500,-0.2382812500,3.866287055740e-03,3.850000000000e-03,20000,22044,0.000000000000e+00,3.866287055740e-03,0.000000000000e+00,3.866287055740e-03,31.4449
24,4,0.0156250000,-0.2343750000,1.703797572040e-03,1.300000000000e-03,20000,22044,0.000000000000e+00,1.703797572040e-03,0.000000000000e+00,1.703797572040e-03,31.0891
24,5,0.0195312500,-0.2304687500,2.175679129523e-03,1.900000000000e-03,20000,22044,0.000000000000e+00,2.175679129523e-03,0.000000000000e+00,2.175679129523e-03,31.1952
24,6,0.0234375000,-0.2265625000,4.763233944436e-04,5.000000000000e-04,20000,22044,0.000000000000e+00,4.763233944436e-04,0.000000000000e+00,4.763233944436e-04,30.5355
24,7,0.0273437500,-0.2226562500,2.175715488806e-03,2.550000000000e-03,20000,22044,0.000000000000e+00,2.175715488806e-03,0.000000000000e+00,2.175715488806e-03,31.1953
24,8,0.0312500000,-0.2187500000,1.291064741412e-03,1.350000000000e-03,20000,22044,0.000000000000e+00,1.291064741412e-03,0.000000000000e+00,1.291064741412e-03,30.9686
24,9,0.0351562500,-0.2148437500,2.161409362405e-03,2.250000000000e-03,20000,22044,0.000000000000e+00,2.161409362405e-03,0.000000000000e+00,2.161409362405e-03,31.1924
24,10,0.0390625000,-0.2109375000,4.763410738994e-04,3.500000000000e-04,20000,22044,0.000000000000e+00,4.763410738994e-04,0.000000000000e+00,4.763410738994e-04,30.5356
24,11,0.0429687500,-0.2070312500,4.691736567021e-04,4.000000000000e-04,20000,22044,0.000000000000e+00,4.691736567021e-04,0.000000000000e+00,4.691736567021e-04,30.5290
24,12,0.0468750000,-0.2031250000,6.357155959202e-05,0.000000000000e+00,20000,22044,0.000000000000e+00,6.357155959202e-05,0.000000000000e+00,6.357155959202e-05,29.6609
24,13,0.0507812500,-0.1992187500,2.522829698515e-04,2.500000000000e-04,20000,22044,0.000000000000e+00,2.522829698515e-04,0.000000000000e+00,2.522829698515e-04,30.2595
24,14,0.0546875000,-0.1953125000,4.334498184469e-05,0.000000000000e+00,20000,22044,0.000000000000e+00,4.334498184469e-05,0.000000000000e+00,4.334498184469e-05,29.4946
24,15,0.0585937500,-0.1914062500,1.941659674520e-03,1.800000000000e-03,20000,22044,0.000000000000e+00,1.941659674520e-03,0.000000000000e+00,1.941659674520e-03,31.1458
24,16,0.0625000000,-0.1875000000,1.279002350976e-03,9.000000000000e-04,20000,22044,0.000000000000e+00,1.279002350976e-03,0.000000000000e+00,1.279002350976e-03,30.9645
24,17,0.0664062500,-0.1835937500,2.146173699898e-03,1.950000000000e-03,20000,22044,0.000000000000e+00,2.146173699898e-03,0.000000000000e+00,2.146173699898e-03,31.1893
24,18,0.0703125000,-0.1796875000,4.879409313910e-04,3.500000000000e-04,20000,22044,0.000000000000e+00,4.879409313910e-04,0.000000000000e+00,4.879409313910e-04,30.5460
24,19,0.0742187500,-0.1757812500,4.442121570934e-04,4.000000000000e-04,20000,22044,0.000000000000e+00,4.442121570934e-04,0.000000000000e+00,4.442121570934e-04,30.5052
24,20,0.0781250000,-0.1718750000,7.229516229873e-05,2.000000000000e-04,20000,22044,0.000000000000e+00,7.229516229873e-05,0.000000000000e+00,7.229516229873e-05,29.7168
24,21,0.0820312500,-0.1679687500,2.396243912567e-04,4.000000000000e-04,20000,22044,0.000000000000e+00,2.396243912567e-04,0.000000000000e+00,2.396243912567e-04,30.2372
24,22,0.0859375000,-0.1640625000,6.717658582993e-05,5.000000000000e-05,20000,22044,0.000000000000e+00,6.717658582993e-05,0.000000000000e+00,6.717658582993e-05,29.6849
24,23,0.0898437500,-0.1601562500,2.283686661351e-04,2.000000000000e-04,20000,22044,0.000000000000e+00,2.283686661351e-04,0.000000000000e+00,2.283686661351e-04,30.2163
24,24,0.0937500000,-0.1562500000,3.458081310194e-05,1.000000000000e-04,20000,22044,0.000000000000e+00,3.458081310194e-05,0.000000000000e+00,3.458081310194e-05,29.3965
24,25,0.0976562500,-0.1523437500,2.349016034272e-04,1.000000000000e-04,20000,22044,0.000000000000e+00,2.349016034272e-04,0.000000000000e+00,2.349016034272e-04,30.2285
24,26,0.1015625000,-0.1484375000,5.406765247724e-05,5.000000000000e-05,20000,22044,0.000000000000e+00,5.406765247724e-05,0.000000000000e+00,5.406765247724e-05,29.5906
24,27,0.1054687500,-0.1445312500,3.365686694777e-05,0.000000000000e+00,20000,22044,0.000000000000e+00,3.365686694777e-05,0.000000000000e+00,3.365686694777e-05,29.3847
24,28,0.1093750000,-0.1406250000,1.597597046730e-05,5.000000000000e-05,20000,22044,0.000000000000e+00,1.597597046730e-05,0.000000000000e+00,1.597597046730e-05,29.0611
24,29,0.1132812500,-0.1367187500,1.147989344877e-04,1.000000000000e-04,20000,22044,0.000000000000e+00,1.147989344877e-04,0.000000000000e+00,1.147989344877e-04,29.9176
24,30,0.1171875000,-0.1328125000,2.223232037772e-04,4.500000000000e-04,20000,22044,0.000000000000e+00,2.223232037772e-04,0.000000000000e+00,2.223232037772e-04,30.2046
24,31,0.1210937500,-0.1289062500,1.657193887964e-03,1.700000000000e-03,20000,22044,0.000000000000e+00,1.657193887964e-03,0.000000000000e+00,1.657193887964e-03,31.0770
24,32,0.1250000000,-0.1250000000,1.320136305867e-03,9.000000000000e-04,20000,22044,0.000000000000e+00,1.320136305867e-03,0.000000000000e+00,1.320136305867e-03,30.9783
24,33,0.1289062500,-0.1210937500,1.814383927798e-03,1.500000000000e-03,20000,22044,0.000000000000e+00,1.814383927798e-03,0.000000000000e+00,1.814383927798e-03,31.1164
24,34,0.1328125000,-0.1171875000,6.705110044473e-04,7.500000000000e-04,20000,22044,0.000000000000e+00,6.705110044473e-04,0.000000000000e+00,6.705110044473e-04,30.6841
24,35,0.1367187500,-0.1132812500,4.229758717096e-04,4.500000000000e-04,20000,22044,0.000000000000e+00,4.229758717096e-04,0.000000000000e+00,4.229758717096e-04,30.4840
24,36,0.1406250000,-0.1093750000,1.442956816204e-04,1.000000000000e-04,20000,22044,0.000000000000e+00,1.442956816204e-04,0.000000000000e+00,1.442956816204e-04,30.0169
24,37,0.1445312500,-0.1054687500,1.803311160700e-04,1.500000000000e-04,20000,22044,0.000000000000e+00,1.803311160700e-04,0.000000000000e+00,1.803311160700e-04,30.1137
24,38,0.1484375000,-0.1015625000,1.728329573579e-04,2.000000000000e-04,20000,22044,0.000000000000e+00,1.728329573579e-04,0.000000000000e+00,1.728329573579e-04,30.0953
24,39,0.1523437500,-0.0976562500,1.797027856578e-04,2.500000000000e-04,20000,22044,0.000000000000e+00,1.797027856578e-04,0.000000000000e+00,1.797027856578e-04,30.1122
24,40,0.1562500000,-0.0937500000,4.884988659393e-05,1.500000000000e-04,20000,22044,0.000000000000e+00,4.884988659393e-05,0.000000000000e+00,4.884988659393e-05,29.5465
24,41,0.1601562500,-0.0898437500,1.672480837942e-04,1.000000000000e-04,20000,22044,0.000000000000e+00,1.672480837942e-04,0.000000000000e+00,1.672480837942e-04,30.0810
24,42,0.1640625000,-0.0859375000,9.545694269182e-05,5.000000000000e-05,20000,22044,0.000000000000e+00,9.545694269182e-05,0.000000000000e+00,9.545694269182e-05,29.8375
24,43,0.1679687500,-0.0820312500,3.122333182763e-05,5.000000000000e-05,20000,22044,0.000000000000e+00,3.122333182763e-05,0.000000000000e+00,3.122333182763e-05,29.3521
24,44,0.1718750000,-0.0781250000,5.057376896360e-05,5.000000000000e-05,20000,22044,0.000000000000e+00,5.057376896360e-05,0.000000000000e+00,5.057376896360e-05,29.5616
24,45,0.1757812500,-0.0742187500,1.323500249603e-05,0.000000000000e+00,20000,22044,0.000000000000e+00,1.323500249603e-05,0.000000000000e+00,1.323500249603e-05,28.9794
24,46,0.1796875000,-0.0703125000,7.953819503127e-05,1.000000000000e-04,20000,22044,0.000000000000e+00,7.953819503127e-05,0.000000000000e+00,7.953819503127e-05,29.7582
24,47,0.1835937500,-0.0664062500,1.619307490153e-04,5.000000000000e-05,20000,22044,0.000000000000e+00,1.619307490153e-04,0.000000000000e+00,1.619307490153e-04,30.0670
24,48,0.1875000000,-0.0625000000,2.126628586748e-05,1.000000000000e-04,20000,22044,0.000000000000e+00,2.126628586748e-05,0.000000000000e+00,2.126628586748e-05,29.1853
24,49,0.1914062500,-0.0585937500,1.643868198953e-04,2.000000000000e-04,20000,22044,0.000000000000e+00,1.643868198953e-04,0.000000000000e+00,1.643868198953e-04,30.0735
24,50,0.1953125000,-0.0546875000,9.285114063699e-05,1.000000000000e-04,20000,22044,0.000000000000e+00,9.285114063699e-05,0.000000000000e+00,9.285114063699e-05,29.8254
24,51,0.1992187500,-0.0507812500,3.013027498156e-05,5.000000000000e-05,20000,22044,0.000000000000e+00,3.013027498156e-05,0.000000000000e+00,3.013027498156e-05,29.3367
24,52,0.2031250000,-0.0468750000,3.425052974909e-05,5.000000000000e-05,20000,22044,8.375496824322e-09,3.424215425227e-05,8.375496824322e-09,3.424215425227e-05,29.3923
24,53,0.2070312500,-0.0429687500,1.590728430198e-05,1.000000000000e-04,20000,22044,2.450431070887e-07,1.566224119489e-05,2.450431070887e-07,1.566224119489e-05,29.0592
24,54,0.2109375000,-0.0390625000,1.864244065387e-05,0.000000000000e+00,20000,22044,3.376277904746e-06,1.526616274913e-05,3.541945683441e-06,1.510049497043e-05,29.1282
24,55,0.2148437500,-0.0351562500,4.088998049883e-05,5.000000000000e-05,20000,22044,2.915589517744e-05,1.173408532139e-05,2.916765804866e-05,1.172232245017e-05,29.4693
24,56,0.2187500000,-0.0312500000,2.084229965693e-04,2.000000000000e-04,20000,22044,1.771625575018e-04,3.126043906753e-05,1.964647416848e-04,1.195825488452e-05,30.1766
24,57,0.2226562500,-0.0273437500,8.168041394800e-04,6.000000000000e-04,20000,22044,8.061709038614e-04,1.063323561865e-05,8.074819171519e-04,9.322222328115e-06,30.7698
24,58,0.2265625000,-0.0234375000,3.391248181713e-03,3.550000000000e-03,20000,22044,2.854577882309e-03,5.366702994034e-04,3.383949576255e-03,7.298605457797e-06,31.3880
24,59,0.2304687500,-0.0195312500,8.107156016559e-03,8.350000000000e-03,20000,22044,8.067764516797e-03,3.939149976190e-05,8.101855943414e-03,5.300073144774e-06,31.7665
24,60,0.2343750000,-0.0156250000,2.387714770715e-02,2.245000000000e-02,20000,22044,1.852164242305e-02,5.355505284107e-03,2.387463607595e-02,2.511631207999e-06,32.2356
24,61,0.2382812500,-0.0117187500,3.529577188712e-02,3.665000000000e-02,20000,22044,3.496711253909e-02,3.286593480312e-04,3.529335277438e-02,2.419112737050e-06,32.4054
24,62,0.2421875000,-0.0078125000,7.887290501443e-02,8.020000000000e-02,20000,22044,5.475113673883e-02,2.412176827560e-02,7.887251128309e-02,3.937313394313e-07,32.7546
24,63,0.2460937500,-0.0039062500,7.291777163072e-02,7.325000000000e-02,20000,22044,7.150108924313e-02,1.416682387593e-03,7.291706575121e-02,7.058795096847e-07,32.7205
24,64,0.2500000000,0.0000000000,1.239104172219e-01,1.267500000000e-01,20000,22044,7.812726777213e-02,4.578314944982e-02,1.239103301330e-01,8.708891983599e-08,32.9508
24,65,0.2539062500,0.0039062500,8.191019420019e-02,8.215000000000e-02,20000,22044,7.150108924313e-02,1.040910495707e-02,8.191006748391e-02,1.267162850019e-07,32.7710
24,66,0.2578125000,0.0078125000,9.492923637647e-02,9.595000000000e-02,20000,22044,5.475113673883e-02,4.017809963763e-02,9.492921766546e-02,1.871100319857e-08,32.8350
24,67,0.2617187500,0.0117187500,5.581050571948e-02,5.790000000000e-02,20000,22044,3.496711253909e-02,2.084339318040e-02,5.581049618204e-02,9.537441304358e-09,32.6044
24,68,0.2656250000,0.0156250000,4.866720443308e-02,4.870000000000e-02,20000,22044,1.852164242305e-02,3.014556201003e-02,4.866720276842e-02,1.664666304964e-09,32.5449
24,69,0.2695312500,0.0195312500,2.076811557513e-02,2.090000000000e-02,20000,22044,8.067764516797e-03,1.270035105834e-02,2.076811535089e-02,2.242470523080e-10,32.1750
24,70,0.2734375000,0.0234375000,3.072346531304e-02,2.940000000000e-02,20000,22044,2.854577882309e-03,2.786888743073e-02,3.072346526597e-02,4.707436249015e-11,32.3451
24,71,0.2773437500,0.0273437500,1.357137974028e-02,1.245000000000e-02,20000,22044,8.061709038614e-04,1.276520883642e-02,1.357137973943e-02,8.464671561453e-13,31.9903
24,72,0.2812500000,0.0312500000,1.326732169476e-02,1.340000000000e-02,20000,22044,1.771625575018e-04,1.309015913726e-02,1.326732169458e-02,1.836546351896e-13,31.9804
24,73,0.2851562500,0.0351562500,1.212596372487e-02,1.205000000000e-02,20000,22044,2.915589517744e-05,1.209680782970e-02,1.212596372487e-02,0.000000000000e+00,31.9414
24,74,0.2890625000,0.0390625000,1.291925333283e-02,1.270000000000e-02,20000,22044,3.376277904746e-06,1.291587705493e-02,1.291925333283e-02,0.000000000000e+00,31.9689
24,75,0.2929687500,0.0429687500,2.396562326836e-03,2.050000000000e-03,20000,22044,2.450431070887e-07,2.396317283729e-03,2.396562326836e-03,0.000000000000e+00,31.2372
24,76,0.2968750000,0.0468750000,1.847611432610e-02,1.870000000000e-02,20000,22044,8.375496824322e-09,1.847610595060e-02,1.847611432610e-02,0.000000000000e+00,32.1243
24,77,0.3007812500,0.0507812500,2.313185951291e-03,1.750000000000e-03,20000,22044,0.000000000000e+00,2.313185951291e-03,2.313185951291e-03,0.000000000000e+00,31.2219
24,78,0.3046875000,0.0546875000,1.179410435630e-02,1.145000000000e-02,20000,22044,0.000000000000e+00,1.179410435630e-02,1.179410435630e-02,0.000000000000e+00,31.9293
24,79,0.3085937500,0.0585937500,1.140052819447e-02,1.050000000000e-02,20000,22044,0.000000000000e+00,1.140052819447e-02,1.140052819447e-02,0.000000000000e+00,31.9146
24,80,0.3125000000,0.0625000000,1.948781734902e-03,1.450000000000e-03,20000,22044,0.000000000000e+00,1.948781734902e-03,1.948781734902e-03,0.000000000000e+00,31.1474
24,81,0.3164062500,0.0664062500,1.098707879534e-02,1.115000000000e-02,20000,22044,0.000000000000e+00,1.098707879534e-02,1.098707879534e-02,0.000000000000e+00,31.8985
24,82,0.3203125000,0.0703125000,8.808012377528e-03,9.000000000000e-03,20000,22044,0.000000000000e+00,8.808012377528e-03,8.808012377528e-03,0.000000000000e+00,31.8025
24,83,0.3242187500,0.0742187500,1.782018185278e-03,1.850000000000e-03,20000,22044,0.000000000000e+00,1.782018185278e-03,1.782018185278e-03,0.000000000000e+00,31.1086
24,84,0.3281250000,0.0781250000,1.078773545443e-02,9.750000000000e-03,20000,22044,0.000000000000e+00,1.078773545443e-02,1.078773545443e-02,0.000000000000e+00,31.8906
24,85,0.3320312500,0.0820312500,2.184858525087e-03,1.950000000000e-03,20000,22044,0.000000000000e+00,2.184858525087e-03,2.184858525087e-03,0.000000000000e+00,31.1971
24,86,0.3359375000,0.0859375000,4.292889697933e-03,4.700000000000e-03,20000,22044,0.000000000000e+00,4.292889697933e-03,4.292889697933e-03,0.000000000000e+00,31.4904
24,87,0.3398437500,0.0898437500,1.187489671413e-03,1.100000000000e-03,20000,22044,0.000000000000e+00,1.187489671413e-03,1.187489671413e-03,0.000000000000e+00,30.9323
24,88,0.3437500000,0.0937500000,2.463902537291e-03,2.450000000000e-03,20000,22044,0.000000000000e+00,2.463902537291e-03,2.463902537291e-03,0.000000000000e+00,31.2493
24,89,0.3476562500,0.0976562500,1.756366923594e-03,2.100000000000e-03,20000,22044,0.000000000000e+00,1.756366923594e-03,1.756366923594e-03,0.000000000000e+00,31.1023
24,90,0.3515625000,0.1015625000,1.350230770912e-03,1.650000000000e-03,20000,22044,0.000000000000e+00,1.350230770912e-03,1.350230770912e-03,0.000000000000e+00,30.9881
24,91,0.3554687500,0.1054687500,4.220041019041e-03,3.950000000000e-03,20000,22044,0.000000000000e+00,4.220041019041e-03,4.220041019041e-03,0.000000000000e+00,31.4830
24,92,0.3593750000,0.1093750000,5.105634064240e-03,4.400000000000e-03,20000,22044,0.000000000000e+00,5.105634064240e-03,5.105634064240e-03,0.000000000000e+00,31.5657
24,93,0.3632812500,0.1132812500,1.546500446247e-03,1.300000000000e-03,20000,22044,0.000000000000e+00,1.546500446247e-03,1.546500446247e-03,0.000000000000e+00,31.0470
24,94,0.3671875000,0.1171875000,8.812948187179e-03,8.000000000000e-03,20000,22044,0.000000000000e+00,8.812948187179e-03,8.812948187179e-03,0.000000000000e+00,31.8028
24,95,0.3710937500,0.1210937500,1.015100567963e-02,9.150000000000e-03,20000,22044,0.000000000000e+00,1.015100567963e-02,1.015100567963e-02,0.000000000000e+00,31.8642
24,96,0.3750000000,0.1250000000,1.664798927780e-03,1.900000000000e-03,20000,22044,0.000000000000e+00,1.664798927780e-03,1.664798927780e-03,0.000000000000e+00,31.0790
24,97,0.3789062500,0.1289062500,1.002967010289e-02,1.055000000000e-02,20000,22044,0.000000000000e+00,1.002967010289e-02,1.002967010289e-02,0.000000000000e+00,31.8589
24,98,0.3828125000,0.1328125000,8.550453391279e-03,8.250000000000e-03,20000,22044,0.000000000000e+00,8.550453391279e-03,8.550453391279e-03,0.000000000000e+00,31.7896
24,99,0.3867187500,0.1367187500,2.054657765920e-03,2.500000000000e-03,20000,22044,0.000000000000e+00,2.054657765920e-03,2.054657765920e-03,0.000000000000e+00,31.1704
24,100,0.3906250000,0.1406250000,8.365961949767e-03,9.100000000000e-03,20000,22044,0.000000000000e+00,8.365961949767e-03,8.365961949767e-03,0.000000000000e+00,31.7802
24,101,0.3945312500,0.1445312500,3.449427830193e-03,3.350000000000e-03,20000,22044,0.000000000000e+00,3.449427830193e-03,3.449427830193e-03,0.000000000000e+00,31.3954
24,102,0.3984375000,0.1484375000,2.577340527108e-03,2.750000000000e-03,20000,22044,0.000000000000e+00,2.577340527108e-03,2.577340527108e-03,0.000000000000e+00,31.2688
24,103,0.4023437500,0.1523437500,2.217535951456e-03,2.150000000000e-03,20000,22044,0.000000000000e+00,2.217535951456e-03,2.217535951456e-03,0.000000000000e+00,31.2035
24,104,0.4062500000,0.1562500000,2.243037035670e-03,2.150000000000e-03,20000,22044,0.000000000000e+00,2.243037035670e-03,2.243037035670e-03,0.000000000000e+00,31.2085
24,105,0.4101562500,0.1601562500,1.163445043655e-03,1.000000000000e-03,20000,22044,0.000000000000e+00,1.163445043655e-03,1.163445043655e-03,0.000000000000e+00,30.9234
24,106,0.4140625000,0.1640625000,1.194477799397e-03,1.300000000000e-03,20000,22044,0.000000000000e+00,1.194477799397e-03,1.194477799397e-03,0.000000000000e+00,30.9348
24,107,0.4179687500,0.1679687500,1.017660632368e-03,9.500000000000e-04,20000,22044,0.000000000000e+00,1.017660632368e-03,1.017660632368e-03,0.000000000000e+00,30.8653
24,108,0.4218750000,0.1718750000,1.406663718134e-03,1.150000000000e-03,20000,22044,0.000000000000e+00,1.406663718134e-03,1.406663718134e-03,0.000000000000e+00,31.0058
24,109,0.4257812500,0.1757812500,6.918880273829e-04,5.000000000000e-04,20000,22044,0.000000000000e+00,6.918880273829e-04,6.918880273829e-04,0.000000000000e+00,30.6977
24,110,0.4296875000,0.1796875000,1.024478242585e-03,1.100000000000e-03,20000,22044,0.000000000000e+00,1.024478242585e-03,1.024478242585e-03,0.000000000000e+00,30.8682
24,111,0.4335937500,0.1835937500,4.923636547092e-04,5.500000000000e-04,20000,22044,0.000000000000e+00,4.923636547092e-04,4.923636547092e-04,0.000000000000e+00,30.5499
24,112,0.4375000000,0.1875000000,1.024421491847e-03,1.200000000000e-03,20000,22044,0.000000000000e+00,1.024421491847e-03,1.024421491847e-03,0.000000000000e+00,30.8681
24,113,0.4414062500,0.1914062500,3.344855120745e-04,3.000000000000e-04,20000,22044,0.000000000000e+00,3.344855120745e-04,3.344855120745e-04,0.000000000000e+00,30.3820
24,114,0.4453125000,0.1953125000,9.911634695201e-04,1.100000000000e-03,20000,22044,0.000000000000e+00,9.911634695201e-04,9.911634695201e-04,0.000000000000e+00,30.8538
24,115,0.4492187500,0.1992187500,2.420234565155e-04,2.000000000000e-04,20000,22044,0.000000000000e+00,2.420234565155e-04,2.420234565155e-04,0.000000000000e+00,30.2415
24,116,0.4531250000,0.2031250000,7.204973533390e-04,6.000000000000e-04,20000,22044,0.000000000000e+00,7.204973533390e-04,7.204973533390e-04,0.000000000000e+00,30.7153
24,117,0.4570312500,0.2070312500,5.930938123355e-04,5.500000000000e-04,20000,22044,0.000000000000e+00,5.930938123355e-04,5.930938123355e-04,0.000000000000e+00,30.6308
24,118,0.4609375000,0.2109375000,1.065998424041e-04,2.500000000000e-04,20000,22044,0.000000000000e+00,1.065998424041e-04,1.065998424041e-04,0.000000000000e+00,29.8854
24,119,0.4648437500,0.2148437500,4.423581234172e-04,7.000000000000e-04,20000,22044,0.000000000000e+00,4.423581234172e-04,4.423581234172e-04,0.000000000000e+00,30.5034
24,120,0.4687500000,0.2187500000,2.066533919420e-05,5.000000000000e-05,20000,22044,0.000000000000e+00,2.066533919420e-05,2.066533919420e-05,0.000000000000e+00,29.1729
24,121,0.4726562500,0.2226562500,2.641812903792e-04,2.500000000000e-04,20000,22044,0.000000000000e+00,2.641812903792e-04,2.641812903792e-04,0.000000000000e+00,30.2796
24,122,0.4765625000,0.2265625000,5.101804663572e-05,1.000000000000e-04,20000,22044,0.000000000000e+00,5.101804663572e-05,5.101804663572e-05,0.000000000000e+00,29.5654
24,123,0.4804687500,0.2304687500,1.187231712189e-04,0.000000000000e+00,20000,22044,0.000000000000e+00,1.187231712189e-04,1.187231712189e-04,0.000000000000e+00,29.9322
24,124,0.4843750000,0.2343750000,3.051747385076e-05,5.000000000000e-05,20000,22044,0.000000000000e+00,3.051747385076e-05,3.051747385076e-05,0.000000000000e+00,29.3422
24,125,0.4882812500,0.2382812500,6.636164094524e-05,5.000000000000e-05,20000,22044,0.000000000000e+00,6.636164094524e-05,6.636164094524e-05,0.000000000000e+00,29.6796
24,126,0.4921875000,0.2421875000,2.111631773330e-05,1.000000000000e-04,20000,22044,0.000000000000e+00,2.111631773330e-05,2.111631773330e-05,0.000000000000e+00,29.1823
24,127,0.4960937500,0.2460937500,3.041993550919e-05,0.000000000000e+00,20000,22044,0.000000000000e+00,3.041993550919e-05,3.041993550919e-05,0.000000000000e+00,29.3408
24,128,0.5000000000,0.2500000000,1.140891151017e-05,0.000000000000e+00,20000,22044,0.000000000000e+00,1.140891151017e-05,1.140891151017e-05,0.000000000000e+00,28.9149
24,129,0.5039062500,0.2539062500,1.348007113985e-05,0.000000000000e+00,20000,22044,0.000000000000e+00,1.348007113985e-05,1.348007113985e-05,0.000000000000e+00,28.9873
24,130,0.5078125000,0.2578125000,8.799451047947e-06,0.000000000000e+00,20000,22044,0.000000000000e+00,8.799451047947e-06,8.799451047947e-06,0.000000000000e+00,28.8021
24,131,0.5117187500,0.2617187500,1.451565453921e-06,0.000000000000e+00,20000,22044,0.000000000000e+00,1.451565453921e-06,1.451565453921e-06,0.000000000000e+00,28.0195
24,132,0.5156250000,0.2656250000,3.510059883285e-06,0.000000000000e+00,20000,22044,0.000000000000e+00,3.510059883285e-06,3.510059883285e-06,0.000000000000e+00,28.4030
24,133,0.5195312500,0.2695312500,2.026815709673e-07,0.000000000000e+00,20000,22044,0.000000000000e+00,2.026815709673e-07,2.026815709673e-07,0.000000000000e+00,27.1645
24,134,0.5234375000,0.2734375000,1.046162980218e-06,0.000000000000e+00,20000,22044,0.000000000000e+00,1.046162980218e-06,1.046162980218e-06,0.000000000000e+00,27.8772
24,135,0.5273437500,0.2773437500,8.080946413560e-08,0.000000000000e+00,20000,22044,0.000000000000e+00,8.080946413560e-08,8.080946413560e-08,0.000000000000e+00,26.7651
24,136,0.5312500000,0.2812500000,2.526607002101e-07,0.000000000000e+00,20000,22044,0.000000000000e+00,2.526607002101e-07,2.526607002101e-07,0.000000000000e+00,27.2602
24,137,0.5351562500,0.2851562500,2.505483209883e-08,0.000000000000e+00,20000,22044,0.000000000000e+00,2.505483209883e-08,2.505483209883e-08,0.000000000000e+00,26.2565
24,138,0.5390625000,0.2890625000,4.735139936448e-08,0.000000000000e+00,20000,22044,0.000000000000e+00,4.735139936448e-08,4.735139936448e-08,0.000000000000e+00,26.5330
24,139,0.5429687500,0.2929687500,5.757269053488e-09,0.000000000000e+00,20000,22044,0.000000000000e+00,5.757269053488e-09,5.757269053488e-09,0.000000000000e+00,25.6179
24,140,0.5468750000,0.2968750000,6.428073733274e-09,0.000000000000e+00,20000,22044,0.000000000000e+00,6.428073733274e-09,6.428073733274e-09,0.000000000000e+00,25.6657
24,141,0.5507812500,0.3007812500,9.192278320695e-10,0.000000000000e+00,20000,22044,0.000000000000e+00,9.192278320695e-10,9.192278320695e-10,0.000000000000e+00,24.8211
24,142,0.5546875000,0.3046875000,5.589252410874e-10,0.000000000000e+00,20000,22044,0.000000000000e+00,5.589252410874e-10,5.589252410874e-10,0.000000000000e+00,24.6050
24,143,0.5585937500,0.3085937500,9.087729223435e-11,0.000000000000e+00,20000,22044,0.000000000000e+00,9.087729223435e-11,9.087729223435e-11,0.000000000000e+00,23.8161
24,144,0.5625000000,0.3125000000,2.322751844279e-11,0.000000000000e+00,20000,22044,0.000000000000e+00,2.322751844279e-11,2.322751844279e-11,0.000000000000e+00,23.2237
24,145,0.5664062500,0.3164062500,4.185138458161e-12,0.000000000000e+00,20000,22044,0.000000000000e+00,4.185138458161e-12,4.185138458161e-12,0.000000000000e+00,22.4794
25,0,0.0000000000,-0.2500000000,4.807147422548e-02,4.790000000000e-02,20000,22044,0.000000000000e+00,4.807147422548e-02,0.000000000000e+00,4.807147422548e-02,33.5218
25,1,0.0039062500,-0.2460937500,1.257946192904e-02,1.320000000000e-02,20000,22044,0.000000000000e+00,1.257946192904e-02,0.000000000000e+00,1.257946192904e-02,32.9396
25,2,0.0078125000,-0.2421875000,6.872341246087e-04,7.000000000000e-04,20000,22044,0.000000000000e+00,6.872341246087e-04,0.000000000000e+00,6.872341246087e-04,31.6770
25,3,0.0117187500,-0.2382812500,5.145568599604e-03,5.500000000000e-03,20000,22044,0.000000000000e+00,5.145568599604e-03,0.000000000000e+00,5.145568599604e-03,32.5514
25,4,0.0156250000,-0.2343750000,8.021661105205e-04,9.500000000000e-04,20000,22044,0.000000000000e+00,8.021661105205e-04,0.000000000000e+00,8.021661105205e-04,31.7442
25,5,0.0195312500,-0.2304687500,2.893107402556e-03,2.750000000000e-03,20000,22044,0.000000000000e+00,2.893107402556e-03,0.000000000000e+00,2.893107402556e-03,32.3013
25,6,0.0234375000,-0.2265625000,5.322553081851e-04,5.500000000000e-04,20000,22044,0.000000000000e+00,5.322553081851e-04,0.000000000000e+00,5.322553081851e-04,31.5660
25,7,0.0273437500,-0.2226562500,2.700762143228e-03,2.650000000000e-03,20000,22044,0.000000000000e+00,2.700762143228e-03,0.000000000000e+00,2.700762143228e-03,32.2714
25,8,0.0312500000,-0.2187500000,4.475161251778e-04,2.500000000000e-04,20000,22044,0.000000000000e+00,4.475161251778e-04,0.000000000000e+00,4.475161251778e-04,31.4907
25,9,0.0351562500,-0.2148437500,2.871860438045e-03,2.200000000000e-03,20000,22044,0.000000000000e+00,2.871860438045e-03,0.000000000000e+00,2.871860438045e-03,32.2981
25,10,0.0390625000,-0.2109375000,5.323737745507e-04,6.000000000000e-04,20000,22044,0.000000000000e+00,5.323737745507e-04,0.000000000000e+00,5.323737745507e-04,31.5661
25,11,0.0429687500,-0.2070312500,4.252803779489e-04,4.000000000000e-04,20000,22044,0.000000000000e+00,4.252803779489e-04,0.000000000000e+00,4.252803779489e-04,31.4686
25,12,0.0468750000,-0.2031250000,1.775918020099e-04,1.500000000000e-04,20000,22044,0.000000000000e+00,1.775918020099e-04,0.000000000000e+00,1.775918020099e-04,31.0893
25,13,0.0507812500,-0.1992187500,2.271809676933e-04,3.000000000000e-04,20000,22044,0.000000000000e+00,2.271809676933e-04,0.000000000000e+00,2.271809676933e-04,31.1963
25,14,0.0546875000,-0.1953125000,4.978304854469e-05,5.000000000000e-05,20000,22044,0.000000000000e+00,4.978304854469e-05,0.000000000000e+00,4.978304854469e-05,30.5370
25,15,0.0585937500,-0.1914062500,2.501543996000e-03,2.100000000000e-03,20000,22044,0.000000000000e+00,2.501543996000e-03,0.000000000000e+00,2.501543996000e-03,32.2381
25,16,0.0625000000,-0.1875000000,4.339854647725e-04,8.500000000000e-04,20000,22044,0.000000000000e+00,4.339854647725e-04,0.000000000000e+00,4.339854647725e-04,31.4774
25,17,0.0664062500,-0.1835937500,2.843009584379e-03,3.300000000000e-03,20000,22044,0.000000000000e+00,2.843009584379e-03,0.000000000000e+00,2.843009584379e-03,32.2937
25,18,0.0703125000,-0.1796875000,5.575135129142e-04,8.000000000000e-04,20000,22044,0.000000000000e+00,5.575135129142e-04,0.000000000000e+00,5.575135129142e-04,31.5862
25,19,0.0742187500,-0.1757812500,3.723293015046e-04,2.500000000000e-04,20000,22044,0.000000000000e+00,3.723293015046e-04,0.000000000000e+00,3.723293015046e-04,31.4108
25,20,0.0781250000,-0.1718750000,2.015154826459e-04,1.500000000000e-04,20000,22044,0.000000000000e+00,2.015154826459e-04,0.000000000000e+00,2.015154826459e-04,31.1442
25,21,0.0820312500,-0.1679687500,1.999232066384e-04,2.500000000000e-04,20000,22044,0.000000000000e+00,1.999232066384e-04,0.000000000000e+00,1.999232066384e-04,31.1408
25,22,0.0859375000,-0.1640625000,1.030523726654e-04,1.500000000000e-04,20000,22044,0.000000000000e+00,1.030523726654e-04,0.000000000000e+00,1.030523726654e-04,30.8530
25,23,0.0898437500,-0.1601562500,2.041927355806e-04,2.500000000000e-04,20000,22044,0.000000000000e+00,2.041927355806e-04,0.000000000000e+00,2.041927355806e-04,31.1500
25,24,0.0937500000,-0.1562500000,1.330524667664e-04,1.500000000000e-04,20000,22044,0.000000000000e+00,1.330524667664e-04,0.000000000000e+00,1.330524667664e-04,30.9639
25,25,0.0976562500,-0.1523437500,1.971887403078e-04,4.000000000000e-04,20000,22044,0.000000000000e+00,1.971887403078e-04,0.000000000000e+00,1.971887403078e-04,31.1348
25,26,0.1015625000,-0.1484375000,7.465488074439e-05,5.000000000000e-05,20000,22044,0.000000000000e+00,7.465488074439e-05,0.000000000000e+00,7.465488074439e-05,30.7130
25,27,0.1054687500,-0.1445312500,4.978413188831e-05,1.000000000000e-04,20000,22044,0.000000000000e+00,4.978413188831e-05,0.000000000000e+00,4.978413188831e-05,30.5370
25,28,0.1093750000,-0.1406250000,6.224337020997e-06,0.000000000000e+00,20000,22044,0.000000000000e+00,6.224337020997e-06,0.000000000000e+00,6.224337020997e-06,29.6340
25,29,0.1132812500,-0.1367187500,2.203201310277e-04,3.000000000000e-04,20000,22044,0.000000000000e+00,2.203201310277e-04,0.000000000000e+00,2.203201310277e-04,31.1830
25,30,0.1171875000,-0.1328125000,3.639540379213e-05,0.000000000000e+00,20000,22044,0.000000000000e+00,3.639540379213e-05,0.000000000000e+00,3.639540379213e-05,30.4010
25,31,0.1210937500,-0.1289062500,2.342173050235e-03,2.200000000000e-03,20000,22044,0.000000000000e+00,2.342173050235e-03,0.000000000000e+00,2.342173050235e-03,32.2095
25,32,0.1250000000,-0.1250000000,4.561713759385e-04,2.500000000000e-04,20000,22044,0.000000000000e+00,4.561713759385e-04,0.000000000000e+00,4.561713759385e-04,31.4990
25,33,0.1289062500,-0.1210937500,2.579802151145e-03,2.600000000000e-03,20000,22044,0.000000000000e+00,2.579802151145e-03,0.000000000000e+00,2.579802151145e-03,32.2515
25,34,0.1328125000,-0.1171875000,5.555293165114e-04,6.500000000000e-04,20000,22044,0.000000000000e+00,5.555293165114e-04,0.000000000000e+00,5.555293165114e-04,31.5846
25,35,0.1367187500,-0.1132812500,4.212502684514e-04,5.500000000000e-04,20000,22044,0.000000000000e+00,4.212502684514e-04,0.000000000000e+00,4.212502684514e-04,31.4645
25,36,0.1406250000,-0.1093750000,2.773031297336e-04,2.000000000000e-04,20000,22044,0.000000000000e+00,2.773031297336e-04,0.000000000000e+00,2.773031297336e-04,31.2829
25,37,0.1445312500,-0.1054687500,1.503844841338e-04,3.500000000000e-04,20000,22044,0.000000000000e+00,1.503844841338e-04,0.000000000000e+00,1.503844841338e-04,31.0171
25,38,0.1484375000,-0.1015625000,2.322834116207e-04,4.000000000000e-04,20000,22044,0.000000000000e+00,2.322834116207e-04,0.000000000000e+00,2.322834116207e-04,31.2059
25,39,0.1523437500,-0.0976562500,1.433147186961e-04,1.500000000000e-04,20000,22044,0.000000000000e+00,1.433147186961e-04,0.000000000000e+00,1.433147186961e-04,30.9962
25,40,0.1562500000,-0.0937500000,1.430752383072e-04,0.000000000000e+00,20000,22044,0.000000000000e+00,1.430752383072e-04,0.000000000000e+00,1.430752383072e-04,30.9955
25,41,0.1601562500,-0.0898437500,9.964405635035e-05,5.000000000000e-05,20000,22044,0.000000000000e+00,9.964405635035e-05,0.000000000000e+00,9.964405635035e-05,30.8384
25,42,0.1640625000,-0.0859375000,1.345912676133e-04,5.000000000000e-05,20000,22044,0.000000000000e+00,1.345912676133e-04,0.000000000000e+00,1.345912676133e-04,30.9689
25,43,0.1679687500,-0.0820312500,6.531678745675e-05,1.000000000000e-04,20000,22044,0.000000000000e+00,6.531678745675e-05,0.000000000000e+00,6.531678745675e-05,30.6549
25,44,0.1718750000,-0.0781250000,3.133129267440e-05,0.000000000000e+00,20000,22044,0.000000000000e+00,3.133129267440e-05,0.000000000000e+00,3.133129267440e-05,30.3359
25,45,0.1757812500,-0.0742187500,4.413294007410e-05,0.000000000000e+00,20000,22044,0.000000000000e+00,4.413294007410e-05,0.000000000000e+00,4.413294007410e-05,30.4847
25,46,0.1796875000,-0.0703125000,1.055380515978e-04,5.000000000000e-05,20000,22044,0.000000000000e+00,1.055380515978e-04,0.000000000000e+00,1.055380515978e-04,30.8633
25,47,0.1835937500,-0.0664062500,1.026352813757e-04,0.000000000000e+00,20000,22044,0.000000000000e+00,1.026352813757e-04,0.000000000000e+00,1.026352813757e-04,30.8512
25,48,0.1875000000,-0.0625000000,1.185937981778e-04,5.000000000000e-05,20000,22044,0.000000000000e+00,1.185937981778e-04,0.000000000000e+00,1.185937981778e-04,30.9140
25,49,0.1914062500,-0.0585937500,1.016168055718e-04,1.000000000000e-04,20000,22044,0.000000000000e+00,1.016168055718e-04,0.000000000000e+00,1.016168055718e-04,30.8469
25,50,0.1953125000,-0.0546875000,1.263459764843e-04,5.000000000000e-05,20000,22044,0.000000000000e+00,1.263459764843e-04,0.000000000000e+00,1.263459764843e-04,30.9415
25,51,0.1992187500,-0.0507812500,6.562775012806e-05,5.000000000000e-05,20000,22044,3.629381957207e-09,6.562412074610e-05,3.629381957207e-09,6.562412074610e-05,30.6570
25,52,0.2031250000,-0.0468750000,1.387040774988e-05,5.000000000000e-05,20000,22044,0.000000000000e+00,1.387040774988e-05,0.000000000000e+00,1.387040774988e-05,29.9820
25,53,0.2070312500,-0.0429687500,3.696901072834e-05,0.000000000000e+00,20000,22044,1.732531343088e-06,3.523647938525e-05,1.735148685846e-06,3.523386204249e-05,30.4078
25,54,0.2109375000,-0.0390625000,4.123457098079e-06,0.000000000000e+00,20000,22044,0.000000000000e+00,4.123457098079e-06,8.231390117956e-08,4.041143196899e-06,29.4552
25,55,0.2148437500,-0.0351562500,1.368904303659e-04,5.000000000000e-05,20000,22044,1.096797287807e-04,2.721070158526e-05,1.107471639339e-04,2.614326643201e-05,30.9763
25,56,0.2187500000,-0.0312500000,1.343459195488e-05,0.000000000000e+00,20000,22044,0.000000000000e+00,1.343459195488e-05,9.799638942541e-06,3.634953012335e-06,29.9681
25,57,0.2226562500,-0.0273437500,2.255348792297e-03,2.350000000000e-03,20000,22044,2.179180724500e-03,7.616806779637e-05,2.236234040168e-03,1.911475212914e-05,32.1931
25,58,0.2265625000,-0.0234375000,2.762658062807e-04,3.500000000000e-04,20000,22044,0.000000000000e+00,2.762658062807e-04,2.728764250143e-04,3.389381266418e-06,31.2812
25,59,0.2304687500,-0.0195312500,1.885040382696e-02,1.865000000000e-02,20000,22044,1.789334925383e-02,9.570545731227e-04,1.884107764224e-02,9.326184718436e-06,33.1152
25,60,0.2343750000,-0.0156250000,2.784522891641e-03,2.500000000000e-03,20000,22044,0.000000000000e+00,2.784522891641e-03,2.782220892268e-03,2.301999372981e-06,32.2847
25,61,0.2382812500,-0.0117187500,7.554752176926e-02,7.550000000000e-02,20000,22044,6.906915328358e-02,6.478368485672e-03,7.554471568112e-02,2.806088131588e-06,33.7181
25,62,0.2421875000,-0.0078125000,1.255032421685e-02,1.210000000000e-02,20000,22044,0.000000000000e+00,1.255032421685e-02,1.254911230623e-02,1.211910622099e-06,32.9386
25,63,0.2460937500,-0.0039062500,1.547365898936e-01,1.558000000000e-01,20000,22044,1.337985412548e-01,2.093804863878e-02,1.547361046744e-01,4.852191966357e-07,34.0295
25,64,0.2500000000,0.0000000000,2.698906292586e-02,2.500000000000e-02,20000,22044,0.000000000000e+00,2.698906292586e-02,2.698877900742e-02,2.839184453020e-07,33.2711
25,65,0.2539062500,0.0039062500,1.599350608063e-01,1.606500000000e-01,20000,22044,1.337985412548e-01,2.613651955146e-02,1.599349486222e-01,1.121840194093e-07,34.0439
25,66,0.2578125000,0.0078125000,3.391103760642e-02,3.355000000000e-02,20000,22044,0.000000000000e+00,3.391103760642e-02,3.391099971237e-02,3.789405177894e-08,33.3703
25,67,0.2617187500,0.0117187500,8.581191627511e-02,8.490000000000e-02,20000,22044,6.906915328358e-02,1.674276299153e-02,8.581190232922e-02,1.394589240310e-08,33.7735
25,68,0.2656250000,0.0156250000,3.103900843994e-02,3.255000000000e-02,20000,22044,0.000000000000e+00,3.103900843994e-02,3.103900630925e-02,2.130683465893e-09,33.3318
25,69,0.2695312500,0.0195312500,3.782890303849e-02,3.885000000000e-02,20000,22044,1.789334925383e-02,1.993555378465e-02,3.782890228221e-02,7.562817950423e-10,33.4177
25,70,0.2734375000,0.0234375000,2.308595763202e-02,2.140000000000e-02,20000,22044,0.000000000000e+00,2.308595763202e-02,2.308595759255e-02,3.947496753471e-11,33.2033
25,71,0.2773437500,0.0273437500,1.608420111170e-02,1.615000000000e-02,20000,22044,2.179180724500e-03,1.390502038720e-02,1.608420110030e-02,1.139167883296e-11,33.0463
25,72,0.2812500000,0.0312500000,1.705427601507e-02,1.750000000000e-02,20000,22044,0.000000000000e+00,1.705427601507e-02,1.705427601496e-02,1.096508771648e-13,33.0718
25,73,0.2851562500,0.0351562500,5.912161905578e-03,4.950000000000e-03,20000,22044,1.096797287807e-04,5.802482176798e-03,5.912161905569e-03,8.890611662014e-15,32.6117
25,74,0.2890625000,0.0390625000,1.276022928853e-02,1.255000000000e-02,20000,22044,0.000000000000e+00,1.276022928853e-02,1.276022928853e-02,0.000000000000e+00,32.9458
25,75,0.2929687500,0.0429687500,1.245008646499e-02,1.245000000000e-02,20000,22044,1.732531343088e-06,1.244835393365e-02,1.245008646499e-02,0.000000000000e+00,32.9351
25,76,0.2968750000,0.0468750000,8.489715028532e-03,8.050000000000e-03,20000,22044,0.000000000000e+00,8.489715028532e-03,8.489715028532e-03,0.000000000000e+00,32.7688
25,77,0.3007812500,0.0507812500,1.245669240485e-02,1.215000000000e-02,20000,22044,3.629381957207e-09,1.245668877547e-02,1.245669240485e-02,0.000000000000e+00,32.9353
25,78,0.3046875000,0.0546875000,1.056036048498e-02,1.135000000000e-02,20000,22044,0.000000000000e+00,1.056036048498e-02,1.056036048498e-02,0.000000000000e+00,32.8636
25,79,0.3085937500,0.0585937500,2.759201018731e-03,2.800000000000e-03,20000,22044,0.000000000000e+00,2.759201018731e-03,2.759201018731e-03,0.000000000000e+00,32.2807
25,80,0.3125000000,0.0625000000,1.248415299726e-02,1.170000000000e-02,20000,22044,0.000000000000e+00,1.248415299726e-02,1.248415299726e-02,0.000000000000e+00,32.9363
25,81,0.3164062500,0.0664062500,1.462606956228e-03,2.350000000000e-03,20000,22044,0.000000000000e+00,1.462606956228e-03,1.462606956228e-03,0.000000000000e+00,32.0050
25,82,0.3203125000,0.0703125000,1.037125616592e-02,1.090000000000e-02,20000,22044,0.000000000000e+00,1.037125616592e-02,1.037125616592e-02,0.000000000000e+00,32.8558
25,83,0.3242187500,0.0742187500,9.530067721233e-03,8.850000000000e-03,20000,22044,0.000000000000e+00,9.530067721233e-03,9.530067721233e-03,0.000000000000e+00,32.8190
25,84,0.3281250000,0.0781250000,5.054629551932e-03,4.850000000000e-03,20000,22044,0.000000000000e+00,5.054629551932e-03,5.054629551932e-03,0.000000000000e+00,32.5436
25,85,0.3320312500,0.0820312500,4.769560915656e-03,4.550000000000e-03,20000,22044,0.000000000000e+00,4.769560915656e-03,4.769560915656e-03,0.000000000000e+00,32.5184
25,86,0.3359375000,0.0859375000,3.247891025359e-03,3.600000000000e-03,20000,22044,0.000000000000e+00,3.247891025359e-03,3.247891025359e-03,0.000000000000e+00,32.3515
25,87,0.3398437500,0.0898437500,2.576775167607e-03,2.600000000000e-03,20000,22044,0.000000000000e+00,2.576775167607e-03,2.576775167607e-03,0.000000000000e+00,32.2510
25,88,0.3437500000,0.0937500000,1.765870089821e-03,1.450000000000e-03,20000,22044,0.000000000000e+00,1.765870089821e-03,1.765870089821e-03,0.000000000000e+00,32.0869
25,89,0.3476562500,0.0976562500,1.930827378672e-03,2.100000000000e-03,20000,22044,0.000000000000e+00,1.930827378672e-03,1.930827378672e-03,0.000000000000e+00,32.1257
25,90,0.3515625000,0.1015625000,3.288961141722e-03,3.300000000000e-03,20000,22044,0.000000000000e+00,3.288961141722e-03,3.288961141722e-03,0.000000000000e+00,32.3570
25,91,0.3554687500,0.1054687500,4.939528688002e-04,5.000000000000e-04,20000,22044,0.000000000000e+00,4.939528688002e-04,4.939528688002e-04,0.000000000000e+00,31.5336
25,92,0.3593750000,0.1093750000,5.501004820486e-03,5.800000000000e-03,20000,22044,0.000000000000e+00,5.501004820486e-03,5.501004820486e-03,0.000000000000e+00,32.5804
25,93,0.3632812500,0.1132812500,7.653516995537e-03,7.600000000000e-03,20000,22044,0.000000000000e+00,7.653516995537e-03,7.653516995537e-03,0.000000000000e+00,32.7238
25,94,0.3671875000,0.1171875000,8.039869748558e-03,9.050000000000e-03,20000,22044,0.000000000000e+00,8.039869748558e-03,8.039869748558e-03,0.000000000000e+00,32.7452
25,95,0.3710937500,0.1210937500,3.061825726528e-03,3.250000000000e-03,20000,22044,0.000000000000e+00,3.061825726528e-03,3.061825726528e-03,0.000000000000e+00,32.3259
25,96,0.3750000000,0.1250000000,1.018704181495e-02,1.055000000000e-02,20000,22044,0.000000000000e+00,1.018704181495e-02,1.018704181495e-02,0.000000000000e+00,32.8480
25,97,0.3789062500,0.1289062500,1.892868755140e-03,1.800000000000e-03,20000,22044,0.000000000000e+00,1.892868755140e-03,1.892868755140e-03,0.000000000000e+00,32.1170
25,98,0.3828125000,0.1328125000,9.626364086403e-03,9.800000000000e-03,20000,22044,0.000000000000e+00,9.626364086403e-03,9.626364086403e-03,0.000000000000e+00,32.8234
25,99,0.3867187500,0.1367187500,9.619637487396e-03,8.650000000000e-03,20000,22044,0.000000000000e+00,9.619637487396e-03,9.619637487396e-03,0.000000000000e+00,32.8231
25,100,0.3906250000,0.1406250000,3.897633104568e-03,4.150000000000e-03,20000,22044,0.000000000000e+00,3.897633104568e-03,3.897633104568e-03,0.000000000000e+00,32.4307
25,101,0.3945312500,0.1445312500,3.786535254628e-03,4.100000000000e-03,20000,22044,0.000000000000e+00,3.786535254628e-03,3.786535254628e-03,0.000000000000e+00,32.4182
25,102,0.3984375000,0.1484375000,2.683388882792e-03,2.750000000000e-03,20000,22044,0.000000000000e+00,2.683388882792e-03,2.683388882792e-03,0.000000000000e+00,32.2686
25,103,0.4023437500,0.1523437500,2.554806416441e-03,3.400000000000e-03,20000,22044,0.000000000000e+00,2.554806416441e-03,2.554806416441e-03,0.000000000000e+00,32.2473
25,104,0.4062500000,0.1562500000,1.864476735301e-03,1.600000000000e-03,20000,22044,0.000000000000e+00,1.864476735301e-03,1.864476735301e-03,0.000000000000e+00,32.1105
25,105,0.4101562500,0.1601562500,2.023669728597e-03,2.250000000000e-03,20000,22044,0.000000000000e+00,2.023669728597e-03,2.023669728597e-03,0.000000000000e+00,32.1461
25,106,0.4140625000,0.1640625000,1.205661221001e-03,1.550000000000e-03,20000,22044,0.000000000000e+00,1.205661221001e-03,1.205661221001e-03,0.000000000000e+00,31.9211
25,107,0.4179687500,0.1679687500,1.468381951356e-03,1.000000000000e-03,20000,22044,0.000000000000e+00,1.468381951356e-03,1.468381951356e-03,0.000000000000e+00,32.0068
25,108,0.4218750000,0.1718750000,5.468420331343e-04,5.500000000000e-04,20000,22044,0.000000000000e+00,5.468420331343e-04,5.468420331343e-04,0.000000000000e+00,31.5778
25,109,0.4257812500,0.1757812500,1.521928922445e-03,1.550000000000e-03,20000,22044,0.000000000000e+00,1.521928922445e-03,1.521928922445e-03,0.000000000000e+00,32.0223
25,110,0.4296875000,0.1796875000,6.517919070880e-04,4.500000000000e-04,20000,22044,0.000000000000e+00,6.517919070880e-04,6.517919070880e-04,0.000000000000e+00,31.6540
25,111,0.4335937500,0.1835937500,1.080246766326e-03,1.150000000000e-03,20000,22044,0.000000000000e+00,1.080246766326e-03,1.080246766326e-03,0.000000000000e+00,31.8734
25,112,0.4375000000,0.1875000000,4.348344583446e-04,3.500000000000e-04,20000,22044,0.000000000000e+00,4.348344583446e-04,4.348344583446e-04,0.000000000000e+00,31.4782
25,113,0.4414062500,0.1914062500,1.136414701617e-03,1.100000000000e-03,20000,22044,0.000000000000e+00,1.136414701617e-03,1.136414701617e-03,0.000000000000e+00,31.8955
25,114,0.4453125000,0.1953125000,2.604474977169e-04,5.000000000000e-05,20000,22044,0.000000000000e+00,2.604474977169e-04,2.604474977169e-04,0.000000000000e+00,31.2556
25,115,0.4492187500,0.1992187500,9.270907570427e-04,8.500000000000e-04,20000,22044,0.000000000000e+00,9.270907570427e-04,9.270907570427e-04,0.000000000000e+00,31.8070
25,116,0.4531250000,0.2031250000,2.748059139454e-04,2.000000000000e-04,20000,22044,0.000000000000e+00,2.748059139454e-04,2.748059139454e-04,0.000000000000e+00,31.2789
25,117,0.4570312500,0.2070312500,6.292258741404e-04,4.500000000000e-04,20000,22044,0.000000000000e+00,6.292258741404e-04,6.292258741404e-04,0.000000000000e+00,31.6387
25,118,0.4609375000,0.2109375000,6.092155251920e-04,7.000000000000e-04,20000,22044,0.000000000000e+00,6.092155251920e-04,6.092155251920e-04,0.000000000000e+00,31.6247
25,119,0.4648437500,0.2148437500,2.690986928876e-05,0.000000000000e+00,20000,22044,0.000000000000e+00,2.690986928876e-05,2.690986928876e-05,0.000000000000e+00,30.2698
25,120,0.4687500000,0.2187500000,3.869801545455e-04,4.500000000000e-04,20000,22044,0.000000000000e+00,3.869801545455e-04,3.869801545455e-04,0.000000000000e+00,31.4276
25,121,0.4726562500,0.2226562500,7.321943582288e-05,2.000000000000e-04,20000,22044,0.000000000000e+00,7.321943582288e-05,7.321943582288e-05,0.000000000000e+00,30.7045
25,122,0.4765625000,0.2265625000,1.792064626312e-04,1.500000000000e-04,20000,22044,0.000000000000e+00,1.792064626312e-04,1.792064626312e-04,0.000000000000e+00,31.0933
25,123,0.4804687500,0.2304687500,4.390321857992e-05,1.500000000000e-04,20000,22044,0.000000000000e+00,4.390321857992e-05,4.390321857992e-05,0.000000000000e+00,30.4824
25,124,0.4843750000,0.2343750000,1.055193667431e-04,5.000000000000e-05,20000,22044,0.000000000000e+00,1.055193667431e-04,1.055193667431e-04,0.000000000000e+00,30.8633
25,125,0.4882812500,0.2382812500,2.818309288974e-05,5.000000000000e-05,20000,22044,0.000000000000e+00,2.818309288974e-05,2.818309288974e-05,0.000000000000e+00,30.2899
25,126,0.4921875000,0.2421875000,5.563928135797e-05,5.000000000000e-05,20000,22044,0.000000000000e+00,5.563928135797e-05,5.563928135797e-05,0.000000000000e+00,30.5853
25,127,0.4960937500,0.2460937500,1.935656337084e-05,5.000000000000e-05,20000,22044,0.000000000000e+00,1.935656337084e-05,1.935656337084e-05,0.000000000000e+00,30.1267
25,128,0.5000000000,0.2500000000,2.431237048683e-05,5.000000000000e-05,20000,22044,0.000000000000e+00,2.431237048683e-05,2.431237048683e-05,0.000000000000e+00,30.2257
25,129,0.5039062500,0.2539062500,9.543128484997e-06,0.000000000000e+00,20000,22044,0.000000000000e+00,9.543128484997e-06,9.543128484997e-06,0.000000000000e+00,29.8196
25,130,0.5078125000,0.2578125000,1.024934151341e-05,5.000000000000e-05,20000,22044,0.000000000000e+00,1.024934151341e-05,1.024934151341e-05,0.000000000000e+00,29.8506
25,131,0.5117187500,0.2617187500,7.555933614589e-06,0.000000000000e+00,20000,22044,0.000000000000e+00,7.555933614589e-06,7.555933614589e-06,0.000000000000e+00,29.7182
25,132,0.5156250000,0.2656250000,4.335718362567e-07,0.000000000000e+00,20000,22044,0.000000000000e+00,4.335718362567e-07,4.335718362567e-07,0.000000000000e+00,28.4770
25,133,0.5195312500,0.2695312500,2.600672685911e-06,0.000000000000e+00,20000,22044,0.000000000000e+00,2.600672685911e-06,2.600672685911e-06,0.000000000000e+00,29.2550
25,134,0.5234375000,0.2734375000,1.750046255599e-07,0.000000000000e+00,20000,22044,0.000000000000e+00,1.750046255599e-07,1.750046255599e-07,0.000000000000e+00,28.0830
25,135,0.5273437500,0.2773437500,7.409204990941e-07,0.000000000000e+00,20000,22044,0.000000000000e+00,7.409204990941e-07,7.409204990941e-07,0.000000000000e+00,28.7097
25,136,0.5312500000,0.2812500000,6.501794838291e-08,0.000000000000e+00,20000,22044,0.000000000000e+00,6.501794838291e-08,6.501794838291e-08,0.000000000000e+00,27.6530
25,137,0.5351562500,0.2851562500,1.706080165384e-07,0.000000000000e+00,20000,22044,0.000000000000e+00,1.706080165384e-07,1.706080165384e-07,0.000000000000e+00,28.0719
25,138,0.5390625000,0.2890625000,1.875378394534e-08,0.000000000000e+00,20000,22044,0.000000000000e+00,1.875378394534e-08,1.875378394534e-08,0.000000000000e+00,27.1130
25,139,0.5429687500,0.2929687500,3.041250436007e-08,0.000000000000e+00,20000,22044,0.000000000000e+00,3.041250436007e-08,3.041250436007e-08,0.000000000000e+00,27.3230
25,140,0.5468750000,0.2968750000,4.064891402986e-09,0.000000000000e+00,20000,22044,0.000000000000e+00,4.064891402986e-09,4.064891402986e-09,0.000000000000e+00,26.4490
25,141,0.5507812500,0.3007812500,3.872640482715e-09,0.000000000000e+00,20000,22044,0.000000000000e+00,3.872640482715e-09,3.872640482715e-09,0.000000000000e+00,26.4279
25,142,0.5546875000,0.3046875000,6.011154225918e-10,0.000000000000e+00,20000,22044,0.000000000000e+00,6.011154225918e-10,6.011154225918e-10,0.000000000000e+00,25.6189
25,143,0.5585937500,0.3085937500,3.223739910860e-10,0.000000000000e+00,20000,22044,0.000000000000e+00,3.223739910860e-10,3.223739910860e-10,0.000000000000e+00,25.3483
25,144,0.5625000000,0.3125000000,5.580184610881e-11,0.000000000000e+00,20000,22044,0.000000000000e+00,5.580184610881e-11,5.580184610881e-11,0.000000000000e+00,24.5866
25,145,0.5664062500,0.3164062500,1.267374518208e-11,0.000000000000e+00,20000,22044,0.000000000000e+00,1.267374518208e-11,1.267374518208e-11,0.000000000000e+00,23.9428
25,146,0.5703125000,0.3203125000,2.419533171124e-12,0.000000000000e+00,20000,22044,0.000000000000e+00,2.419533171124e-12,2.419533171124e-12,0.000000000000e+00,23.2237
26,0,0.0000000000,-0.2500000000,4.853006402144e-02,5.105000000000e-02,20000,22044,0.000000000000e+00,4.853006402144e-02,0.000000000000e+00,4.853006402144e-02,34.4894
26,1,0.0039062500,-0.2460937500,1.290049735970e-02,1.265000000000e-02,20000,22044,0.000000000000e+00,1.290049735970e-02,0.000000000000e+00,1.290049735970e-02,33.9140
26,2,0.0078125000,-0.2421875000,1.693329882057e-03,2.000000000000e-03,20000,22044,0.000000000000e+00,1.693329882057e-03,0.000000000000e+00,1.693329882057e-03,33.0321
26,3,0.0117187500,-0.2382812500,4.366015590090e-03,3.750000000000e-03,20000,22044,0.000000000000e+00,4.366015590090e-03,0.000000000000e+00,4.366015590090e-03,33.4434
26,4,0.0156250000,-0.2343750000,1.971975213320e-03,1.650000000000e-03,20000,22044,0.000000000000e+00,1.971975213320e-03,0.000000000000e+00,1.971975213320e-03,33.0982
26,5,0.0195312500,-0.2304687500,2.485064304103e-03,2.450000000000e-03,20000,22044,0.000000000000e+00,2.485064304103e-03,0.000000000000e+00,2.485064304103e-03,33.1987
26,6,0.0234375000,-0.2265625000,5.916099568876e-04,5.000000000000e-04,20000,22044,0.000000000000e+00,5.916099568876e-04,0.000000000000e+00,5.916099568876e-04,32.5754
26,7,0.0273437500,-0.2226562500,2.484352721244e-03,2.300000000000e-03,20000,22044,0.000000000000e+00,2.484352721244e-03,0.000000000000e+00,2.484352721244e-03,33.1986
26,8,0.0312500000,-0.2187500000,1.467716368611e-03,1.200000000000e-03,20000,22044,0.000000000000e+00,1.467716368611e-03,0.000000000000e+00,1.467716368611e-03,32.9700
26,9,0.0351562500,-0.2148437500,2.465667089587e-03,2.350000000000e-03,20000,22044,0.000000000000e+00,2.465667089587e-03,0.000000000000e+00,2.465667089587e-03,33.1953
26,10,0.0390625000,-0.2109375000,5.916561045554e-04,5.000000000000e-04,20000,22044,0.000000000000e+00,5.916561045554e-04,0.000000000000e+00,5.916561045554e-04,32.5754
26,11,0.0429687500,-0.2070312500,5.814682846063e-04,6.500000000000e-04,20000,22044,0.000000000000e+00,5.814682846063e-04,0.000000000000e+00,5.814682846063e-04,32.5679
26,12,0.0468750000,-0.2031250000,8.729628182316e-05,1.500000000000e-04,20000,22044,0.000000000000e+00,8.729628182316e-05,0.000000000000e+00,8.729628182316e-05,31.7443
26,13,0.0507812500,-0.1992187500,3.150429788689e-04,1.000000000000e-04,20000,22044,0.000000000000e+00,3.150429788689e-04,0.000000000000e+00,3.150429788689e-04,32.3017
26,14,0.0546875000,-0.1953125000,6.017529048726e-05,1.000000000000e-04,20000,22044,0.000000000000e+00,6.017529048726e-05,0.000000000000e+00,6.017529048726e-05,31.5828
26,15,0.0585937500,-0.1914062500,2.194223351111e-03,2.200000000000e-03,20000,22044,0.000000000000e+00,2.194223351111e-03,0.000000000000e+00,2.194223351111e-03,33.1446
26,16,0.0625000000,-0.1875000000,1.453147153042e-03,1.400000000000e-03,20000,22044,0.000000000000e+00,1.453147153042e-03,0.000000000000e+00,1.453147153042e-03,32.9657
26,17,0.0664062500,-0.1835937500,2.442979638716e-03,2.300000000000e-03,20000,22044,0.000000000000e+00,2.442979638716e-03,0.000000000000e+00,2.442979638716e-03,33.1913
26,18,0.0703125000,-0.1796875000,6.085428685637e-04,9.500000000000e-04,20000,22044,0.000000000000e+00,6.085428685637e-04,0.000000000000e+00,6.085428685637e-04,32.5876
26,19,0.0742187500,-0.1757812500,5.456697484674e-04,8.000000000000e-04,20000,22044,0.000000000000e+00,5.456697484674e-04,0.000000000000e+00,5.456697484674e-04,32.5403
26,20,0.0781250000,-0.1718750000,9.943204884775e-05,5.000000000000e-05,20000,22044,0.000000000000e+00,9.943204884775e-05,0.000000000000e+00,9.943204884775e-05,31.8009
26,21,0.0820312500,-0.1679687500,2.966634291601e-04,3.500000000000e-04,20000,22044,0.000000000000e+00,2.966634291601e-04,0.000000000000e+00,2.966634291601e-04,32.2756
26,22,0.0859375000,-0.1640625000,9.384156224336e-05,5.000000000000e-05,20000,22044,0.000000000000e+00,9.384156224336e-05,0.000000000000e+00,9.384156224336e-05,31.7757
26,23,0.0898437500,-0.1601562500,2.829917140153e-04,3.000000000000e-04,20000,22044,0.000000000000e+00,2.829917140153e-04,0.000000000000e+00,2.829917140153e-04,32.2551
26,24,0.0937500000,-0.1562500000,4.779978293691e-05,5.000000000000e-05,20000,22044,0.000000000000e+00,4.779978293691e-05,0.000000000000e+00,4.779978293691e-05,31.4828
26,25,0.0976562500,-0.1523437500,2.894775388097e-04,2.000000000000e-04,20000,22044,0.000000000000e+00,2.894775388097e-04,0.000000000000e+00,2.894775388097e-04,32.2650
26,26,0.1015625000,-0.1484375000,7.478632562826e-05,5.000000000000e-05,20000,22044,0.000000000000e+00,7.478632562826e-05,0.000000000000e+00,7.478632562826e-05,31.6772
26,27,0.1054687500,-0.1445312500,4.662093671330e-05,1.000000000000e-04,20000,22044,0.000000000000e+00,4.662093671330e-05,0.000000000000e+00,4.662093671330e-05,31.4719
26,28,0.1093750000,-0.1406250000,2.313256014560e-05,0.000000000000e+00,20000,22044,0.000000000000e+00,2.313256014560e-05,0.000000000000e+00,2.313256014560e-05,31.1676
26,29,0.1132812500,-0.1367187500,1.554234471998e-04,5.000000000000e-05,20000,22044,0.000000000000e+00,1.554234471998e-04,0.000000000000e+00,1.554234471998e-04,31.9949
26,30,0.1171875000,-0.1328125000,2.816487767743e-04,5.000000000000e-04,20000,22044,0.000000000000e+00,2.816487767743e-04,0.000000000000e+00,2.816487767743e-04,32.2531
26,31,0.1210937500,-0.1289062500,1.834903345182e-03,1.450000000000e-03,20000,22044,0.000000000000e+00,1.834903345182e-03,0.000000000000e+00,1.834903345182e-03,33.0670
26,32,0.1250000000,-0.1250000000,1.499686845690e-03,1.550000000000e-03,20000,22044,0.000000000000e+00,1.499686845690e-03,0.000000000000e+00,1.499686845690e-03,32.9793
26,33,0.1289062500,-0.1210937500,2.024706285265e-03,2.100000000000e-03,20000,22044,0.000000000000e+00,2.024706285265e-03,0.000000000000e+00,2.024706285265e-03,33.1097
26,34,0.1328125000,-0.1171875000,8.203982434605e-04,7.500000000000e-04,20000,22044,0.000000000000e+00,8.203982434605e-04,0.000000000000e+00,8.203982434605e-04,32.7174
26,35,0.1367187500,-0.1132812500,5.273189445897e-04,3.500000000000e-04,20000,22044,0.000000000000e+00,5.273189445897e-04,0.000000000000e+00,5.273189445897e-04,32.5254
26,36,0.1406250000,-0.1093750000,1.939287628520e-04,2.500000000000e-04,20000,22044,0.000000000000e+00,1.939287628520e-04,0.000000000000e+00,1.939287628520e-04,32.0910
26,37,0.1445312500,-0.1054687500,2.223800823081e-04,4.000000000000e-04,20000,22044,0.000000000000e+00,2.223800823081e-04,0.000000000000e+00,2.223800823081e-04,32.1504
26,38,0.1484375000,-0.1015625000,2.242591064581e-04,1.500000000000e-04,20000,22044,0.000000000000e+00,2.242591064581e-04,0.000000000000e+00,2.242591064581e-04,32.1541
26,39,0.1523437500,-0.0976562500,2.220473397473e-04,2.500000000000e-04,20000,22044,0.000000000000e+00,2.220473397473e-04,0.000000000000e+00,2.220473397473e-04,32.1498
26,40,0.1562500000,-0.0937500000,6.849668217573e-05,5.000000000000e-05,20000,22044,0.000000000000e+00,6.849668217573e-05,0.000000000000e+00,6.849668217573e-05,31.6390
26,41,0.1601562500,-0.0898437500,2.045843613310e-04,1.500000000000e-04,20000,22044,0.000000000000e+00,2.045843613310e-04,0.000000000000e+00,2.045843613310e-04,32.1142
26,42,0.1640625000,-0.0859375000,1.232251303953e-04,1.000000000000e-04,20000,22044,0.000000000000e+00,1.232251303953e-04,0.000000000000e+00,1.232251303953e-04,31.8940
26,43,0.1679687500,-0.0820312500,4.293526782203e-05,5.000000000000e-05,20000,22044,0.000000000000e+00,4.293526782203e-05,0.000000000000e+00,4.293526782203e-05,31.4362
26,44,0.1718750000,-0.0781250000,7.188906143027e-05,5.000000000000e-05,20000,22044,0.000000000000e+00,7.188906143027e-05,0.000000000000e+00,7.188906143027e-05,31.6600
26,45,0.1757812500,-0.0742187500,1.937087839708e-05,0.000000000000e+00,20000,22044,0.000000000000e+00,1.937087839708e-05,0.000000000000e+00,1.937087839708e-05,31.0905
26,46,0.1796875000,-0.0703125000,1.031637108334e-04,5.000000000000e-05,20000,22044,0.000000000000e+00,1.031637108334e-04,0.000000000000e+00,1.031637108334e-04,31.8169
26,47,0.1835937500,-0.0664062500,1.982242631297e-04,3.000000000000e-04,20000,22044,0.000000000000e+00,1.982242631297e-04,0.000000000000e+00,1.982242631297e-04,32.1005
26,48,0.1875000000,-0.0625000000,2.910419025811e-05,5.000000000000e-05,20000,22044,0.000000000000e+00,2.910419025811e-05,0.000000000000e+00,2.910419025811e-05,31.2673
26,49,0.1914062500,-0.0585937500,1.996847153333e-04,2.000000000000e-04,20000,22044,0.000000000000e+00,1.996847153333e-04,0.000000000000e+00,1.996847153333e-04,32.1037
26,50,0.1953125000,-0.0546875000,1.194507074517e-04,5.000000000000e-05,20000,22044,0.000000000000e+00,1.194507074517e-04,0.000000000000e+00,1.194507074517e-04,31.8805
26,51,0.1992187500,-0.0507812500,4.101347491045e-05,0.000000000000e+00,20000,22044,1.564126952269e-09,4.101191078350e-05,1.564126952269e-09,4.101191078350e-05,31.4163
26,52,0.2031250000,-0.0468750000,4.828644948424e-05,5.000000000000e-05,20000,22044,5.053800482671e-08,4.823591147942e-05,5.172248931484e-08,4.823472699493e-05,31.4872
26,53,0.2070312500,-0.0429687500,2.311800665914e-05,0.000000000000e+00,20000,22044,7.714334871385e-07,2.234657317200e-05,7.715283977545e-07,2.234647826138e-05,31.1673
26,54,0.2109375000,-0.0390625000,2.931661630943e-05,0.000000000000e+00,20000,22044,7.405761476529e-06,2.191085483290e-05,7.974551578543e-06,2.134206473089e-05,31.2705
26,55,0.2148437500,-0.0351562500,6.660475820411e-05,0.000000000000e+00,20000,22044,5.021595340807e-05,1.638880479604e-05,5.025976680900e-05,1.634499139511e-05,31.6268
26,56,0.2187500000,-0.0312500000,3.090653924054e-04,1.000000000000e-04,20000,22044,2.560544315836e-04,5.301096082185e-05,2.924456921193e-04,1.661970028616e-05,32.2934
26,57,0.2226562500,-0.0273437500,1.036316571503e-03,7.500000000000e-04,20000,22044,1.020661414785e-03,1.565515671799e-05,1.023335444182e-03,1.298112732087e-05,32.8188
26,58,0.2265625000,-0.0234375000,4.010667171076e-03,4.900000000000e-03,20000,22044,3.263976215039e-03,7.466909560369e-04,4.000408052159e-03,1.025911891683e-05,33.4066
26,59,0.2304687500,-0.0195312500,8.586147878394e-03,1.065000000000e-02,20000,22044,8.527137861788e-03,5.901001660537e-05,8.578457015419e-03,7.690862974635e-06,33.7371
26,60,0.2343750000,-0.0156250000,2.468033459842e-02,2.455000000000e-02,20000,22044,1.843705483630e-02,6.243279762120e-03,2.467646297575e-02,3.871622672221e-06,34.1957
26,61,0.2382812500,-0.0117187500,3.371886138228e-02,3.535000000000e-02,20000,22044,3.330193029806e-02,4.169310842200e-04,3.371509508948e-02,3.766292804691e-06,34.3312
26,62,0.2421875000,-0.0078125000,7.599411512586e-02,7.400000000000e-02,20000,22044,5.058249750824e-02,2.541161761761e-02,7.599341834720e-02,6.967786599528e-07,34.6841
26,63,0.2460937500,-0.0039062500,6.652626906385e-02,6.710000000000e-02,20000,22044,6.489201982966e-02,1.634249234197e-03,6.652511190667e-02,1.157157183805e-06,34.6263
26,64,0.2500000000,0.0000000000,1.166785528681e-01,1.167500000000e-01,20000,22044,7.049139812934e-02,4.618715473876e-02,1.166783985952e-01,1.542729319674e-07,34.8703
26,65,0.2539062500,0.0039062500,7.547249405915e-02,7.755000000000e-02,20000,22044,6.489201982966e-02,1.058047422949e-02,7.547225827976e-02,2.357793824790e-07,34.6811
26,66,0.2578125000,0.0078125000,9.105480643328e-02,9.205000000000e-02,20000,22044,5.058249750824e-02,4.047230892503e-02,9.105476890602e-02,3.752726085499e-08,34.7626
26,67,0.2617187500,0.0117187500,5.439849719547e-02,5.465000000000e-02,20000,22044,3.330193029806e-02,2.109656689740e-02,5.439847460234e-02,2.259312994679e-08,34.5389
26,68,0.2656250000,0.0156250000,4.968616102855e-02,4.865000000000e-02,20000,22044,1.843705483630e-02,3.124910619226e-02,4.968615681350e-02,4.215053286950e-09,34.4996
26,69,0.2695312500,0.0195312500,2.164155718566e-02,2.135000000000e-02,20000,22044,8.527137861788e-03,1.311441932388e-02,2.164155636546e-02,8.202036213757e-10,34.1386
26,70,0.2734375000,0.0234375000,3.239672317112e-02,3.185000000000e-02,20000,22044,3.263976215039e-03,2.913274695608e-02,3.239672298979e-02,1.813343237019e-10,34.3138
26,71,0.2773437500,0.0273437500,1.422716191094e-02,1.430000000000e-02,20000,22044,1.020661414785e-03,1.320650049615e-02,1.422716190415e-02,6.787397957674e-12,33.9565
26,72,0.2812500000,0.0312500000,1.453612336013e-02,1.445000000000e-02,20000,22044,2.560544315836e-04,1.428006892855e-02,1.453612335822e-02,1.907901572644e-12,33.9658
26,73,0.2851562500,0.0351562500,1.254455323175e-02,1.105000000000e-02,20000,22044,5.021595340807e-05,1.249433727834e-02,1.254455323174e-02,5.964273653318e-15,33.9018
26,74,0.2890625000,0.0390625000,1.388500953437e-02,1.350000000000e-02,20000,22044,7.405761476529e-06,1.387760377289e-02,1.388500953437e-02,0.000000000000e+00,33.9459
26,75,0.2929687500,0.0429687500,2.762361457691e-03,3.200000000000e-03,20000,22044,7.714334871385e-07,2.761590024204e-03,2.762361457691e-03,0.000000000000e+00,33.2446
26,76,0.2968750000,0.0468750000,1.964819146141e-02,1.990000000000e-02,20000,22044,5.053800482671e-08,1.964814092340e-02,1.964819146141e-02,0.000000000000e+00,34.0967
26,77,0.3007812500,0.0507812500,2.681489854295e-03,2.500000000000e-03,20000,22044,1.564126952269e-09,2.681488290169e-03,2.681489854295e-03,0.000000000000e+00,33.2317
26,78,0.3046875000,0.0546875000,1.253772014306e-02,1.240000000000e-02,20000,22044,0.000000000000e+00,1.253772014306e-02,1.253772014306e-02,0.000000000000e+00,33.9016
26,79,0.3085937500,0.0585937500,1.172729816030e-02,1.215000000000e-02,20000,22044,0.000000000000e+00,1.172729816030e-02,1.172729816030e-02,0.000000000000e+00,33.8725
26,80,0.3125000000,0.0625000000,2.283441385063e-03,1.950000000000e-03,20000,22044,0.000000000000e+00,2.283441385063e-03,2.283441385063e-03,0.000000000000e+00,33.1619
26,81,0.3164062500,0.0664062500,1.125827046803e-02,1.290000000000e-02,20000,22044,0.000000000000e+00,1.125827046803e-02,1.125827046803e-02,0.000000000000e+00,33.8548
26,82,0.3203125000,0.0703125000,9.073724211085e-03,9.000000000000e-03,20000,22044,0.000000000000e+00,9.073724211085e-03,9.073724211085e-03,0.000000000000e+00,33.7611
26,83,0.3242187500,0.0742187500,1.988161757630e-03,1.650000000000e-03,20000,22044,0.000000000000e+00,1.988161757630e-03,1.988161757630e-03,0.000000000000e+00,33.1018
26,84,0.3281250000,0.0781250000,1.149598036938e-02,1.080000000000e-02,20000,22044,0.000000000000e+00,1.149598036938e-02,1.149598036938e-02,0.000000000000e+00,33.8639
26,85,0.3320312500,0.0820312500,2.507553048470e-03,2.150000000000e-03,20000,22044,0.000000000000e+00,2.507553048470e-03,2.507553048470e-03,0.000000000000e+00,33.2026
26,86,0.3359375000,0.0859375000,4.914807610442e-03,5.100000000000e-03,20000,22044,0.000000000000e+00,4.914807610442e-03,4.914807610442e-03,0.000000000000e+00,33.4949
26,87,0.3398437500,0.0898437500,1.407307330116e-03,1.350000000000e-03,20000,22044,0.000000000000e+00,1.407307330116e-03,1.407307330116e-03,0.000000000000e+00,32.9517
26,88,0.3437500000,0.0937500000,2.907300866402e-03,3.250000000000e-03,20000,22044,0.000000000000e+00,2.907300866402e-03,2.907300866402e-03,0.000000000000e+00,33.2668
26,89,0.3476562500,0.0976562500,2.076381943310e-03,2.100000000000e-03,20000,22044,0.000000000000e+00,2.076381943310e-03,2.076381943310e-03,0.000000000000e+00,33.1207
26,90,0.3515625000,0.1015625000,1.568488352932e-03,1.400000000000e-03,20000,22044,0.000000000000e+00,1.568488352932e-03,1.568488352932e-03,0.000000000000e+00,32.9988
26,91,0.3554687500,0.1054687500,4.702393304765e-03,4.950000000000e-03,20000,22044,0.000000000000e+00,4.702393304765e-03,4.702393304765e-03,0.000000000000e+00,33.4757
26,92,0.3593750000,0.1093750000,5.323434333530e-03,5.350000000000e-03,20000,22044,0.000000000000e+00,5.323434333530e-03,5.323434333530e-03,0.000000000000e+00,33.5295
26,93,0.3632812500,0.1132812500,1.833781903627e-03,1.450000000000e-03,20000,22044,0.000000000000e+00,1.833781903627e-03,1.833781903627e-03,0.000000000000e+00,33.0667
26,94,0.3671875000,0.1171875000,9.102961986136e-03,8.350000000000e-03,20000,22044,0.000000000000e+00,9.102961986136e-03,9.102961986136e-03,0.000000000000e+00,33.7625
26,95,0.3710937500,0.1210937500,1.030332588328e-02,9.550000000000e-03,20000,22044,0.000000000000e+00,1.030332588328e-02,1.030332588328e-02,0.000000000000e+00,33.8163
26,96,0.3750000000,0.1250000000,1.886652195937e-03,1.750000000000e-03,20000,22044,0.000000000000e+00,1.886652195937e-03,1.886652195937e-03,0.000000000000e+00,33.0790
26,97,0.3789062500,0.1289062500,1.013711928123e-02,1.055000000000e-02,20000,22044,0.000000000000e+00,1.013711928123e-02,1.013711928123e-02,0.000000000000e+00,33.8093
26,98,0.3828125000,0.1328125000,8.737742322377e-03,8.250000000000e-03,20000,22044,0.000000000000e+00,8.737742322377e-03,8.737742322377e-03,0.000000000000e+00,33.7447
26,99,0.3867187500,0.1367187500,2.287058113737e-03,2.000000000000e-03,20000,22044,0.000000000000e+00,2.287058113737e-03,2.287058113737e-03,0.000000000000e+00,33.1626
26,100,0.3906250000,0.1406250000,8.902736121308e-03,8.500000000000e-03,20000,22044,0.000000000000e+00,8.902736121308e-03,8.902736121308e-03,0.000000000000e+00,33.7529
26,101,0.3945312500,0.1445312500,3.759036529501e-03,4.000000000000e-03,20000,22044,0.000000000000e+00,3.759036529501e-03,3.759036529501e-03,0.000000000000e+00,33.3784
26,102,0.3984375000,0.1484375000,2.883683610655e-03,2.300000000000e-03,20000,22044,0.000000000000e+00,2.883683610655e-03,2.883683610655e-03,0.000000000000e+00,33.2633
26,103,0.4023437500,0.1523437500,2.574463016807e-03,2.600000000000e-03,20000,22044,0.000000000000e+00,2.574463016807e-03,2.574463016807e-03,0.000000000000e+00,33.2140
26,104,0.4062500000,0.1562500000,2.556768258307e-03,2.600000000000e-03,20000,22044,0.000000000000e+00,2.556768258307e-03,2.556768258307e-03,0.000000000000e+00,33.2110
26,105,0.4101562500,0.1601562500,1.414411477602e-03,1.750000000000e-03,20000,22044,0.000000000000e+00,1.414411477602e-03,1.414411477602e-03,0.000000000000e+00,32.9539
26,106,0.4140625000,0.1640625000,1.384508394189e-03,1.300000000000e-03,20000,22044,0.000000000000e+00,1.384508394189e-03,1.384508394189e-03,0.000000000000e+00,32.9446
26,107,0.4179687500,0.1679687500,1.251945366195e-03,1.150000000000e-03,20000,22044,0.000000000000e+00,1.251945366195e-03,1.251945366195e-03,0.000000000000e+00,32.9009
26,108,0.4218750000,0.1718750000,1.603106113252e-03,1.350000000000e-03,20000,22044,0.000000000000e+00,1.603106113252e-03,1.603106113252e-03,0.000000000000e+00,33.0083
26,109,0.4257812500,0.1757812500,8.401975581194e-04,9.000000000000e-04,20000,22044,0.000000000000e+00,8.401975581194e-04,8.401975581194e-04,0.000000000000e+00,32.7277
26,110,0.4296875000,0.1796875000,1.163621251379e-03,1.100000000000e-03,20000,22044,0.000000000000e+00,1.163621251379e-03,1.163621251379e-03,0.000000000000e+00,32.8692
26,111,0.4335937500,0.1835937500,6.152443490454e-04,4.000000000000e-04,20000,22044,0.000000000000e+00,6.152443490454e-04,6.152443490454e-04,0.000000000000e+00,32.5924
26,112,0.4375000000,0.1875000000,1.134198170259e-03,9.500000000000e-04,20000,22044,0.000000000000e+00,1.134198170259e-03,1.134198170259e-03,0.000000000000e+00,32.8580
26,113,0.4414062500,0.1914062500,4.235037215989e-04,3.500000000000e-04,20000,22044,0.000000000000e+00,4.235037215989e-04,4.235037215989e-04,0.000000000000e+00,32.4302
26,114,0.4453125000,0.1953125000,1.118404110882e-03,9.000000000000e-04,20000,22044,0.000000000000e+00,1.118404110882e-03,1.118404110882e-03,0.000000000000e+00,32.8519
26,115,0.4492187500,0.1992187500,2.990503954951e-04,3.500000000000e-04,20000,22044,0.000000000000e+00,2.990503954951e-04,2.990503954951e-04,0.000000000000e+00,32.2791
26,116,0.4531250000,0.2031250000,8.208753486994e-04,6.000000000000e-04,20000,22044,0.000000000000e+00,8.208753486994e-04,8.208753486994e-04,0.000000000000e+00,32.7176
26,117,0.4570312500,0.2070312500,7.014057246695e-04,6.500000000000e-04,20000,22044,0.000000000000e+00,7.014057246695e-04,7.014057246695e-04,0.000000000000e+00,32.6493
26,118,0.4609375000,0.2109375000,1.352274677829e-04,2.500000000000e-04,20000,22044,0.000000000000e+00,1.352274677829e-04,1.352274677829e-04,0.000000000000e+00,31.9344
26,119,0.4648437500,0.2148437500,5.449812503181e-04,6.000000000000e-04,20000,22044,0.000000000000e+00,5.449812503181e-04,5.449812503181e-04,0.000000000000e+00,32.5397
26,120,0.4687500000,0.2187500000,2.794104302465e-05,5.000000000000e-05,20000,22044,0.000000000000e+00,2.794104302465e-05,2.794104302465e-05,0.000000000000e+00,31.2496
26,121,0.4726562500,0.2226562500,3.361443900712e-04,2.000000000000e-04,20000,22044,0.000000000000e+00,3.361443900712e-04,3.361443900712e-04,0.000000000000e+00,32.3299
26,122,0.4765625000,0.2265625000,7.184011293507e-05,5.000000000000e-05,20000,22044,0.000000000000e+00,7.184011293507e-05,7.184011293507e-05,0.000000000000e+00,31.6597
26,123,0.4804687500,0.2304687500,1.511201843622e-04,1.500000000000e-04,20000,22044,0.000000000000e+00,1.511201843622e-04,1.511201843622e-04,0.000000000000e+00,31.9827
26,124,0.4843750000,0.2343750000,4.413802559908e-05,1.000000000000e-04,20000,22044,0.000000000000e+00,4.413802559908e-05,4.413802559908e-05,0.000000000000e+00,31.4482
26,125,0.4882812500,0.2382812500,8.633628828570e-05,1.500000000000e-04,20000,22044,0.000000000000e+00,8.633628828570e-05,8.633628828570e-05,0.000000000000e+00,31.7395
26,126,0.4921875000,0.2421875000,3.082330672297e-05,0.000000000000e+00,20000,22044,0.000000000000e+00,3.082330672297e-05,3.082330672297e-05,0.000000000000e+00,31.2922
26,127,0.4960937500,0.2460937500,4.075708075086e-05,0.000000000000e+00,20000,22044,0.000000000000e+00,4.075708075086e-05,4.075708075086e-05,0.000000000000e+00,31.4135
26,128,0.5000000000,0.2500000000,1.690036633439e-05,5.000000000000e-05,20000,22044,0.000000000000e+00,1.690036633439e-05,1.690036633439e-05,0.000000000000e+00,31.0312
26,129,0.5039062500,0.2539062500,1.926260668545e-05,0.000000000000e+00,20000,22044,0.000000000000e+00,1.926260668545e-05,1.926260668545e-05,0.000000000000e+00,31.0881
26,130,0.5078125000,0.2578125000,1.333155362552e-05,0.000000000000e+00,20000,22044,0.000000000000e+00,1.333155362552e-05,1.333155362552e-05,0.000000000000e+00,30.9282
26,131,0.5117187500,0.2617187500,2.381967127499e-06,0.000000000000e+00,20000,22044,0.000000000000e+00,2.381967127499e-06,2.381967127499e-06,0.000000000000e+00,30.1803
26,132,0.5156250000,0.2656250000,5.780850770663e-06,0.000000000000e+00,20000,22044,0.000000000000e+00,5.780850770663e-06,5.780850770663e-06,0.000000000000e+00,30.5653
26,133,0.5195312500,0.2695312500,3.413406043051e-07,0.000000000000e+00,20000,22044,0.000000000000e+00,3.413406043051e-07,3.413406043051e-07,0.000000000000e+00,29.3365
26,134,0.5234375000,0.2734375000,1.893596542647e-06,0.000000000000e+00,20000,22044,0.000000000000e+00,1.893596542647e-06,1.893596542647e-06,0.000000000000e+00,30.0806
26,135,0.5273437500,0.2773437500,1.463815209149e-07,0.000000000000e+00,20000,22044,0.000000000000e+00,1.463815209149e-07,1.463815209149e-07,0.000000000000e+00,28.9688
26,136,0.5312500000,0.2812500000,5.156200086055e-07,0.000000000000e+00,20000,22044,0.000000000000e+00,5.156200086055e-07,5.156200086055e-07,0.000000000000e+00,29.5157
26,137,0.5351562500,0.2851562500,5.076937629102e-08,0.000000000000e+00,20000,22044,0.000000000000e+00,5.076937629102e-08,5.076937629102e-08,0.000000000000e+00,28.5089
26,138,0.5390625000,0.2890625000,1.132307487524e-07,0.000000000000e+00,20000,22044,0.000000000000e+00,1.132307487524e-07,1.132307487524e-07,0.000000000000e+00,28.8573
26,139,0.5429687500,0.2929687500,1.367395515708e-08,0.000000000000e+00,20000,22044,0.000000000000e+00,1.367395515708e-08,1.367395515708e-08,0.000000000000e+00,27.9392
26,140,0.5468750000,0.2968750000,1.920376839622e-08,0.000000000000e+00,20000,22044,0.000000000000e+00,1.920376839622e-08,1.920376839622e-08,0.000000000000e+00,28.0867
26,141,0.5507812500,0.3007812500,2.777627171536e-09,0.000000000000e+00,20000,22044,0.000000000000e+00,2.777627171536e-09,2.777627171536e-09,0.000000000000e+00,27.2470
26,142,0.5546875000,0.3046875000,2.316839500166e-09,0.000000000000e+00,20000,22044,0.000000000000e+00,2.316839500166e-09,2.316839500166e-09,0.000000000000e+00,27.1682
26,143,0.5585937500,0.3085937500,3.901835083907e-10,0.000000000000e+00,20000,22044,0.000000000000e+00,3.901835083907e-10,3.901835083907e-10,0.000000000000e+00,26.3946
26,144,0.5625000000,0.3125000000,1.786017665164e-10,0.000000000000e+00,20000,22044,0.000000000000e+00,1.786017665164e-10,1.786017665164e-10,0.000000000000e+00,26.0552
26,145,0.5664062500,0.3164062500,3.839839737753e-11,0.000000000000e+00,20000,22044,0.000000000000e+00,3.839839737753e-11,3.839839737753e-11,0.000000000000e+00,25.3877
26,146,0.5703125000,0.3203125000,2.123841972616e-12,0.000000000000e+00,20000,22044,0.000000000000e+00,2.123841972616e-12,2.123841972616e-12,0.000000000000e+00,24.1305
26,147,0.5742187500,0.3242187500,1.378733785498e-12,0.000000000000e+00,20000,22044,0.000000000000e+00,1.378733785498e-12,1.378733785498e-12,0.000000000000e+00,23.9428
27,0,0.0000000000,-0.2500000000,4.891435185871e-02,4.815000000000e-02,20000,22044,0.000000000000e+00,4.891435185871e-02,0.000000000000e+00,4.891435185871e-02,35.4380
27,1,0.0039062500,-0.2460937500,1.401019333095e-02,1.460000000000e-02,20000,22044,0.000000000000e+00,1.401019333095e-02,0.000000000000e+00,1.401019333095e-02,34.8950
27,2,0.0078125000,-0.2421875000,8.396809910255e-04,7.000000000000e-04,20000,22044,0.000000000000e+00,8.396809910255e-04,0.000000000000e+00,8.396809910255e-04,33.6727
27,3,0.0117187500,-0.2382812500,5.736939918891e-03,5.400000000000e-03,20000,22044,0.000000000000e+00,5.736939918891e-03,0.000000000000e+00,5.736939918891e-03,34.5072
27,4,0.0156250000,-0.2343750000,9.856586776292e-04,1.000000000000e-03,20000,22044,0.000000000000e+00,9.856586776292e-04,0.000000000000e+00,9.856586776292e-04,33.7423
27,5,0.0195312500,-0.2304687500,3.261153344657e-03,3.750000000000e-03,20000,22044,0.000000000000e+00,3.261153344657e-03,0.000000000000e+00,3.261153344657e-03,34.2619
27,6,0.0234375000,-0.2265625000,6.543752989523e-04,8.500000000000e-04,20000,22044,0.000000000000e+00,6.543752989523e-04,0.000000000000e+00,6.543752989523e-04,33.5644
27,7,0.0273437500,-0.2226562500,3.032199841200e-03,2.650000000000e-03,20000,22044,0.000000000000e+00,3.032199841200e-03,0.000000000000e+00,3.032199841200e-03,34.2303
27,8,0.0312500000,-0.2187500000,5.552730038812e-04,7.000000000000e-04,20000,22044,0.000000000000e+00,5.552730038812e-04,0.000000000000e+00,5.552730038812e-04,33.4931
27,9,0.0351562500,-0.2148437500,3.232812157999e-03,3.800000000000e-03,20000,22044,0.000000000000e+00,3.232812157999e-03,0.000000000000e+00,3.232812157999e-03,34.2581
27,10,0.0390625000,-0.2109375000,6.546302218275e-04,6.000000000000e-04,20000,22044,0.000000000000e+00,6.546302218275e-04,0.000000000000e+00,6.546302218275e-04,33.5646
27,11,0.0429687500,-0.2070312500,5.253423947292e-04,3.000000000000e-04,20000,22044,0.000000000000e+00,5.253423947292e-04,0.000000000000e+00,5.253423947292e-04,33.4690
27,12,0.0468750000,-0.2031250000,2.239500821525e-04,2.000000000000e-04,20000,22044,0.000000000000e+00,2.239500821525e-04,0.000000000000e+00,2.239500821525e-04,33.0987
27,13,0.0507812500,-0.1992187500,2.830320905304e-04,3.000000000000e-04,20000,22044,0.000000000000e+00,2.830320905304e-04,0.000000000000e+00,2.830320905304e-04,33.2004
27,14,0.0546875000,-0.1953125000,6.750198185854e-05,5.000000000000e-05,20000,22044,0.000000000000e+00,6.750198185854e-05,0.000000000000e+00,6.750198185854e-05,32.5779
27,15,0.0585937500,-0.1914062500,2.787510826717e-03,3.250000000000e-03,20000,22044,0.000000000000e+00,2.787510826717e-03,0.000000000000e+00,2.787510826717e-03,34.1938
27,16,0.0625000000,-0.1875000000,5.385586668455e-04,4.500000000000e-04,20000,22044,0.000000000000e+00,5.385586668455e-04,0.000000000000e+00,5.385586668455e-04,33.4798
27,17,0.0664062500,-0.1835937500,3.192985193181e-03,3.000000000000e-03,20000,22044,0.000000000000e+00,3.192985193181e-03,0.000000000000e+00,3.192985193181e-03,34.2528
27,18,0.0703125000,-0.1796875000,6.882852691917e-04,1.150000000000e-03,20000,22044,0.000000000000e+00,6.882852691917e-04,0.000000000000e+00,6.882852691917e-04,33.5863
27,19,0.0742187500,-0.1757812500,4.537957469756e-04,4.000000000000e-04,20000,22044,0.000000000000e+00,4.537957469756e-04,0.000000000000e+00,4.537957469756e-04,33.4054
27,20,0.0781250000,-0.1718750000,2.558749332805e-04,3.000000000000e-04,20000,22044,0.000000000000e+00,2.558749332805e-04,0.000000000000e+00,2.558749332805e-04,33.1566
27,21,0.0820312500,-0.1679687500,2.456284296278e-04,1.500000000000e-04,20000,22044,0.000000000000e+00,2.456284296278e-04,0.000000000000e+00,2.456284296278e-04,33.1388
27,22,0.0859375000,-0.1640625000,1.398050959595e-04,2.000000000000e-04,20000,22044,0.000000000000e+00,1.398050959595e-04,0.000000000000e+00,1.398050959595e-04,32.8941
27,23,0.0898437500,-0.1601562500,2.522459837862e-04,2.000000000000e-04,20000,22044,0.000000000000e+00,2.522459837862e-04,0.000000000000e+00,2.522459837862e-04,33.1504
27,24,0.0937500000,-0.1562500000,1.642554484599e-04,1.000000000000e-04,20000,22044,0.000000000000e+00,1.642554484599e-04,0.000000000000e+00,1.642554484599e-04,32.9641
27,25,0.0976562500,-0.1523437500,2.413733439266e-04,2.000000000000e-04,20000,22044,0.000000000000e+00,2.413733439266e-04,0.000000000000e+00,2.413733439266e-04,33.1312
27,26,0.1015625000,-0.1484375000,1.007891538813e-04,5.000000000000e-05,20000,22044,0.000000000000e+00,1.007891538813e-04,0.000000000000e+00,1.007891538813e-04,32.7520
27,27,0.1054687500,-0.1445312500,6.778613173233e-05,0.000000000000e+00,20000,22044,0.000000000000e+00,6.778613173233e-05,0.000000000000e+00,6.778613173233e-05,32.5797
27,28,0.1093750000,-0.1406250000,9.282220241783e-06,0.000000000000e+00,20000,22044,0.000000000000e+00,9.282220241783e-06,0.000000000000e+00,9.282220241783e-06,31.7162
27,29,0.1132812500,-0.1367187500,2.841944374756e-04,4.000000000000e-04,20000,22044,0.000000000000e+00,2.841944374756e-04,0.000000000000e+00,2.841944374756e-04,33.2022
27,30,0.1171875000,-0.1328125000,5.374994674963e-05,0.000000000000e+00,20000,22044,0.000000000000e+00,5.374994674963e-05,0.000000000000e+00,5.374994674963e-05,32.4789
27,31,0.1210937500,-0.1289062500,2.585386385198e-03,2.950000000000e-03,20000,22044,0.000000000000e+00,2.585386385198e-03,0.000000000000e+00,2.585386385198e-03,34.1611
27,32,0.1250000000,-0.1250000000,5.553603325028e-04,6.500000000000e-04,20000,22044,0.000000000000e+00,5.553603325028e-04,0.000000000000e+00,5.553603325028e-04,33.4931
27,33,0.1289062500,-0.1210937500,2.862883278966e-03,2.450000000000e-03,20000,22044,0.000000000000e+00,2.862883278966e-03,0.000000000000e+00,2.862883278966e-03,34.2054
27,34,0.1328125000,-0.1171875000,6.717934735031e-04,6.000000000000e-04,20000,22044,0.000000000000e+00,6.717934735031e-04,0.000000000000e+00,6.717934735031e-04,33.5758
27,35,0.1367187500,-0.1132812500,5.275989498700e-04,7.000000000000e-04,20000,22044,0.000000000000e+00,5.275989498700e-04,0.000000000000e+00,5.275989498700e-04,33.4709
27,36,0.1406250000,-0.1093750000,3.484600448156e-04,4.000000000000e-04,20000,22044,0.000000000000e+00,3.484600448156e-04,0.000000000000e+00,3.484600448156e-04,33.2907
27,37,0.1445312500,-0.1054687500,1.904699390415e-04,2.000000000000e-04,20000,22044,0.000000000000e+00,1.904699390415e-04,0.000000000000e+00,1.904699390415e-04,33.0284
27,38,0.1484375000,-0.1015625000,2.901050792427e-04,2.000000000000e-04,20000,22044,0.000000000000e+00,2.901050792427e-04,0.000000000000e+00,2.901050792427e-04,33.2111
27,39,0.1523437500,-0.0976562500,1.809224005679e-04,2.500000000000e-04,20000,22044,0.000000000000e+00,1.809224005679e-04,0.000000000000e+00,1.809224005679e-04,33.0060
27,40,0.1562500000,-0.0937500000,1.788962823476e-04,3.000000000000e-04,20000,22044,0.000000000000e+00,1.788962823476e-04,0.000000000000e+00,1.788962823476e-04,33.0012
27,41,0.1601562500,-0.0898437500,1.221165420309e-04,1.000000000000e-04,20000,22044,0.000000000000e+00,1.221165420309e-04,0.000000000000e+00,1.221165420309e-04,32.8353
27,42,0.1640625000,-0.0859375000,1.693501334817e-04,1.500000000000e-04,20000,22044,0.000000000000e+00,1.693501334817e-04,0.000000000000e+00,1.693501334817e-04,32.9773
27,43,0.1679687500,-0.0820312500,8.726912979511e-05,0.000000000000e+00,20000,22044,0.000000000000e+00,8.726912979511e-05,0.000000000000e+00,8.726912979511e-05,32.6894
27,44,0.1718750000,-0.0781250000,4.536796958432e-05,5.000000000000e-05,20000,22044,0.000000000000e+00,4.536796958432e-05,0.000000000000e+00,4.536796958432e-05,32.4053
27,45,0.1757812500,-0.0742187500,6.048144755810e-05,5.000000000000e-05,20000,22044,0.000000000000e+00,6.048144755810e-05,0.000000000000e+00,6.048144755810e-05,32.5302
27,46,0.1796875000,-0.0703125000,1.315230426728e-04,1.000000000000e-04,20000,22044,0.000000000000e+00,1.315230426728e-04,0.000000000000e+00,1.315230426728e-04,32.8676
27,47,0.1835937500,-0.0664062500,1.268214889709e-04,0.000000000000e+00,20000,22044,0.000000000000e+00,1.268214889709e-04,0.000000000000e+00,1.268214889709e-04,32.8517
27,48,0.1875000000,-0.0625000000,1.443011696596e-04,1.500000000000e-04,20000,22044,0.000000000000e+00,1.443011696596e-04,0.000000000000e+00,1.443011696596e-04,32.9078
27,49,0.1914062500,-0.0585937500,1.240138904803e-04,1.000000000000e-04,20000,22044,0.000000000000e+00,1.240138904803e-04,0.000000000000e+00,1.240138904803e-04,32.8420
27,50,0.1953125000,-0.0546875000,1.575852068360e-04,1.500000000000e-04,20000,22044,0.000000000000e+00,1.575852068360e-04,0.000000000000e+00,1.575852068360e-04,32.9461
27,51,0.1992187500,-0.0507812500,8.761480860090e-05,5.000000000000e-05,20000,22044,2.338304074022e-08,8.759142556016e-05,2.338304074022e-08,8.759142556016e-05,32.6911
27,52,0.2031250000,-0.0468750000,2.021234143504e-05,0.000000000000e+00,20000,22044,0.000000000000e+00,2.021234143504e-05,5.771203509534e-10,2.021176431469e-05,32.0542
27,53,0.2070312500,-0.0429687500,5.253352761027e-05,0.000000000000e+00,20000,22044,4.039718418867e-06,4.849380919141e-05,4.057007910933e-06,4.847651969934e-05,32.4690
27,54,0.2109375000,-0.0390625000,6.478171982575e-06,0.000000000000e+00,20000,22044,0.000000000000e+00,6.478171982575e-06,2.841058892371e-07,6.194066093338e-06,31.5600
27,55,0.2148437500,-0.0351562500,2.056501543548e-04,1.500000000000e-04,20000,22044,1.675345111255e-04,3.811564322932e-05,1.701035565227e-04,3.554659783208e-05,33.0617
27,56,0.2187500000,-0.0312500000,2.405498767753e-05,0.000000000000e+00,20000,22044,0.000000000000e+00,2.405498767753e-05,1.853177347011e-05,5.523214207422e-06,32.1298
27,57,0.2226562500,-0.0273437500,2.730039545320e-03,2.750000000000e-03,20000,22044,2.613530369430e-03,1.165091758896e-04,2.704269398224e-03,2.577014709612e-05,34.1847
27,58,0.2265625000,-0.0234375000,3.851167022205e-04,4.000000000000e-04,20000,22044,0.000000000000e+00,3.851167022205e-04,3.800181119440e-04,5.098590276469e-06,33.3341
27,59,0.2304687500,-0.0195312500,1.970843304726e-02,2.155000000000e-02,20000,22044,1.849872234059e-02,1.209710706676e-03,1.969535337282e-02,1.307967444299e-05,35.0432
27,60,0.2343750000,-0.0156250000,3.244692607657e-03,3.600000000000e-03,20000,22044,0.000000000000e+00,3.244692607657e-03,3.241234064825e-03,3.458542832732e-06,34.2597
27,61,0.2382812500,-0.0117187500,7.256684089152e-02,7.530000000000e-02,20000,22044,6.541712484246e-02,7.149716049058e-03,7.256252470589e-02,4.316185625716e-06,35.6093
27,62,0.2421875000,-0.0078125000,1.320004733221e-02,1.280000000000e-02,20000,22044,0.000000000000e+00,1.320004733221e-02,1.319808775862e-02,1.959573594476e-06,34.8691
27,63,0.2460937500,-0.0039062500,1.431545546930e-01,1.442000000000e-01,20000,22044,1.216379308998e-01,2.151662379320e-02,1.431537782496e-01,7.764433955349e-07,35.9044
27,64,0.2500000000,0.0000000000,2.701839001478e-02,2.810000000000e-02,20000,22044,0.000000000000e+00,2.701839001478e-02,2.701790047845e-02,4.895363374399e-07,35.1802
27,65,0.2539062500,0.0039062500,1.480279328067e-01,1.500500000000e-01,20000,22044,1.216379308998e-01,2.639000190684e-02,1.480277338196e-01,1.989870269526e-07,35.9189
27,66,0.2578125000,0.0078125000,3.390342753067e-02,3.225000000000e-02,20000,22044,0.000000000000e+00,3.390342753067e-02,3.390335090495e-02,7.662572174974e-08,35.2788
27,67,0.2617187500,0.0117187500,8.276154670169e-02,8.260000000000e-02,20000,22044,6.541712484246e-02,1.734442185923e-02,8.276151748217e-02,2.921951812010e-08,35.6664
27,68,0.2656250000,0.0156250000,3.164067375222e-02,2.895000000000e-02,20000,22044,0.000000000000e+00,3.164067375222e-02,3.164066809730e-02,5.654913719178e-09,35.2488
27,69,0.2695312500,0.0195312500,3.935325949031e-02,3.725000000000e-02,20000,22044,1.849872234059e-02,2.085453714972e-02,3.935325741453e-02,2.075780235001e-09,35.3435
27,70,0.2734375000,0.0234375000,2.363867047044e-02,2.135000000000e-02,20000,22044,0.000000000000e+00,2.363867047044e-02,2.363867030627e-02,1.641661894396e-10,35.1222
27,71,0.2773437500,0.0273437500,1.749311832781e-02,1.730000000000e-02,20000,22044,2.613530369430e-03,1.487958795838e-02,1.749311827494e-02,5.286955657875e-11,34.9914
27,72,0.2812500000,0.0312500000,1.770219226154e-02,1.730000000000e-02,20000,22044,0.000000000000e+00,1.770219226154e-02,1.770219226052e-02,1.024170114900e-12,34.9966
27,73,0.2851562500,0.0351562500,6.782452057419e-03,7.050000000000e-03,20000,22044,1.675345111255e-04,6.614917546294e-03,6.782452057176e-03,2.430182435055e-13,34.5799
27,74,0.2890625000,0.0390625000,1.334414464335e-02,1.300000000000e-02,20000,22044,0.000000000000e+00,1.334414464335e-02,1.334414464335e-02,0.000000000000e+00,34.8738
27,75,0.2929687500,0.0429687500,1.333793937191e-02,1.240000000000e-02,20000,22044,4.039718418867e-06,1.333389965349e-02,1.333793937191e-02,0.000000000000e+00,34.8736
27,76,0.2968750000,0.0468750000,8.962553630757e-03,9.350000000000e-03,20000,22044,0.000000000000e+00,8.962553630757e-03,8.962553630757e-03,0.000000000000e+00,34.7010
27,77,0.3007812500,0.0507812500,1.333716301847e-02,1.370000000000e-02,20000,22044,2.338304074022e-08,1.333713963543e-02,1.333716301847e-02,0.000000000000e+00,34.8736
27,78,0.3046875000,0.0546875000,1.090711293246e-02,1.125000000000e-02,20000,22044,0.000000000000e+00,1.090711293246e-02,1.090711293246e-02,0.000000000000e+00,34.7863
27,79,0.3085937500,0.0585937500,3.198380196025e-03,3.200000000000e-03,20000,22044,0.000000000000e+00,3.198380196025e-03,3.198380196025e-03,0.000000000000e+00,34.2535
27,80,0.3125000000,0.0625000000,1.287118050952e-02,1.275000000000e-02,20000,22044,0.000000000000e+00,1.287118050952e-02,1.287118050952e-02,0.000000000000e+00,34.8582
27,81,0.3164062500,0.0664062500,1.691317866513e-03,1.750000000000e-03,20000,22044,0.000000000000e+00,1.691317866513e-03,1.691317866513e-03,0.000000000000e+00,33.9768
27,82,0.3203125000,0.0703125000,1.061648494521e-02,9.950000000000e-03,20000,22044,0.000000000000e+00,1.061648494521e-02,1.061648494521e-02,0.000000000000e+00,34.7745
27,83,0.3242187500,0.0742187500,9.966002178705e-03,9.800000000000e-03,20000,22044,0.000000000000e+00,9.966002178705e-03,9.966002178705e-03,0.000000000000e+00,34.7471
27,84,0.3281250000,0.0781250000,5.372895611500e-03,6.250000000000e-03,20000,22044,0.000000000000e+00,5.372895611500e-03,5.372895611500e-03,0.000000000000e+00,34.4788
27,85,0.3320312500,0.0820312500,5.298959695653e-03,5.200000000000e-03,20000,22044,0.000000000000e+00,5.298959695653e-03,5.298959695653e-03,0.000000000000e+00,34.4727
27,86,0.3359375000,0.0859375000,3.690817485737e-03,3.950000000000e-03,20000,22044,0.000000000000e+00,3.690817485737e-03,3.690817485737e-03,0.000000000000e+00,34.3157
27,87,0.3398437500,0.0898437500,3.038672709055e-03,3.600000000000e-03,20000,22044,0.000000000000e+00,3.038672709055e-03,3.038672709055e-03,0.000000000000e+00,34.2312
27,88,0.3437500000,0.0937500000,2.062434224610e-03,1.700000000000e-03,20000,22044,0.000000000000e+00,2.062434224610e-03,2.062434224610e-03,0.000000000000e+00,34.0629
27,89,0.3476562500,0.0976562500,2.255654682883e-03,1.950000000000e-03,20000,22044,0.000000000000e+00,2.255654682883e-03,2.255654682883e-03,0.000000000000e+00,34.1018
27,90,0.3515625000,0.1015625000,3.675679378435e-03,4.200000000000e-03,20000,22044,0.000000000000e+00,3.675679378435e-03,3.675679378435e-03,0.000000000000e+00,34.3139
27,91,0.3554687500,0.1054687500,6.250604593330e-04,3.500000000000e-04,20000,22044,0.000000000000e+00,6.250604593330e-04,6.250604593330e-04,0.000000000000e+00,33.5445
27,92,0.3593750000,0.1093750000,5.965235843431e-03,5.900000000000e-03,20000,22044,0.000000000000e+00,5.965235843431e-03,5.965235843431e-03,0.000000000000e+00,34.5242
27,93,0.3632812500,0.1132812500,7.970013821227e-03,7.000000000000e-03,20000,22044,0.000000000000e+00,7.970013821227e-03,7.970013821227e-03,0.000000000000e+00,34.6500
27,94,0.3671875000,0.1171875000,8.079919721542e-03,9.150000000000e-03,20000,22044,0.000000000000e+00,8.079919721542e-03,8.079919721542e-03,0.000000000000e+00,34.6560
27,95,0.3710937500,0.1210937500,3.431431160975e-03,3.250000000000e-03,20000,22044,0.000000000000e+00,3.431431160975e-03,3.431431160975e-03,0.000000000000e+00,34.2840
27,96,0.3750000000,0.1250000000,1.026566181057e-02,1.015000000000e-02,20000,22044,0.000000000000e+00,1.026566181057e-02,1.026566181057e-02,0.000000000000e+00,34.7599
27,97,0.3789062500,0.1289062500,2.100419284456e-03,1.550000000000e-03,20000,22044,0.000000000000e+00,2.100419284456e-03,2.100419284456e-03,0.000000000000e+00,34.0709
27,98,0.3828125000,0.1328125000,9.768677033547e-03,1.000000000000e-02,20000,22044,0.000000000000e+00,9.768677033547e-03,9.768677033547e-03,0.000000000000e+00,34.7384
27,99,0.3867187500,0.1367187500,1.003319470947e-02,9.300000000000e-03,20000,22044,0.000000000000e+00,1.003319470947e-02,1.003319470947e-02,0.000000000000e+00,34.7500
27,100,0.3906250000,0.1406250000,4.090781883173e-03,4.050000000000e-03,20000,22044,0.000000000000e+00,4.090781883173e-03,4.090781883173e-03,0.000000000000e+00,34.3604
27,101,0.3945312500,0.1445312500,4.210334399863e-03,5.150000000000e-03,20000,22044,0.000000000000e+00,4.210334399863e-03,4.210334399863e-03,0.000000000000e+00,34.3729
27,102,0.3984375000,0.1484375000,2.979779671052e-03,2.750000000000e-03,20000,22044,0.000000000000e+00,2.979779671052e-03,2.979779671052e-03,0.000000000000e+00,34.2227
27,103,0.4023437500,0.1523437500,2.851539886045e-03,3.300000000000e-03,20000,22044,0.000000000000e+00,2.851539886045e-03,2.851539886045e-03,0.000000000000e+00,34.2036
27,104,0.4062500000,0.1562500000,2.210931285424e-03,1.950000000000e-03,20000,22044,0.000000000000e+00,2.210931285424e-03,2.210931285424e-03,0.000000000000e+00,34.0931
27,105,0.4101562500,0.1601562500,2.309266996589e-03,2.900000000000e-03,20000,22044,0.000000000000e+00,2.309266996589e-03,2.309266996589e-03,0.000000000000e+00,34.1120
27,106,0.4140625000,0.1640625000,1.465345367936e-03,1.400000000000e-03,20000,22044,0.000000000000e+00,1.465345367936e-03,1.465345367936e-03,0.000000000000e+00,33.9145
27,107,0.4179687500,0.1679687500,1.660943796635e-03,1.600000000000e-03,20000,22044,0.000000000000e+00,1.660943796635e-03,1.660943796635e-03,0.000000000000e+00,33.9689
27,108,0.4218750000,0.1718750000,6.892227857509e-04,5.000000000000e-04,20000,22044,0.000000000000e+00,6.892227857509e-04,6.892227857509e-04,0.000000000000e+00,33.5869
27,109,0.4257812500,0.1757812500,1.728462340379e-03,1.700000000000e-03,20000,22044,0.000000000000e+00,1.728462340379e-03,1.728462340379e-03,0.000000000000e+00,33.9862
27,110,0.4296875000,0.1796875000,7.927288464994e-04,1.000000000000e-03,20000,22044,0.000000000000e+00,7.927288464994e-04,7.927288464994e-04,0.000000000000e+00,33.6477
27,111,0.4335937500,0.1835937500,1.202167862325e-03,7.500000000000e-04,20000,22044,0.000000000000e+00,1.202167862325e-03,1.202167862325e-03,0.000000000000e+00,33.8285
27,112,0.4375000000,0.1875000000,5.427619439531e-04,9.000000000000e-04,20000,22044,0.000000000000e+00,5.427619439531e-04,5.427619439531e-04,0.000000000000e+00,33.4832
27,113,0.4414062500,0.1914062500,1.268654363470e-03,1.300000000000e-03,20000,22044,0.000000000000e+00,1.268654363470e-03,1.268654363470e-03,0.000000000000e+00,33.8519
27,114,0.4453125000,0.1953125000,3.207388009363e-04,2.000000000000e-04,20000,22044,0.000000000000e+00,3.207388009363e-04,3.207388009363e-04,0.000000000000e+00,33.2547
27,115,0.4492187500,0.1992187500,1.046723098556e-03,1.550000000000e-03,20000,22044,0.000000000000e+00,1.046723098556e-03,1.046723098556e-03,0.000000000000e+00,33.7684
27,116,0.4531250000,0.2031250000,3.352595587080e-04,3.500000000000e-04,20000,22044,0.000000000000e+00,3.352595587080e-04,3.352595587080e-04,0.000000000000e+00,33.2739
27,117,0.4570312500,0.2070312500,7.213841508468e-04,6.000000000000e-04,20000,22044,0.000000000000e+00,7.213841508468e-04,7.213841508468e-04,0.000000000000e+00,33.6067
27,118,0.4609375000,0.2109375000,7.294748468961e-04,8.500000000000e-04,20000,22044,0.000000000000e+00,7.294748468961e-04,7.294748468961e-04,0.000000000000e+00,33.6116
27,119,0.4648437500,0.2148437500,3.618993571309e-05,1.000000000000e-04,20000,22044,0.000000000000e+00,3.618993571309e-05,3.618993571309e-05,0.000000000000e+00,32.3071
27,120,0.4687500000,0.2187500000,4.783691764772e-04,4.000000000000e-04,20000,22044,0.000000000000e+00,4.783691764772e-04,4.783691764772e-04,0.000000000000e+00,33.4283
27,121,0.4726562500,0.2226562500,9.718209207353e-05,1.500000000000e-04,20000,22044,0.000000000000e+00,9.718209207353e-05,9.718209207353e-05,0.000000000000e+00,32.7361
27,122,0.4765625000,0.2265625000,2.255994329254e-04,1.000000000000e-04,20000,22044,0.000000000000e+00,2.255994329254e-04,2.255994329254e-04,0.000000000000e+00,33.1019
27,123,0.4804687500,0.2304687500,6.149472463282e-05,0.000000000000e+00,20000,22044,0.000000000000e+00,6.149472463282e-05,6.149472463282e-05,0.000000000000e+00,32.5374
27,124,0.4843750000,0.2343750000,1.344050194602e-04,1.000000000000e-04,20000,22044,0.000000000000e+00,1.344050194602e-04,1.344050194602e-04,0.000000000000e+00,32.8770
27,125,0.4882812500,0.2382812500,4.018956681469e-05,0.000000000000e+00,20000,22044,0.000000000000e+00,4.018956681469e-05,4.018956681469e-05,0.000000000000e+00,32.3527
27,126,0.4921875000,0.2421875000,7.259736581356e-05,1.000000000000e-04,20000,22044,0.000000000000e+00,7.259736581356e-05,7.259736581356e-05,0.000000000000e+00,32.6095
27,127,0.4960937500,0.2460937500,2.802605334330e-05,0.000000000000e+00,20000,22044,0.000000000000e+00,2.802605334330e-05,2.802605334330e-05,0.000000000000e+00,32.1961
27,128,0.5000000000,0.2500000000,3.284892312223e-05,5.000000000000e-05,20000,22044,0.000000000000e+00,3.284892312223e-05,3.284892312223e-05,0.000000000000e+00,32.2651
27,129,0.5039062500,0.2539062500,1.394827134705e-05,1.000000000000e-04,20000,22044,0.000000000000e+00,1.394827134705e-05,1.394827134705e-05,0.000000000000e+00,31.8931
27,130,0.5078125000,0.2578125000,1.487418196620e-05,0.000000000000e+00,20000,22044,0.000000000000e+00,1.487418196620e-05,1.487418196620e-05,0.000000000000e+00,31.9210
27,131,0.5117187500,0.2617187500,1.162344421260e-05,0.000000000000e+00,20000,22044,0.000000000000e+00,1.162344421260e-05,1.162344421260e-05,0.000000000000e+00,31.8139
27,132,0.5156250000,0.2656250000,7.073986073658e-07,0.000000000000e+00,20000,22044,0.000000000000e+00,7.073986073658e-07,7.073986073658e-07,0.000000000000e+00,30.5982
27,133,0.5195312500,0.2695312500,4.321113023856e-06,0.000000000000e+00,20000,22044,0.000000000000e+00,4.321113023856e-06,4.321113023856e-06,0.000000000000e+00,31.3842
27,134,0.5234375000,0.2734375000,2.957100965004e-07,0.000000000000e+00,20000,22044,0.000000000000e+00,2.957100965004e-07,2.957100965004e-07,0.000000000000e+00,30.2194
27,135,0.5273437500,0.2773437500,1.355004851393e-06,0.000000000000e+00,20000,22044,0.000000000000e+00,1.355004851393e-06,1.355004851393e-06,0.000000000000e+00,30.8805
27,136,0.5312500000,0.2812500000,1.191905772558e-07,0.000000000000e+00,20000,22044,0.000000000000e+00,1.191905772558e-07,1.191905772558e-07,0.000000000000e+00,29.8248
27,137,0.5351562500,0.2851562500,3.524164195740e-07,0.000000000000e+00,20000,22044,0.000000000000e+00,3.524164195740e-07,3.524164195740e-07,0.000000000000e+00,30.2956
27,138,0.5390625000,0.2890625000,3.858036693242e-08,0.000000000000e+00,20000,22044,0.000000000000e+00,3.858036693242e-08,3.858036693242e-08,0.000000000000e+00,29.3349
27,139,0.5429687500,0.2929687500,7.389216129601e-08,0.000000000000e+00,20000,22044,0.000000000000e+00,7.389216129601e-08,7.389216129601e-08,0.000000000000e+00,29.6172
27,140,0.5468750000,0.2968750000,1.005199790939e-08,0.000000000000e+00,20000,22044,0.000000000000e+00,1.005199790939e-08,1.005199790939e-08,0.000000000000e+00,28.7508
27,141,0.5507812500,0.3007812500,1.161564954983e-08,0.000000000000e+00,20000,22044,0.000000000000e+00,1.161564954983e-08,1.161564954983e-08,0.000000000000e+00,28.8136
27,142,0.5546875000,0.3046875000,1.852904748997e-09,0.000000000000e+00,20000,22044,0.000000000000e+00,1.852904748997e-09,1.852904748997e-09,0.000000000000e+00,28.0164
27,143,0.5585937500,0.3085937500,1.370501407143e-09,0.000000000000e+00,20000,22044,0.000000000000e+00,1.370501407143e-09,1.370501407143e-09,0.000000000000e+00,27.8854
27,144,0.5625000000,0.3125000000,2.462334109188e-10,0.000000000000e+00,20000,22044,0.000000000000e+00,2.462334109188e-10,2.462334109188e-10,0.000000000000e+00,27.1399
27,145,0.5664062500,0.3164062500,9.930279239973e-11,0.000000000000e+00,20000,22044,0.000000000000e+00,9.930279239973e-11,9.930279239973e-11,0.000000000000e+00,26.7455
27,146,0.5703125000,0.3203125000,2.354968294552e-11,0.000000000000e+00,20000,22044,0.000000000000e+00,2.354968294552e-11,2.354968294552e-11,0.000000000000e+00,26.1205
27,147,0.5742187500,0.3242187500,1.097954684280e-13,0.000000000000e+00,20000,22044,0.000000000000e+00,1.097954684280e-13,1.097954684280e-13,0.000000000000e+00,23.7891
27,148,0.5781250000,0.3281250000,7.749452885258e-13,0.000000000000e+00,20000,22044,0.000000000000e+00,7.749452885258e-13,7.749452885258e-13,0.000000000000e+00,24.6378
28,0,0.0000000000,-0.2500000000,4.922775839508e-02,4.755000000000e-02,20000,22044,0.000000000000e+00,4.922775839508e-02,0.000000000000e+00,4.922775839508e-02,36.3684
28,1,0.0039062500,-0.2460937500,1.430010491213e-02,1.390000000000e-02,20000,22044,0.000000000000e+00,1.430010491213e-02,0.000000000000e+00,1.430010491213e-02,35.8315
28,2,0.0078125000,-0.2421875000,1.920444448925e-03,2.000000000000e-03,20000,22044,0.000000000000e+00,1.920444448925e-03,0.000000000000e+00,1.920444448925e-03,34.9595
28,3,0.0117187500,-0.2382812500,4.863238860363e-03,5.150000000000e-03,20000,22044,0.000000000000e+00,4.863238860363e-03,0.000000000000e+00,4.863238860363e-03,35.3631
28,4,0.0156250000,-0.2343750000,2.257530508095e-03,2.500000000000e-03,20000,22044,0.000000000000e+00,2.257530508095e-03,0.000000000000e+00,2.257530508095e-03,35.0298
28,5,0.0195312500,-0.2304687500,2.800507939125e-03,2.700000000000e-03,20000,22044,0.000000000000e+00,2.800507939125e-03,0.000000000000e+00,2.800507939125e-03,35.1234
28,6,0.0234375000,-0.2265625000,7.205307089223e-04,1.050000000000e-03,20000,22044,0.000000000000e+00,7.205307089223e-04,0.000000000000e+00,7.205307089223e-04,34.5338
28,7,0.0273437500,-0.2226562500,2.798737415819e-03,3.250000000000e-03,20000,22044,0.000000000000e+00,2.798737415819e-03,0.000000000000e+00,2.798737415819e-03,35.1231
28,8,0.0312500000,-0.2187500000,1.653643262336e-03,1.650000000000e-03,20000,22044,0.000000000000e+00,1.653643262336e-03,0.000000000000e+00,1.653643262336e-03,34.8946
28,9,0.0351562500,-0.2148437500,2.774874907689e-03,3.100000000000e-03,20000,22044,0.000000000000e+00,2.774874907689e-03,0.000000000000e+00,2.774874907689e-03,35.1194
28,10,0.0390625000,-0.2109375000,7.206303596523e-04,4.000000000000e-04,20000,22044,0.000000000000e+00,7.206303596523e-04,0.000000000000e+00,7.206303596523e-04,34.5339
28,11,0.0429687500,-0.2070312500,7.066380667897e-04,7.500000000000e-04,20000,22044,0.000000000000e+00,7.066380667897e-04,0.000000000000e+00,7.066380667897e-04,34.5253
28,12,0.0468750000,-0.2031250000,1.165128856284e-04,1.500000000000e-04,20000,22044,0.000000000000e+00,1.165128856284e-04,0.000000000000e+00,1.165128856284e-04,33.7425
28,13,0.0507812500,-0.1992187500,3.859347809027e-04,6.000000000000e-04,20000,22044,0.000000000000e+00,3.859347809027e-04,0.000000000000e+00,3.859347809027e-04,34.2627
28,14,0.0546875000,-0.1953125000,8.133220358372e-05,5.000000000000e-05,20000,22044,0.000000000000e+00,8.133220358372e-05,0.000000000000e+00,8.133220358372e-05,33.5864
28,15,0.0585937500,-0.1914062500,2.445930195930e-03,2.050000000000e-03,20000,22044,0.000000000000e+00,2.445930195930e-03,0.000000000000e+00,2.445930195930e-03,35.0646
28,16,0.0625000000,-0.1875000000,1.636348198926e-03,2.100000000000e-03,20000,22044,0.000000000000e+00,1.636348198926e-03,0.000000000000e+00,1.636348198926e-03,34.8900
28,17,0.0664062500,-0.1835937500,2.742620967434e-03,2.250000000000e-03,20000,22044,0.000000000000e+00,2.742620967434e-03,0.000000000000e+00,2.742620967434e-03,35.1143
28,18,0.0703125000,-0.1796875000,7.439960766627e-04,9.000000000000e-04,20000,22044,0.000000000000e+00,7.439960766627e-04,0.000000000000e+00,7.439960766627e-04,34.5477
28,19,0.0742187500,-0.1757812500,6.577216375646e-04,6.000000000000e-04,20000,22044,0.000000000000e+00,6.577216375646e-04,0.000000000000e+00,6.577216375646e-04,34.4942
28,20,0.0781250000,-0.1718750000,1.326017678500e-04,5.000000000000e-05,20000,22044,0.000000000000e+00,1.326017678500e-04,0.000000000000e+00,1.326017678500e-04,33.7987
28,21,0.0820312500,-0.1679687500,3.604363785804e-04,2.500000000000e-04,20000,22044,0.000000000000e+00,3.604363785804e-04,0.000000000000e+00,3.604363785804e-04,34.2330
28,22,0.0859375000,-0.1640625000,1.266469339035e-04,1.500000000000e-04,20000,22044,0.000000000000e+00,1.266469339035e-04,0.000000000000e+00,1.266469339035e-04,33.7787
28,23,0.0898437500,-0.1601562500,3.443105525942e-04,5.000000000000e-04,20000,22044,0.000000000000e+00,3.443105525942e-04,0.000000000000e+00,3.443105525942e-04,34.2131
28,24,0.0937500000,-0.1562500000,6.425059611587e-05,2.500000000000e-04,20000,22044,0.000000000000e+00,6.425059611587e-05,0.000000000000e+00,6.425059611587e-05,33.4840
28,25,0.0976562500,-0.1523437500,3.499851758677e-04,3.000000000000e-04,20000,22044,0.000000000000e+00,3.499851758677e-04,0.000000000000e+00,3.499851758677e-04,34.2202
28,26,0.1015625000,-0.1484375000,1.002099094276e-04,1.000000000000e-04,20000,22044,0.000000000000e+00,1.002099094276e-04,0.000000000000e+00,1.002099094276e-04,33.6771
28,27,0.1054687500,-0.1445312500,6.282057442197e-05,5.000000000000e-05,20000,22044,0.000000000000e+00,6.282057442197e-05,0.000000000000e+00,6.282057442197e-05,33.4742
28,28,0.1093750000,-0.1406250000,3.258877304499e-05,0.000000000000e+00,20000,22044,0.000000000000e+00,3.258877304499e-05,0.000000000000e+00,3.258877304499e-05,33.1892
28,29,0.1132812500,-0.1367187500,2.019113831300e-04,5.000000000000e-05,20000,22044,0.000000000000e+00,2.019113831300e-04,0.000000000000e+00,2.019113831300e-04,33.9813
28,30,0.1171875000,-0.1328125000,3.476190717072e-04,2.500000000000e-04,20000,22044,0.000000000000e+00,3.476190717072e-04,0.000000000000e+00,3.476190717072e-04,34.2173
28,31,0.1210937500,-0.1289062500,2.006070348877e-03,2.150000000000e-03,20000,22044,0.000000000000e+00,2.006070348877e-03,0.000000000000e+00,2.006070348877e-03,34.9785
28,32,0.1250000000,-0.1250000000,1.687055582275e-03,1.700000000000e-03,20000,22044,0.000000000000e+00,1.687055582275e-03,0.000000000000e+00,1.687055582275e-03,34.9033
28,33,0.1289062500,-0.1210937500,2.231200049909e-03,2.100000000000e-03,20000,22044,0.000000000000e+00,2.231200049909e-03,0.000000000000e+00,2.231200049909e-03,35.0247
28,34,0.1328125000,-0.1171875000,9.819632822839e-04,9.500000000000e-04,20000,22044,0.000000000000e+00,9.819632822839e-04,0.000000000000e+00,9.819632822839e-04,34.6682
28,35,0.1367187500,-0.1132812500,6.429810699393e-04,4.000000000000e-04,20000,22044,0.000000000000e+00,6.429810699393e-04,0.000000000000e+00,6.429810699393e-04,34.4843
28,36,0.1406250000,-0.1093750000,2.530107875702e-04,2.000000000000e-04,20000,22044,0.000000000000e+00,2.530107875702e-04,0.000000000000e+00,2.530107875702e-04,34.0793
28,37,0.1445312500,-0.1054687500,2.698885024085e-04,2.500000000000e-04,20000,22044,0.000000000000e+00,2.698885024085e-04,0.000000000000e+00,2.698885024085e-04,34.1073
28,38,0.1484375000,-0.1015625000,2.835586282053e-04,2.500000000000e-04,20000,22044,0.000000000000e+00,2.835586282053e-04,0.000000000000e+00,2.835586282053e-04,34.1288
28,39,0.1523437500,-0.0976562500,2.698103845258e-04,1.500000000000e-04,20000,22044,0.000000000000e+00,2.698103845258e-04,0.000000000000e+00,2.698103845258e-04,34.1072
28,40,0.1562500000,-0.0937500000,9.286913369664e-05,1.000000000000e-04,20000,22044,0.000000000000e+00,9.286913369664e-05,0.000000000000e+00,9.286913369664e-05,33.6440
28,41,0.1601562500,-0.0898437500,2.463339983254e-04,3.500000000000e-04,20000,22044,0.000000000000e+00,2.463339983254e-04,0.000000000000e+00,2.463339983254e-04,34.0677
28,42,0.1640625000,-0.0859375000,1.552187211632e-04,1.500000000000e-04,20000,22044,0.000000000000e+00,1.552187211632e-04,0.000000000000e+00,1.552187211632e-04,33.8671
28,43,0.1679687500,-0.0820312500,5.745222844281e-05,5.000000000000e-05,20000,22044,0.000000000000e+00,5.745222844281e-05,0.000000000000e+00,5.745222844281e-05,33.4355
28,44,0.1718750000,-0.0781250000,9.832203298194e-05,1.000000000000e-04,20000,22044,0.000000000000e+00,9.832203298194e-05,0.000000000000e+00,9.832203298194e-05,33.6688
28,45,0.1757812500,-0.0742187500,2.747697167010e-05,0.000000000000e+00,20000,22044,0.000000000000e+00,2.747697167010e-05,0.000000000000e+00,2.747697167010e-05,33.1151
28,46,0.1796875000,-0.0703125000,1.305239688450e-04,5.000000000000e-05,20000,22044,0.000000000000e+00,1.305239688450e-04,0.000000000000e+00,1.305239688450e-04,33.7918
28,47,0.1835937500,-0.0664062500,2.387636002036e-04,3.000000000000e-04,20000,22044,0.000000000000e+00,2.387636002036e-04,0.000000000000e+00,2.387636002036e-04,34.0541
28,48,0.1875000000,-0.0625000000,3.882721939200e-05,1.000000000000e-04,20000,22044,0.000000000000e+00,3.882721939200e-05,0.000000000000e+00,3.882721939200e-05,33.2653
28,49,0.1914062500,-0.0585937500,2.385341097685e-04,1.500000000000e-04,20000,22044,0.000000000000e+00,2.385341097685e-04,0.000000000000e+00,2.385341097685e-04,34.0537
28,50,0.1953125000,-0.0546875000,1.499366433841e-04,1.000000000000e-04,20000,22044,2.856723728376e-10,1.499363577117e-04,2.856723728376e-10,1.499363577117e-04,33.8521
28,51,0.1992187500,-0.0507812500,5.432858436447e-05,5.000000000000e-05,20000,22044,1.013712657673e-08,5.431844723789e-05,1.013712657673e-08,5.431844723789e-05,33.4112
28,52,0.2031250000,-0.0468750000,6.574170539798e-05,1.000000000000e-04,20000,22044,1.703931717236e-07,6.557131222626e-05,1.787017954596e-07,6.556300360252e-05,33.4940
28,53,0.2070312500,-0.0429687500,3.272167417725e-05,5.000000000000e-05,20000,22044,1.806498480797e-06,3.091517569646e-05,1.807217760512e-06,3.091445641674e-05,33.1910
28,54,0.2109375000,-0.0390625000,4.429567832829e-05,1.000000000000e-04,20000,22044,1.357045132811e-05,3.072522700018e-05,1.501671220254e-05,2.927896612575e-05,33.3225
28,55,0.2148437500,-0.0351562500,9.924857473768e-05,0.000000000000e+00,20000,22044,7.692507267132e-05,2.232350206636e-05,7.704505154003e-05,2.220352319765e-05,33.6729
28,56,0.2187500000,-0.0312500000,4.254351463010e-04,4.000000000000e-04,20000,22044,3.421714317408e-04,8.326371456013e-05,4.029034777030e-04,2.253166859793e-05,34.3050
28,57,0.2226562500,-0.0273437500,1.248591472238e-03,1.400000000000e-03,20000,22044,1.226152366879e-03,2.243910535907e-05,1.230951659206e-03,1.763981303246e-05,34.7726
28,58,0.2265625000,-0.0234375000,4.587138002379e-03,4.550000000000e-03,20000,22044,3.606080051203e-03,9.810579511760e-04,4.573105240726e-03,1.403276165370e-05,35.3377
28,59,0.2304687500,-0.0195312500,8.905571549066e-03,7.750000000000e-03,20000,22044,8.822214192546e-03,8.335735652013e-05,8.894770662579e-03,1.080088648735e-05,35.6258
28,60,0.2343750000,-0.0156250000,2.521778584657e-02,2.465000000000e-02,20000,22044,1.813366026304e-02,7.084125583529e-03,2.521207513468e-02,5.710711888562e-06,36.0779
28,61,0.2382812500,-0.0117187500,3.205699871088e-02,2.980000000000e-02,20000,22044,3.154454905709e-02,5.124496537892e-04,3.205137857926e-02,5.620131611974e-06,36.1821
28,62,0.2421875000,-0.0078125000,7.314669609510e-02,7.090000000000e-02,20000,22044,4.668311612689e-02,2.646357996820e-02,7.314553364639e-02,1.162448701145e-06,36.5403
28,63,0.2460937500,-0.0039062500,6.083486398609e-02,6.200000000000e-02,20000,22044,5.898152725086e-02,1.853336735226e-03,6.083304910603e-02,1.814880057707e-06,36.4603
28,64,0.2500000000,0.0000000000,1.101097014098e-01,1.100500000000e-01,20000,22044,6.374883114520e-02,4.636087026465e-02,1.101094414656e-01,2.599442807797e-07,36.7180
28,65,0.2539062500,0.0039062500,6.970324379437e-02,6.935000000000e-02,20000,22044,5.898152725086e-02,1.072171654351e-02,6.970283398116e-02,4.098132183557e-07,36.5194
28,66,0.2578125000,0.0078125000,8.726759885563e-02,9.140000000000e-02,20000,22044,4.668311612689e-02,4.058448272873e-02,8.726752902841e-02,6.982722341265e-08,36.6170
28,67,0.2617187500,0.0117187500,5.283040746679e-02,5.245000000000e-02,20000,22044,3.154454905709e-02,2.128585840971e-02,5.283035994700e-02,4.751979672201e-08,36.3990
28,68,0.2656250000,0.0156250000,5.022484838367e-02,4.880000000000e-02,20000,22044,1.813366026304e-02,3.209118812062e-02,5.022483893725e-02,9.446419802284e-09,36.3771
28,69,0.2695312500,0.0195312500,2.231744285820e-02,2.075000000000e-02,20000,22044,8.822214192546e-03,1.349522866566e-02,2.231744047616e-02,2.382045848902e-09,36.0248
28,70,0.2734375000,0.0234375000,3.380668041569e-02,3.450000000000e-02,20000,22044,3.606080051203e-03,3.020060036449e-02,3.380667985618e-02,5.595152286431e-10,36.2051
28,71,0.2773437500,0.0273437500,1.484242549009e-02,1.505000000000e-02,20000,22044,1.226152366879e-03,1.361627312321e-02,1.484242545764e-02,3.245755454974e-11,35.8477
28,72,0.2812500000,0.0312500000,1.572888313426e-02,1.670000000000e-02,20000,22044,3.421714317408e-04,1.538671170252e-02,1.572888312377e-02,1.049204712715e-11,35.8728
28,73,0.2851562500,0.0351562500,1.294439786649e-02,1.240000000000e-02,20000,22044,7.692507267132e-05,1.286747279382e-02,1.294439786637e-02,1.223275968911e-13,35.7882
28,74,0.2890625000,0.0390625000,1.479762615579e-02,1.435000000000e-02,20000,22044,1.357045132811e-05,1.478405570446e-02,1.479762615576e-02,2.846549181466e-14,35.8463
28,75,0.2929687500,0.0429687500,3.142740442250e-03,2.600000000000e-03,20000,22044,1.806498480797e-06,3.140933943769e-03,3.142740442250e-03,0.000000000000e+00,35.1735
28,76,0.2968750000,0.0468750000,2.068652484401e-02,1.970000000000e-02,20000,22044,1.703931717236e-07,2.068635445084e-02,2.068652484401e-02,0.000000000000e+00,35.9918
28,77,0.3007812500,0.0507812500,3.056292862535e-03,3.550000000000e-03,20000,22044,1.013712657673e-08,3.056282725408e-03,3.056292862535e-03,0.000000000000e+00,35.1613
28,78,0.3046875000,0.0546875000,1.323086797345e-02,1.460000000000e-02,20000,22044,2.856723728376e-10,1.323086768778e-02,1.323086797345e-02,0.000000000000e+00,35.7977
28,79,0.3085937500,0.0585937500,1.203286368914e-02,1.260000000000e-02,20000,22044,0.000000000000e+00,1.203286368914e-02,1.203286368914e-02,0.000000000000e+00,35.7565
28,80,0.3125000000,0.0625000000,2.632702028861e-03,2.900000000000e-03,20000,22044,0.000000000000e+00,2.632702028861e-03,2.632702028861e-03,0.000000000000e+00,35.0965
28,81,0.3164062500,0.0664062500,1.151270067605e-02,1.115000000000e-02,20000,22044,0.000000000000e+00,1.151270067605e-02,1.151270067605e-02,0.000000000000e+00,35.7373
28,82,0.3203125000,0.0703125000,9.313259799387e-03,9.350000000000e-03,20000,22044,0.000000000000e+00,9.313259799387e-03,9.313259799387e-03,0.000000000000e+00,35.6452
28,83,0.3242187500,0.0742187500,2.199239625223e-03,2.350000000000e-03,20000,22044,0.000000000000e+00,2.199239625223e-03,2.199239625223e-03,0.000000000000e+00,35.0184
28,84,0.3281250000,0.0781250000,1.212755457402e-02,1.230000000000e-02,20000,22044,0.000000000000e+00,1.212755457402e-02,1.212755457402e-02,0.000000000000e+00,35.7599
28,85,0.3320312500,0.0820312500,2.835965532953e-03,3.250000000000e-03,20000,22044,0.000000000000e+00,2.835965532953e-03,2.835965532953e-03,0.000000000000e+00,35.1288
28,86,0.3359375000,0.0859375000,5.519650326022e-03,5.100000000000e-03,20000,22044,0.000000000000e+00,5.519650326022e-03,5.519650326022e-03,0.000000000000e+00,35.4181
28,87,0.3398437500,0.0898437500,1.641938504084e-03,1.850000000000e-03,20000,22044,0.000000000000e+00,1.641938504084e-03,1.641938504084e-03,0.000000000000e+00,34.8915
28,88,0.3437500000,0.0937500000,3.364825565977e-03,4.050000000000e-03,20000,22044,0.000000000000e+00,3.364825565977e-03,3.364825565977e-03,0.000000000000e+00,35.2031
28,89,0.3476562500,0.0976562500,2.398575489941e-03,2.150000000000e-03,20000,22044,0.000000000000e+00,2.398575489941e-03,2.398575489941e-03,0.000000000000e+00,35.0561
28,90,0.3515625000,0.1015625000,1.800237599211e-03,2.250000000000e-03,20000,22044,0.000000000000e+00,1.800237599211e-03,1.800237599211e-03,0.000000000000e+00,34.9315
28,91,0.3554687500,0.1054687500,5.167041766101e-03,5.500000000000e-03,20000,22044,0.000000000000e+00,5.167041766101e-03,5.167041766101e-03,0.000000000000e+00,35.3894
28,92,0.3593750000,0.1093750000,5.507689413960e-03,4.800000000000e-03,20000,22044,0.000000000000e+00,5.507689413960e-03,5.507689413960e-03,0.000000000000e+00,35.4171
28,93,0.3632812500,0.1132812500,2.133767443603e-03,2.050000000000e-03,20000,22044,0.000000000000e+00,2.133767443603e-03,2.133767443603e-03,0.000000000000e+00,35.0053
28,94,0.3671875000,0.1171875000,9.360721268577e-03,8.650000000000e-03,20000,22044,0.000000000000e+00,9.360721268577e-03,9.360721268577e-03,0.000000000000e+00,35.6475
28,95,0.3710937500,0.1210937500,1.043159706927e-02,1.075000000000e-02,20000,22044,0.000000000000e+00,1.043159706927e-02,1.043159706927e-02,0.000000000000e+00,35.6945
28,96,0.3750000000,0.1250000000,2.115199840221e-03,2.750000000000e-03,20000,22044,0.000000000000e+00,2.115199840221e-03,2.115199840221e-03,0.000000000000e+00,35.0015
28,97,0.3789062500,0.1289062500,1.022024002934e-02,1.025000000000e-02,20000,22044,0.000000000000e+00,1.022024002934e-02,1.022024002934e-02,0.000000000000e+00,35.6856
28,98,0.3828125000,0.1328125000,8.889357705938e-03,1.000000000000e-02,20000,22044,0.000000000000e+00,8.889357705938e-03,8.889357705938e-03,0.000000000000e+00,35.6250
28,99,0.3867187500,0.1367187500,2.518200956615e-03,2.250000000000e-03,20000,22044,0.000000000000e+00,2.518200956615e-03,2.518200956615e-03,0.000000000000e+00,35.0772
28,100,0.3906250000,0.1406250000,9.393577017549e-03,9.800000000000e-03,20000,22044,0.000000000000e+00,9.393577017549e-03,9.393577017549e-03,0.000000000000e+00,35.6490
28,101,0.3945312500,0.1445312500,4.036347747872e-03,3.600000000000e-03,20000,22044,0.000000000000e+00,4.036347747872e-03,4.036347747872e-03,0.000000000000e+00,35.2821
28,102,0.3984375000,0.1484375000,3.192228602075e-03,3.250000000000e-03,20000,22044,0.000000000000e+00,3.192228602075e-03,3.192228602075e-03,0.000000000000e+00,35.1802
28,103,0.4023437500,0.1523437500,2.922108486342e-03,2.800000000000e-03,20000,22044,0.000000000000e+00,2.922108486342e-03,2.922108486342e-03,0.000000000000e+00,35.1418
28,104,0.4062500000,0.1562500000,2.869896791496e-03,3.450000000000e-03,20000,22044,0.000000000000e+00,2.869896791496e-03,2.869896791496e-03,0.000000000000e+00,35.1340
28,105,0.4101562500,0.1601562500,1.679848212408e-03,1.950000000000e-03,20000,22044,0.000000000000e+00,1.679848212408e-03,1.679848212408e-03,0.000000000000e+00,34.9014
28,106,0.4140625000,0.1640625000,1.583403491849e-03,2.100000000000e-03,20000,22044,0.000000000000e+00,1.583403491849e-03,1.583403491849e-03,0.000000000000e+00,34.8757
28,107,0.4179687500,0.1679687500,1.505801597482e-03,1.550000000000e-03,20000,22044,0.000000000000e+00,1.505801597482e-03,1.505801597482e-03,0.000000000000e+00,34.8539
28,108,0.4218750000,0.1718750000,1.803561470318e-03,2.250000000000e-03,20000,22044,0.000000000000e+00,1.803561470318e-03,1.803561470318e-03,0.000000000000e+00,34.9323
28,109,0.4257812500,0.1757812500,1.001008439247e-03,9.500000000000e-04,20000,22044,0.000000000000e+00,1.001008439247e-03,1.001008439247e-03,0.000000000000e+00,34.6766
28,110,0.4296875000,0.1796875000,1.309786375674e-03,1.400000000000e-03,20000,22044,0.000000000000e+00,1.309786375674e-03,1.309786375674e-03,0.000000000000e+00,34.7933
28,111,0.4335937500,0.1835937500,7.510630918881e-04,8.000000000000e-04,20000,22044,0.000000000000e+00,7.510630918881e-04,7.510630918881e-04,0.000000000000e+00,34.5518
28,112,0.4375000000,0.1875000000,1.245677840091e-03,1.900000000000e-03,20000,22044,0.000000000000e+00,1.245677840091e-03,1.245677840091e-03,0.000000000000e+00,34.7716
28,113,0.4414062500,0.1914062500,5.235736761710e-04,8.500000000000e-04,20000,22044,0.000000000000e+00,5.235736761710e-04,5.235736761710e-04,0.000000000000e+00,34.3951
28,114,0.4453125000,0.1953125000,1.250751647550e-03,1.650000000000e-03,20000,22044,0.000000000000e+00,1.250751647550e-03,1.250751647550e-03,0.000000000000e+00,34.7733
28,115,0.4492187500,0.1992187500,3.632259968275e-04,4.000000000000e-04,20000,22044,0.000000000000e+00,3.632259968275e-04,3.632259968275e-04,0.000000000000e+00,34.2363
28,116,0.4531250000,0.2031250000,9.239898377632e-04,7.500000000000e-04,20000,22044,0.000000000000e+00,9.239898377632e-04,9.239898377632e-04,0.000000000000e+00,34.6418
28,117,0.4570312500,0.2070312500,8.156436933718e-04,5.500000000000e-04,20000,22044,0.000000000000e+00,8.156436933718e-04,8.156436933718e-04,0.000000000000e+00,34.5876
28,118,0.4609375000,0.2109375000,1.676772355459e-04,5.000000000000e-05,20000,22044,0.000000000000e+00,1.676772355459e-04,1.676772355459e-04,0.000000000000e+00,33.9006
28,119,0.4648437500,0.2148437500,6.564674532104e-04,6.000000000000e-04,20000,22044,0.000000000000e+00,6.564674532104e-04,6.564674532104e-04,0.000000000000e+00,34.4934
28,120,0.4687500000,0.2187500000,3.687011431434e-05,0.000000000000e+00,20000,22044,0.000000000000e+00,3.687011431434e-05,3.687011431434e-05,0.000000000000e+00,33.2428
28,121,0.4726562500,0.2226562500,4.166302421443e-04,2.000000000000e-04,20000,22044,0.000000000000e+00,4.166302421443e-04,4.166302421443e-04,0.000000000000e+00,34.2959
28,122,0.4765625000,0.2265625000,9.689042539408e-05,5.000000000000e-05,20000,22044,0.000000000000e+00,9.689042539408e-05,9.689042539408e-05,0.000000000000e+00,33.6624
28,123,0.4804687500,0.2304687500,1.881476126482e-04,3.000000000000e-04,20000,22044,0.000000000000e+00,1.881476126482e-04,1.881476126482e-04,0.000000000000e+00,33.9506
28,124,0.4843750000,0.2343750000,6.137766267684e-05,1.000000000000e-04,20000,22044,0.000000000000e+00,6.137766267684e-05,6.137766267684e-05,0.000000000000e+00,33.4642
28,125,0.4882812500,0.2382812500,1.094998397979e-04,0.000000000000e+00,20000,22044,0.000000000000e+00,1.094998397979e-04,1.094998397979e-04,0.000000000000e+00,33.7156
28,126,0.4921875000,0.2421875000,4.343667114668e-05,5.000000000000e-05,20000,22044,0.000000000000e+00,4.343667114668e-05,4.343667114668e-05,0.000000000000e+00,33.3140
28,127,0.4960937500,0.2460937500,5.294317691829e-05,5.000000000000e-05,20000,22044,0.000000000000e+00,5.294317691829e-05,5.294317691829e-05,0.000000000000e+00,33.4000
28,128,0.5000000000,0.2500000000,2.422907855884e-05,0.000000000000e+00,20000,22044,0.000000000000e+00,2.422907855884e-05,2.422907855884e-05,0.000000000000e+00,33.0605
28,129,0.5039062500,0.2539062500,2.638268255033e-05,0.000000000000e+00,20000,22044,0.000000000000e+00,2.638268255033e-05,2.638268255033e-05,0.000000000000e+00,33.0975
28,130,0.5078125000,0.2578125000,1.929969143429e-05,5.000000000000e-05,20000,22044,0.000000000000e+00,1.929969143429e-05,1.929969143429e-05,0.000000000000e+00,32.9617
28,131,0.5117187500,0.2617187500,3.693627103678e-06,0.000000000000e+00,20000,22044,0.000000000000e+00,3.693627103678e-06,3.693627103678e-06,0.000000000000e+00,32.2436
28,132,0.5156250000,0.2656250000,8.966826984933e-06,0.000000000000e+00,20000,22044,0.000000000000e+00,8.966826984933e-06,8.966826984933e-06,0.000000000000e+00,32.6288
28,133,0.5195312500,0.2695312500,5.481840480390e-07,0.000000000000e+00,20000,22044,0.000000000000e+00,5.481840480390e-07,5.481840480390e-07,0.000000000000e+00,31.4151
28,134,0.5234375000,0.2734375000,3.176564950541e-06,0.000000000000e+00,20000,22044,0.000000000000e+00,3.176564950541e-06,3.176564950541e-06,0.000000000000e+00,32.1781
28,135,0.5273437500,0.2773437500,2.487005293735e-07,0.000000000000e+00,20000,22044,0.000000000000e+00,2.487005293735e-07,2.487005293735e-07,0.000000000000e+00,31.0718
28,136,0.5312500000,0.2812500000,9.536411273317e-07,0.000000000000e+00,20000,22044,0.000000000000e+00,9.536411273317e-07,9.536411273317e-07,0.000000000000e+00,31.6555
28,137,0.5351562500,0.2851562500,9.414938105831e-08,0.000000000000e+00,20000,22044,0.000000000000e+00,9.414938105831e-08,9.414938105831e-08,0.000000000000e+00,30.6500
28,138,0.5390625000,0.2890625000,2.371031308595e-07,0.000000000000e+00,20000,22044,0.000000000000e+00,2.371031308595e-07,2.371031308595e-07,0.000000000000e+00,31.0511
28,139,0.5429687500,0.2929687500,2.855456046855e-08,0.000000000000e+00,20000,22044,0.000000000000e+00,2.855456046855e-08,2.855456046855e-08,0.000000000000e+00,30.1318
28,140,0.5468750000,0.2968750000,4.743901505837e-08,0.000000000000e+00,20000,22044,0.000000000000e+00,4.743901505837e-08,4.743901505837e-08,0.000000000000e+00,30.3523
28,141,0.5507812500,0.3007812500,7.018256246922e-09,0.000000000000e+00,20000,22044,0.000000000000e+00,7.018256246922e-09,7.018256246922e-09,0.000000000000e+00,29.5224
28,142,0.5546875000,0.3046875000,7.060496682307e-09,0.000000000000e+00,20000,22044,0.000000000000e+00,7.060496682307e-09,7.060496682307e-09,0.000000000000e+00,29.5250
28,143,0.5585937500,0.3085937500,1.249648916458e-09,0.000000000000e+00,20000,22044,0.000000000000e+00,1.249648916458e-09,1.249648916458e-09,0.000000000000e+00,28.7729
28,144,0.5625000000,0.3125000000,7.619679536349e-10,0.000000000000e+00,20000,22044,0.000000000000e+00,7.619679536349e-10,7.619679536349e-10,0.000000000000e+00,28.5581
28,145,0.5664062500,0.3164062500,1.893306095250e-10,0.000000000000e+00,20000,22044,0.000000000000e+00,1.893306095250e-10,1.893306095250e-10,0.000000000000e+00,27.9534
28,146,0.5703125000,0.3203125000,1.781120872413e-11,0.000000000000e+00,20000,22044,0.000000000000e+00,1.781120872413e-11,1.781120872413e-11,0.000000000000e+00,26.9268
28,147,0.5742187500,0.3242187500,1.363568196728e-11,0.000000000000e+00,20000,22044,0.000000000000e+00,1.363568196728e-11,1.363568196728e-11,0.000000000000e+00,26.8108
28,149,0.5820312500,0.3320312500,4.299091088794e-13,0.000000000000e+00,20000,22044,0.000000000000e+00,4.299091088794e-13,4.299091088794e-13,0.000000000000e+00,25.3095
29,0,0.0000000000,-0.2500000000,4.947359919820e-02,4.960000000000e-02,20000,22044,0.000000000000e+00,4.947359919820e-02,0.000000000000e+00,4.947359919820e-02,37.2810
29,1,0.0039062500,-0.2460937500,1.541994626710e-02,1.575000000000e-02,20000,22044,0.000000000000e+00,1.541994626710e-02,0.000000000000e+00,1.541994626710e-02,36.7747
29,2,0.0078125000,-0.2421875000,1.007132405370e-03,9.500000000000e-04,20000,22044,0.000000000000e+00,1.007132405370e-03,0.000000000000e+00,1.007132405370e-03,35.5897
29,3,0.0117187500,-0.2382812500,6.321329910805e-03,6.300000000000e-03,20000,22044,0.000000000000e+00,6.321329910805e-03,0.000000000000e+00,6.321329910805e-03,36.3875
29,4,0.0156250000,-0.2343750000,1.188048057488e-03,1.050000000000e-03,20000,22044,0.000000000000e+00,1.188048057488e-03,0.000000000000e+00,1.188048057488e-03,35.6615
29,5,0.0195312500,-0.2304687500,3.633718559839e-03,3.350000000000e-03,20000,22044,0.000000000000e+00,3.633718559839e-03,0.000000000000e+00,3.633718559839e-03,36.1470
29,6,0.0234375000,-0.2265625000,7.900473614129e-04,5.500000000000e-04,20000,22044,0.000000000000e+00,7.900473614129e-04,0.000000000000e+00,7.900473614129e-04,35.4843
29,7,0.0273437500,-0.2226562500,3.365139706764e-03,4.400000000000e-03,20000,22044,0.000000000000e+00,3.365139706764e-03,0.000000000000e+00,3.365139706764e-03,36.1137
29,8,0.0312500000,-0.2187500000,6.759470357385e-04,5.000000000000e-04,20000,22044,0.000000000000e+00,6.759470357385e-04,0.000000000000e+00,6.759470357385e-04,35.4166
29,9,0.0351562500,-0.2148437500,3.596834425594e-03,3.700000000000e-03,20000,22044,0.000000000000e+00,3.596834425594e-03,0.000000000000e+00,3.596834425594e-03,36.1426
29,10,0.0390625000,-0.2109375000,7.905293233527e-04,7.000000000000e-04,20000,22044,0.000000000000e+00,7.905293233527e-04,0.000000000000e+00,7.905293233527e-04,35.4846
29,11,0.0429687500,-0.2070312500,6.365855148593e-04,5.500000000000e-04,20000,22044,0.000000000000e+00,6.365855148593e-04,0.000000000000e+00,6.365855148593e-04,35.3905
29,12,0.0468750000,-0.2031250000,2.778510596245e-04,2.500000000000e-04,20000,22044,0.000000000000e+00,2.778510596245e-04,0.000000000000e+00,2.778510596245e-04,35.0305
29,13,0.0507812500,-0.1992187500,3.461222936008e-04,3.500000000000e-04,20000,22044,0.000000000000e+00,3.461222936008e-04,0.000000000000e+00,3.461222936008e-04,35.1259
29,14,0.0546875000,-0.1953125000,8.932264846464e-05,1.000000000000e-04,20000,22044,0.000000000000e+00,8.932264846464e-05,0.000000000000e+00,8.932264846464e-05,34.5376
29,15,0.0585937500,-0.1914062500,3.070317274945e-03,3.550000000000e-03,20000,22044,0.000000000000e+00,3.070317274945e-03,0.000000000000e+00,3.070317274945e-03,36.0738
29,16,0.0625000000,-0.1875000000,6.552975980131e-04,6.500000000000e-04,20000,22044,0.000000000000e+00,6.552975980131e-04,0.000000000000e+00,6.552975980131e-04,35.4031
29,17,0.0664062500,-0.1835937500,3.543791757824e-03,2.900000000000e-03,20000,22044,0.000000000000e+00,3.543791757824e-03,0.000000000000e+00,3.543791757824e-03,36.1361
29,18,0.0703125000,-0.1796875000,8.338307026328e-04,1.350000000000e-03,20000,22044,0.000000000000e+00,8.338307026328e-04,0.000000000000e+00,8.338307026328e-04,35.5077
29,19,0.0742187500,-0.1757812500,5.435414090126e-04,6.500000000000e-04,20000,22044,0.000000000000e+00,5.435414090126e-04,0.000000000000e+00,5.435414090126e-04,35.3219
29,20,0.0781250000,-0.1718750000,3.188651337693e-04,3.500000000000e-04,20000,22044,0.000000000000e+00,3.188651337693e-04,0.000000000000e+00,3.188651337693e-04,35.0903
29,21,0.0820312500,-0.1679687500,2.966391538189e-04,5.000000000000e-05,20000,22044,0.000000000000e+00,2.966391538189e-04,0.000000000000e+00,2.966391538189e-04,35.0589
29,22,0.0859375000,-0.1640625000,1.838012962407e-04,2.500000000000e-04,20000,22044,0.000000000000e+00,1.838012962407e-04,0.000000000000e+00,1.838012962407e-04,34.8510
29,23,0.0898437500,-0.1601562500,3.064017735455e-04,2.000000000000e-04,20000,22044,0.000000000000e+00,3.064017735455e-04,0.000000000000e+00,3.064017735455e-04,35.0730
29,24,0.0937500000,-0.1562500000,1.998509355440e-04,2.000000000000e-04,20000,22044,0.000000000000e+00,1.998509355440e-04,0.000000000000e+00,1.998509355440e-04,34.8874
29,25,0.0976562500,-0.1523437500,2.902957873256e-04,2.000000000000e-04,20000,22044,0.000000000000e+00,2.902957873256e-04,0.000000000000e+00,2.902957873256e-04,35.0495
29,26,0.1015625000,-0.1484375000,1.321389606010e-04,2.500000000000e-04,20000,22044,0.000000000000e+00,1.321389606010e-04,0.000000000000e+00,1.321389606010e-04,34.7077
29,27,0.1054687500,-0.1445312500,9.007987073004e-05,2.000000000000e-04,20000,22044,0.000000000000e+00,9.007987073004e-05,0.000000000000e+00,9.007987073004e-05,34.5413
29,28,0.1093750000,-0.1406250000,1.341999958691e-05,0.000000000000e+00,20000,22044,0.000000000000e+00,1.341999958691e-05,0.000000000000e+00,1.341999958691e-05,33.7144
29,29,0.1132812500,-0.1367187500,3.552275282574e-04,3.500000000000e-04,20000,22044,0.000000000000e+00,3.552275282574e-04,0.000000000000e+00,3.552275282574e-04,35.1372
29,30,0.1171875000,-0.1328125000,7.572948563657e-05,0.000000000000e+00,20000,22044,0.000000000000e+00,7.572948563657e-05,0.000000000000e+00,7.572948563657e-05,34.4659
29,31,0.1210937500,-0.1289062500,2.822146005538e-03,2.950000000000e-03,20000,22044,0.000000000000e+00,2.822146005538e-03,0.000000000000e+00,2.822146005538e-03,36.0372
29,32,0.1250000000,-0.1250000000,6.635435698802e-04,5.500000000000e-04,20000,22044,0.000000000000e+00,6.635435698802e-04,0.000000000000e+00,6.635435698802e-04,35.4085
29,33,0.1289062500,-0.1210937500,3.141604192941e-03,3.500000000000e-03,20000,22044,0.000000000000e+00,3.141604192941e-03,0.000000000000e+00,3.141604192941e-03,36.0838
29,34,0.1328125000,-0.1171875000,7.979218438981e-04,6.500000000000e-04,20000,22044,0.000000000000e+00,7.979218438981e-04,0.000000000000e+00,7.979218438981e-04,35.4886
29,35,0.1367187500,-0.1132812500,6.446784767507e-04,8.000000000000e-04,20000,22044,0.000000000000e+00,6.446784767507e-04,0.000000000000e+00,6.446784767507e-04,35.3960
29,36,0.1406250000,-0.1093750000,4.296792413803e-04,5.000000000000e-04,20000,22044,0.000000000000e+00,4.296792413803e-04,0.000000000000e+00,4.296792413803e-04,35.2198
29,37,0.1445312500,-0.1054687500,2.368998276289e-04,1.500000000000e-04,20000,22044,0.000000000000e+00,2.368998276289e-04,0.000000000000e+00,2.368998276289e-04,34.9612
29,38,0.1484375000,-0.1015625000,3.549229519920e-04,3.500000000000e-04,20000,22044,0.000000000000e+00,3.549229519920e-04,0.000000000000e+00,3.549229519920e-04,35.1368
29,39,0.1523437500,-0.0976562500,2.243708877756e-04,1.000000000000e-04,20000,22044,0.000000000000e+00,2.243708877756e-04,0.000000000000e+00,2.243708877756e-04,34.9376
29,40,0.1562500000,-0.0937500000,2.201998495133e-04,2.500000000000e-04,20000,22044,0.000000000000e+00,2.201998495133e-04,0.000000000000e+00,2.201998495133e-04,34.9295
29,41,0.1601562500,-0.0898437500,1.476658310389e-04,1.500000000000e-04,20000,22044,0.000000000000e+00,1.476658310389e-04,0.000000000000e+00,1.476658310389e-04,34.7559
29,42,0.1640625000,-0.0859375000,2.088880195088e-04,2.500000000000e-04,20000,22044,0.000000000000e+00,2.088880195088e-04,0.000000000000e+00,2.088880195088e-04,34.9066
29,43,0.1679687500,-0.0820312500,1.135084513905e-04,1.000000000000e-04,20000,22044,0.000000000000e+00,1.135084513905e-04,0.000000000000e+00,1.135084513905e-04,34.6417
29,44,0.1718750000,-0.0781250000,6.299276949130e-05,1.000000000000e-04,20000,22044,0.000000000000e+00,6.299276949130e-05,0.000000000000e+00,6.299276949130e-05,34.3860
29,45,0.1757812500,-0.0742187500,8.057166882697e-05,1.500000000000e-04,20000,22044,0.000000000000e+00,8.057166882697e-05,0.000000000000e+00,8.057166882697e-05,34.4928
29,46,0.1796875000,-0.0703125000,1.607223310413e-04,2.000000000000e-04,20000,22044,0.000000000000e+00,1.607223310413e-04,0.000000000000e+00,1.607223310413e-04,34.7927
29,47,0.1835937500,-0.0664062500,1.544270714383e-04,3.000000000000e-04,20000,22044,0.000000000000e+00,1.544270714383e-04,0.000000000000e+00,1.544270714383e-04,34.7754
29,48,0.1875000000,-0.0625000000,1.731456711356e-04,1.000000000000e-04,20000,22044,0.000000000000e+00,1.731456711356e-04,0.000000000000e+00,1.731456711356e-04,34.8251
29,49,0.1914062500,-0.0585937500,1.491266745335e-04,1.000000000000e-04,20000,22044,1.210476156091e-10,1.491265534859e-04,1.210476156091e-10,1.491265534859e-04,34.7602
29,50,0.1953125000,-0.0546875000,1.926238376353e-04,4.000000000000e-04,20000,22044,0.000000000000e+00,1.926238376353e-04,0.000000000000e+00,1.926238376353e-04,34.8714
29,51,0.1992187500,-0.0507812500,1.138664994890e-04,1.000000000000e-04,20000,22044,8.359294253823e-08,1.137829065465e-04,8.369825396381e-08,1.137828012351e-04,34.6431
29,52,0.2031250000,-0.0468750000,2.821405156779e-05,5.000000000000e-05,20000,22044,0.000000000000e+00,2.821405156779e-05,4.076457876827e-09,2.820997510991e-05,34.0371
29,53,0.2070312500,-0.0429687500,7.277862122508e-05,0.000000000000e+00,20000,22044,7.816432760093e-06,6.496218846499e-05,7.879961228450e-06,6.489865999663e-05,34.4487
29,54,0.2109375000,-0.0390625000,9.897131354983e-06,0.000000000000e+00,20000,22044,0.000000000000e+00,9.897131354983e-06,7.258503197872e-07,9.171281035195e-06,33.5822
29,55,0.2148437500,-0.0351562500,2.874058135462e-04,3.000000000000e-04,20000,22044,2.351348487215e-04,5.227096482469e-05,2.402765096744e-04,4.712930387182e-05,35.0452
29,56,0.2187500000,-0.0312500000,3.913111022468e-05,5.000000000000e-05,20000,22044,0.000000000000e+00,3.913111022468e-05,3.101377305036e-05,8.117337174323e-06,34.1792
29,57,0.2226562500,-0.0273437500,3.178465199224e-03,4.000000000000e-03,20000,22044,3.011713134961e-03,1.667520642629e-04,3.144514181235e-03,3.395101798924e-05,36.0889
29,58,0.2265625000,-0.0234375000,5.069888262357e-04,6.000000000000e-04,20000,22044,0.000000000000e+00,5.069888262357e-04,4.995527505957e-04,7.436075639956e-06,35.2917
29,59,0.2304687500,-0.0195312500,2.027929633637e-02,2.155000000000e-02,20000,22044,1.880888589398e-02,1.470410442387e-03,2.026149974415e-02,1.779659221295e-05,36.8937
29,60,0.2343750000,-0.0156250000,3.680959031683e-03,3.800000000000e-03,20000,22044,0.000000000000e+00,3.680959031683e-03,3.675928443342e-03,5.030588341080e-06,36.1526
29,61,0.2382812500,-0.0117187500,6.945192151184e-02,6.800000000000e-02,20000,22044,6.169677161977e-02,7.755149892066e-03,6.944556561805e-02,6.355893794200e-06,37.4283
29,62,0.2421875000,-0.0078125000,1.372953333736e-02,1.425000000000e-02,20000,22044,0.000000000000e+00,1.372953333736e-02,1.372649560523e-02,3.037732138115e-06,36.7243
29,63,0.2460937500,-0.0039062500,1.326860843608e-01,1.315000000000e-01,20000,22044,1.107220187901e-01,2.196406557070e-02,1.326848916737e-01,1.192687160590e-06,37.7095
29,64,0.2500000000,0.0000000000,2.693232905121e-02,2.645000000000e-02,20000,22044,0.000000000000e+00,2.693232905121e-02,2.693152644232e-02,8.026088919670e-07,37.0169
29,65,0.2539062500,0.0039062500,1.372762290730e-01,1.363500000000e-01,20000,22044,1.107220187901e-01,2.655421028289e-02,1.372758959847e-01,3.330882794658e-07,37.7243
29,66,0.2578125000,0.0078125000,3.377506856622e-02,3.440000000000e-02,20000,22044,0.000000000000e+00,3.377506856622e-02,3.377492579405e-02,1.427721669057e-07,37.1153
29,67,0.2617187500,0.0117187500,7.953876318193e-02,7.715000000000e-02,20000,22044,6.169677161977e-02,1.784199156215e-02,7.953870699833e-02,5.618360396649e-08,37.4872
29,68,0.2656250000,0.0156250000,3.207167934186e-02,3.230000000000e-02,20000,22044,0.000000000000e+00,3.207167934186e-02,3.207166625585e-02,1.308600715489e-08,37.0928
29,69,0.2695312500,0.0195312500,4.044263728068e-02,3.925000000000e-02,20000,22044,1.880888589398e-02,2.163375138670e-02,4.044263232902e-02,4.951658442427e-09,37.1935
29,70,0.2734375000,0.0234375000,2.407941615495e-02,2.535000000000e-02,20000,22044,0.000000000000e+00,2.407941615495e-02,2.407941562063e-02,5.343154899336e-10,36.9683
29,71,0.2773437500,0.0273437500,1.878974220635e-02,2.000000000000e-02,20000,22044,3.011713134961e-03,1.577802907139e-02,1.878974202368e-02,1.826671119304e-10,36.8606
29,72,0.2812500000,0.0312500000,1.828197424692e-02,1.755000000000e-02,20000,22044,0.000000000000e+00,1.828197424692e-02,1.828197424167e-02,5.250142142843e-12,36.8487
29,73,0.2851562500,0.0351562500,7.652287223126e-03,7.800000000000e-03,20000,22044,2.351348487215e-04,7.417152374405e-03,7.652287221188e-03,1.938010950690e-12,36.4705
29,74,0.2890625000,0.0390625000,1.388056835321e-02,1.440000000000e-02,20000,22044,0.000000000000e+00,1.388056835321e-02,1.388056835320e-02,1.550497922623e-14,36.7291
29,75,0.2929687500,0.0429687500,1.418204965305e-02,1.510000000000e-02,20000,22044,7.816432760093e-06,1.417423322029e-02,1.418204965305e-02,1.593969826996e-15,36.7384
29,76,0.2968750000,0.0468750000,9.372238786500e-03,9.500000000000e-03,20000,22044,0.000000000000e+00,9.372238786500e-03,9.372238786500e-03,0.000000000000e+00,36.5585
29,77,0.3007812500,0.0507812500,1.416075637485e-02,1.350000000000e-02,20000,22044,8.359294253823e-08,1.416067278191e-02,1.416075637485e-02,0.000000000000e+00,36.7377
29,78,0.3046875000,0.0546875000,1.122031244144e-02,1.190000000000e-02,20000,22044,0.000000000000e+00,1.122031244144e-02,1.122031244144e-02,0.000000000000e+00,36.6367
29,79,0.3085937500,0.0585937500,3.648345067020e-03,3.750000000000e-03,20000,22044,1.210476156091e-10,3.648344945973e-03,3.648345067020e-03,0.000000000000e+00,36.1488
29,80,0.3125000000,0.0625000000,1.323772680806e-02,1.430000000000e-02,20000,22044,0.000000000000e+00,1.323772680806e-02,1.323772680806e-02,0.000000000000e+00,36.7085
29,81,0.3164062500,0.0664062500,1.935634099687e-03,1.250000000000e-03,20000,22044,0.000000000000e+00,1.935634099687e-03,1.935634099687e-03,0.000000000000e+00,35.8735
29,82,0.3203125000,0.0703125000,1.083985516046e-02,9.400000000000e-03,20000,22044,0.000000000000e+00,1.083985516046e-02,1.083985516046e-02,0.000000000000e+00,36.6217
29,83,0.3242187500,0.0742187500,1.036290056564e-02,8.850000000000e-03,20000,22044,0.000000000000e+00,1.036290056564e-02,1.036290056564e-02,0.000000000000e+00,36.6021
29,84,0.3281250000,0.0781250000,5.658573259406e-03,5.750000000000e-03,20000,22044,0.000000000000e+00,5.658573259406e-03,5.658573259406e-03,0.000000000000e+00,36.3394
29,85,0.3320312500,0.0820312500,5.804279145066e-03,6.200000000000e-03,20000,22044,0.000000000000e+00,5.804279145066e-03,5.804279145066e-03,0.000000000000e+00,36.3504
29,86,0.3359375000,0.0859375000,4.129718069239e-03,3.850000000000e-03,20000,22044,0.000000000000e+00,4.129718069239e-03,4.129718069239e-03,0.000000000000e+00,36.2026
29,87,0.3398437500,0.0898437500,3.514175457337e-03,4.000000000000e-03,20000,22044,0.000000000000e+00,3.514175457337e-03,3.514175457337e-03,0.000000000000e+00,36.1325
29,88,0.3437500000,0.0937500000,2.358865202897e-03,3.150000000000e-03,20000,22044,0.000000000000e+00,2.358865202897e-03,2.358865202897e-03,0.000000000000e+00,35.9594
29,89,0.3476562500,0.0976562500,2.599392148132e-03,2.700000000000e-03,20000,22044,0.000000000000e+00,2.599392148132e-03,2.599392148132e-03,0.000000000000e+00,36.0015
29,90,0.3515625000,0.1015625000,4.048043420467e-03,4.000000000000e-03,20000,22044,0.000000000000e+00,4.048043420467e-03,4.048043420467e-03,0.000000000000e+00,36.1939
29,91,0.3554687500,0.1054687500,7.703250114320e-04,6.500000000000e-04,20000,22044,0.000000000000e+00,7.703250114320e-04,7.703250114320e-04,0.000000000000e+00,35.4733
29,92,0.3593750000,0.1093750000,6.405780742095e-03,6.250000000000e-03,20000,22044,0.000000000000e+00,6.405780742095e-03,6.405780742095e-03,0.000000000000e+00,36.3932
29,93,0.3632812500,0.1132812500,8.252816726328e-03,7.800000000000e-03,20000,22044,0.000000000000e+00,8.252816726328e-03,8.252816726328e-03,0.000000000000e+00,36.5033
29,94,0.3671875000,0.1171875000,8.103119771957e-03,8.300000000000e-03,20000,22044,0.000000000000e+00,8.103119771957e-03,8.103119771957e-03,0.000000000000e+00,36.4953
29,95,0.3710937500,0.1210937500,3.801776272419e-03,4.100000000000e-03,20000,22044,0.000000000000e+00,3.801776272419e-03,3.801776272419e-03,0.000000000000e+00,36.1666
29,96,0.3750000000,0.1250000000,1.032451361531e-02,1.025000000000e-02,20000,22044,0.000000000000e+00,1.032451361531e-02,1.032451361531e-02,0.000000000000e+00,36.6005
29,97,0.3789062500,0.1289062500,2.310468801159e-03,2.250000000000e-03,20000,22044,0.000000000000e+00,2.310468801159e-03,2.310468801159e-03,0.000000000000e+00,35.9504
29,98,0.3828125000,0.1328125000,9.883555617084e-03,9.750000000000e-03,20000,22044,0.000000000000e+00,9.883555617084e-03,9.883555617084e-03,0.000000000000e+00,36.5816
29,99,0.3867187500,0.1367187500,1.040034503582e-02,1.105000000000e-02,20000,22044,0.000000000000e+00,1.040034503582e-02,1.040034503582e-02,0.000000000000e+00,36.6037
29,100,0.3906250000,0.1406250000,4.253087943920e-03,3.750000000000e-03,20000,22044,0.000000000000e+00,4.253087943920e-03,4.253087943920e-03,0.000000000000e+00,36.2154
29,101,0.3945312500,0.1445312500,4.631305149550e-03,4.900000000000e-03,20000,22044,0.000000000000e+00,4.631305149550e-03,4.631305149550e-03,0.000000000000e+00,36.2524
29,102,0.3984375000,0.1484375000,3.254564556294e-03,3.700000000000e-03,20000,22044,0.000000000000e+00,3.254564556294e-03,3.254564556294e-03,0.000000000000e+00,36.0992
29,103,0.4023437500,0.1523437500,3.149453804322e-03,3.450000000000e-03,20000,22044,0.000000000000e+00,3.149453804322e-03,3.149453804322e-03,0.000000000000e+00,36.0849
29,104,0.4062500000,0.1562500000,2.559873915061e-03,2.800000000000e-03,20000,22044,0.000000000000e+00,2.559873915061e-03,2.559873915061e-03,0.000000000000e+00,35.9949
29,105,0.4101562500,0.1601562500,2.597505112860e-03,2.300000000000e-03,20000,22044,0.000000000000e+00,2.597505112860e-03,2.597505112860e-03,0.000000000000e+00,36.0012
29,106,0.4140625000,0.1640625000,1.741189014299e-03,1.750000000000e-03,20000,22044,0.000000000000e+00,1.741189014299e-03,1.741189014299e-03,0.000000000000e+00,35.8275
29,107,0.4179687500,0.1679687500,1.856856490036e-03,1.550000000000e-03,20000,22044,0.000000000000e+00,1.856856490036e-03,1.856856490036e-03,0.000000000000e+00,35.8554
29,108,0.4218750000,0.1718750000,8.485655305336e-04,1.050000000000e-03,20000,22044,0.000000000000e+00,8.485655305336e-04,8.485655305336e-04,0.000000000000e+00,35.5153
29,109,0.4257812500,0.1757812500,1.939883312663e-03,2.050000000000e-03,20000,22044,0.000000000000e+00,1.939883312663e-03,1.939883312663e-03,0.000000000000e+00,35.8744
29,110,0.4296875000,0.1796875000,9.463171236956e-04,8.000000000000e-04,20000,22044,0.000000000000e+00,9.463171236956e-04,9.463171236956e-04,0.000000000000e+00,35.5627
29,111,0.4335937500,0.1835937500,1.328264981138e-03,1.000000000000e-03,20000,22044,0.000000000000e+00,1.328264981138e-03,1.328264981138e-03,0.000000000000e+00,35.7099
29,112,0.4375000000,0.1875000000,6.626270189718e-04,8.000000000000e-04,20000,22044,0.000000000000e+00,6.626270189718e-04,6.626270189718e-04,0.000000000000e+00,35.4079
29,113,0.4414062500,0.1914062500,1.404406008714e-03,1.400000000000e-03,20000,22044,0.000000000000e+00,1.404406008714e-03,1.404406008714e-03,0.000000000000e+00,35.7342
29,114,0.4453125000,0.1953125000,3.885212603060e-04,2.500000000000e-04,20000,22044,0.000000000000e+00,3.885212603060e-04,3.885212603060e-04,0.000000000000e+00,35.1761
29,115,0.4492187500,0.1992187500,1.171159765209e-03,1.450000000000e-03,20000,22044,0.000000000000e+00,1.171159765209e-03,1.171159765209e-03,0.000000000000e+00,35.6553
29,116,0.4531250000,0.2031250000,4.028126177402e-04,4.000000000000e-04,20000,22044,0.000000000000e+00,4.028126177402e-04,4.028126177402e-04,0.000000000000e+00,35.1918
29,117,0.4570312500,0.2070312500,8.158706031216e-04,6.000000000000e-04,20000,22044,0.000000000000e+00,8.158706031216e-04,8.158706031216e-04,0.000000000000e+00,35.4983
29,118,0.4609375000,0.2109375000,8.577723317260e-04,9.500000000000e-04,20000,22044,0.000000000000e+00,8.577723317260e-04,8.577723317260e-04,0.000000000000e+00,35.5200
29,119,0.4648437500,0.2148437500,4.751593612690e-05,5.000000000000e-05,20000,22044,0.000000000000e+00,4.751593612690e-05,4.751593612690e-05,0.000000000000e+00,34.2635
29,120,0.4687500000,0.2187500000,5.782210433849e-04,4.500000000000e-04,20000,22044,0.000000000000e+00,5.782210433849e-04,5.782210433849e-04,0.000000000000e+00,35.3488
29,121,0.4726562500,0.2226562500,1.244855931423e-04,1.000000000000e-04,20000,22044,0.000000000000e+00,1.244855931423e-04,1.244855931423e-04,0.000000000000e+00,34.6818
29,122,0.4765625000,0.2265625000,2.782839768766e-04,4.000000000000e-04,20000,22044,0.000000000000e+00,2.782839768766e-04,2.782839768766e-04,0.000000000000e+00,35.0311
29,123,0.4804687500,0.2304687500,8.292407765939e-05,5.000000000000e-05,20000,22044,0.000000000000e+00,8.292407765939e-05,8.292407765939e-05,0.000000000000e+00,34.5053
29,124,0.4843750000,0.2343750000,1.674605615635e-04,1.000000000000e-04,20000,22044,0.000000000000e+00,1.674605615635e-04,1.674605615635e-04,0.000000000000e+00,34.8106
29,125,0.4882812500,0.2382812500,5.544703868283e-05,0.000000000000e+00,20000,22044,0.000000000000e+00,5.544703868283e-05,5.544703868283e-05,0.000000000000e+00,34.3305
29,126,0.4921875000,0.2421875000,9.226850099883e-05,5.000000000000e-05,20000,22044,0.000000000000e+00,9.226850099883e-05,9.226850099883e-05,0.000000000000e+00,34.5517
29,127,0.4960937500,0.2460937500,3.929633249954e-05,5.000000000000e-05,20000,22044,0.000000000000e+00,3.929633249954e-05,3.929633249954e-05,0.000000000000e+00,34.1810
29,128,0.5000000000,0.2500000000,4.296371249919e-05,0.000000000000e+00,20000,22044,0.000000000000e+00,4.296371249919e-05,4.296371249919e-05,0.000000000000e+00,34.2198
29,129,0.5039062500,0.2539062500,1.977392459447e-05,0.000000000000e+00,20000,22044,0.000000000000e+00,1.977392459447e-05,1.977392459447e-05,0.000000000000e+00,33.8828
29,130,0.5078125000,0.2578125000,2.065249770435e-05,0.000000000000e+00,20000,22044,0.000000000000e+00,2.065249770435e-05,2.065249770435e-05,0.000000000000e+00,33.9016
29,131,0.5117187500,0.2617187500,1.705156369305e-05,1.000000000000e-04,20000,22044,0.000000000000e+00,1.705156369305e-05,1.705156369305e-05,0.000000000000e+00,33.8184
29,132,0.5156250000,0.2656250000,1.107876785274e-06,0.000000000000e+00,20000,22044,0.000000000000e+00,1.107876785274e-06,1.107876785274e-06,0.000000000000e+00,32.6312
29,133,0.5195312500,0.2695312500,6.759665803190e-06,0.000000000000e+00,20000,22044,0.000000000000e+00,6.759665803190e-06,6.759665803190e-06,0.000000000000e+00,33.4166
29,134,0.5234375000,0.2734375000,4.760143077997e-07,0.000000000000e+00,20000,22044,0.000000000000e+00,4.760143077997e-07,4.760143077997e-07,0.000000000000e+00,32.2643
29,135,0.5273437500,0.2773437500,2.295584987090e-06,0.000000000000e+00,20000,22044,0.000000000000e+00,2.295584987090e-06,2.295584987090e-06,0.000000000000e+00,32.9476
29,136,0.5312500000,0.2812500000,2.047601904261e-07,0.000000000000e+00,20000,22044,0.000000000000e+00,2.047601904261e-07,2.047601904261e-07,0.000000000000e+00,31.8979
29,137,0.5351562500,0.2851562500,6.589808012456e-07,0.000000000000e+00,20000,22044,0.000000000000e+00,6.589808012456e-07,6.589808012456e-07,0.000000000000e+00,32.4055
29,138,0.5390625000,0.2890625000,7.242677529158e-08,0.000000000000e+00,20000,22044,0.000000000000e+00,7.242677529158e-08,7.242677529158e-08,0.000000000000e+00,31.4466
29,139,0.5429687500,0.2929687500,1.569769492027e-07,0.000000000000e+00,20000,22044,0.000000000000e+00,1.569769492027e-07,1.569769492027e-07,0.000000000000e+00,31.7825
29,140,0.5468750000,0.2968750000,2.194034428991e-08,0.000000000000e+00,20000,22044,0.000000000000e+00,2.194034428991e-08,2.194034428991e-08,0.000000000000e+00,30.9279
29,141,0.5507812500,0.3007812500,2.870942790560e-08,0.000000000000e+00,20000,22044,0.000000000000e+00,2.870942790560e-08,2.870942790560e-08,0.000000000000e+00,31.0447
29,142,0.5546875000,0.3046875000,4.752405987100e-09,0.000000000000e+00,20000,22044,0.000000000000e+00,4.752405987100e-09,4.752405987100e-09,0.000000000000e+00,30.2636
29,143,0.5585937500,0.3085937500,4.269990047345e-09,0.000000000000e+00,20000,22044,0.000000000000e+00,4.269990047345e-09,4.269990047345e-09,0.000000000000e+00,30.2171
29,144,0.5625000000,0.3125000000,8.083557470035e-10,0.000000000000e+00,20000,22044,0.000000000000e+00,8.083557470035e-10,8.083557470035e-10,0.000000000000e+00,29.4943
29,145,0.5664062500,0.3164062500,4.303767927052e-10,0.000000000000e+00,20000,22044,0.000000000000e+00,4.303767927052e-10,4.303767927052e-10,0.000000000000e+00,29.2205
29,146,0.5703125000,0.3203125000,1.215963656039e-10,0.000000000000e+00,20000,22044,0.000000000000e+00,1.215963656039e-10,1.215963656039e-10,0.000000000000e+00,28.6716
29,147,0.5742187500,0.3242187500,9.923186704787e-13,0.000000000000e+00,20000,22044,0.000000000000e+00,9.923186704787e-13,9.923186704787e-13,0.000000000000e+00,26.5833
29,148,0.5781250000,0.3281250000,7.760582002618e-12,0.000000000000e+00,20000,22044,0.000000000000e+00,7.760582002618e-12,7.760582002618e-12,0.000000000000e+00,27.4766
29,150,0.5859375000,0.3359375000,2.355240050941e-13,0.000000000000e+00,20000,22044,0.000000000000e+00,2.355240050941e-13,2.355240050941e-13,0.000000000000e+00,25.9587
30,0,0.0000000000,-0.2500000000,4.965508708961e-02,5.095000000000e-02,20000,22044,0.000000000000e+00,4.965508708961e-02,0.000000000000e+00,4.965508708961e-02,38.1766
30,1,0.0039062500,-0.2460937500,1.567555065204e-02,1.525000000000e-02,20000,22044,0.000000000000e+00,1.567555065204e-02,0.000000000000e+00,1.567555065204e-02,37.6758
30,2,0.0078125000,-0.2421875000,2.158379152577e-03,2.800000000000e-03,20000,22044,0.000000000000e+00,2.158379152577e-03,0.000000000000e+00,2.158379152577e-03,36.8147
30,3,0.0117187500,-0.2382812500,5.353668306684e-03,4.650000000000e-03,20000,22044,0.000000000000e+00,5.353668306684e-03,0.000000000000e+00,5.353668306684e-03,37.2093
30,4,0.0156250000,-0.2343750000,2.559317435062e-03,3.300000000000e-03,20000,22044,0.000000000000e+00,2.559317435062e-03,0.000000000000e+00,2.559317435062e-03,36.8887
30,5,0.0195312500,-0.2304687500,3.119826264674e-03,3.150000000000e-03,20000,22044,0.000000000000e+00,3.119826264674e-03,0.000000000000e+00,3.119826264674e-03,36.9747
30,6,0.0234375000,-0.2265625000,8.628886075006e-04,1.000000000000e-03,20000,22044,0.000000000000e+00,8.628886075006e-04,0.000000000000e+00,8.628886075006e-04,36.4166
30,7,0.0273437500,-0.2226562500,3.116653183229e-03,3.150000000000e-03,20000,22044,0.000000000000e+00,3.116653183229e-03,0.000000000000e+00,3.116653183229e-03,36.9743
30,8,0.0312500000,-0.2187500000,1.848478684873e-03,1.900000000000e-03,20000,22044,0.000000000000e+00,1.848478684873e-03,0.000000000000e+00,1.848478684873e-03,36.7474
30,9,0.0351562500,-0.2148437500,3.086759658057e-03,4.150000000000e-03,20000,22044,0.000000000000e+00,3.086759658057e-03,0.000000000000e+00,3.086759658057e-03,36.9701
30,10,0.0390625000,-0.2109375000,8.630769330749e-04,7.500000000000e-04,20000,22044,0.000000000000e+00,8.630769330749e-04,0.000000000000e+00,8.630769330749e-04,36.4167
30,11,0.0429687500,-0.2070312500,8.444032004285e-04,6.000000000000e-04,20000,22044,0.000000000000e+00,8.444032004285e-04,0.000000000000e+00,8.444032004285e-04,36.4072
30,12,0.0468750000,-0.2031250000,1.517781717377e-04,1.000000000000e-04,20000,22044,0.000000000000e+00,1.517781717377e-04,0.000000000000e+00,1.517781717377e-04,35.6618
30,13,0.0507812500,-0.1992187500,4.650728223248e-04,4.000000000000e-04,20000,22044,0.000000000000e+00,4.650728223248e-04,0.000000000000e+00,4.650728223248e-04,36.1481
30,14,0.0546875000,-0.1953125000,1.073747589319e-04,1.000000000000e-04,20000,22044,0.000000000000e+00,1.073747589319e-04,0.000000000000e+00,1.073747589319e-04,35.5115
30,15,0.0585937500,-0.1914062500,2.694673845458e-03,2.450000000000e-03,20000,22044,0.000000000000e+00,2.694673845458e-03,0.000000000000e+00,2.694673845458e-03,36.9111
30,16,0.0625000000,-0.1875000000,1.828192452782e-03,1.750000000000e-03,20000,22044,0.000000000000e+00,1.828192452782e-03,0.000000000000e+00,1.828192452782e-03,36.7426
30,17,0.0664062500,-0.1835937500,3.042642749479e-03,2.950000000000e-03,20000,22044,0.000000000000e+00,3.042642749479e-03,0.000000000000e+00,3.042642749479e-03,36.9639
30,18,0.0703125000,-0.1796875000,8.940625912342e-04,8.000000000000e-04,20000,22044,0.000000000000e+00,8.940625912342e-04,0.000000000000e+00,8.940625912342e-04,36.4320
30,19,0.0742187500,-0.1757812500,7.801255672443e-04,7.500000000000e-04,20000,22044,0.000000000000e+00,7.801255672443e-04,0.000000000000e+00,7.801255672443e-04,36.3728
30,20,0.0781250000,-0.1718750000,1.722857114233e-04,2.000000000000e-04,20000,22044,0.000000000000e+00,1.722857114233e-04,0.000000000000e+00,1.722857114233e-04,35.7169
30,21,0.0820312500,-0.1679687500,4.309842677289e-04,3.500000000000e-04,20000,22044,0.000000000000e+00,4.309842677289e-04,0.000000000000e+00,4.309842677289e-04,36.1151
30,22,0.0859375000,-0.1640625000,1.660401797899e-04,1.500000000000e-04,20000,22044,0.000000000000e+00,1.660401797899e-04,0.000000000000e+00,1.660401797899e-04,35.7008
30,23,0.0898437500,-0.1601562500,4.124462063708e-04,5.000000000000e-04,20000,22044,0.000000000000e+00,4.124462063708e-04,0.000000000000e+00,4.124462063708e-04,36.0960
30,24,0.0937500000,-0.1562500000,8.433812434781e-05,1.000000000000e-04,20000,22044,0.000000000000e+00,8.433812434781e-05,0.000000000000e+00,8.433812434781e-05,35.4066
30,25,0.0976562500,-0.1523437500,4.163388813431e-04,6.000000000000e-04,20000,22044,0.000000000000e+00,4.163388813431e-04,0.000000000000e+00,4.163388813431e-04,36.1001
30,26,0.1015625000,-0.1484375000,1.307180844063e-04,2.000000000000e-04,20000,22044,0.000000000000e+00,1.307180844063e-04,0.000000000000e+00,1.307180844063e-04,35.5969
30,27,0.1054687500,-0.1445312500,8.266616574849e-05,1.000000000000e-04,20000,22044,0.000000000000e+00,8.266616574849e-05,0.000000000000e+00,8.266616574849e-05,35.3979
30,28,0.1093750000,-0.1406250000,4.476238397401e-05,0.000000000000e+00,20000,22044,0.000000000000e+00,4.476238397401e-05,0.000000000000e+00,4.476238397401e-05,35.1315
30,29,0.1132812500,-0.1367187500,2.537749526133e-04,2.500000000000e-04,20000,22044,0.000000000000e+00,2.537749526133e-04,0.000000000000e+00,2.537749526133e-04,35.8851
30,30,0.1171875000,-0.1328125000,4.200968233383e-04,6.000000000000e-04,20000,22044,0.000000000000e+00,4.200968233383e-04,0.000000000000e+00,4.200968233383e-04,36.1040
30,31,0.1210937500,-0.1289062500,2.169868932351e-03,1.600000000000e-03,20000,22044,0.000000000000e+00,2.169868932351e-03,0.000000000000e+00,2.169868932351e-03,36.8170
30,32,0.1250000000,-0.1250000000,1.881497526117e-03,1.700000000000e-03,20000,22044,0.000000000000e+00,1.881497526117e-03,0.000000000000e+00,1.881497526117e-03,36.7551
30,33,0.1289062500,-0.1210937500,2.432834466391e-03,2.500000000000e-03,20000,22044,0.000000000000e+00,2.432834466391e-03,0.000000000000e+00,2.432834466391e-03,36.8667
30,34,0.1328125000,-0.1171875000,1.154017232546e-03,1.350000000000e-03,20000,22044,0.000000000000e+00,1.154017232546e-03,0.000000000000e+00,1.154017232546e-03,36.5428
30,35,0.1367187500,-0.1132812500,7.691615336195e-04,1.050000000000e-03,20000,22044,0.000000000000e+00,7.691615336195e-04,0.000000000000e+00,7.691615336195e-04,36.3666
30,36,0.1406250000,-0.1093750000,3.218507951505e-04,2.500000000000e-04,20000,22044,0.000000000000e+00,3.218507951505e-04,0.000000000000e+00,3.218507951505e-04,35.9883
30,37,0.1445312500,-0.1054687500,3.231219089111e-04,2.500000000000e-04,20000,22044,0.000000000000e+00,3.231219089111e-04,0.000000000000e+00,3.231219089111e-04,35.9900
30,38,0.1484375000,-0.1015625000,3.508721418640e-04,2.000000000000e-04,20000,22044,0.000000000000e+00,3.508721418640e-04,0.000000000000e+00,3.508721418640e-04,36.0258
30,39,0.1523437500,-0.0976562500,3.231681049286e-04,1.000000000000e-04,20000,22044,0.000000000000e+00,3.231681049286e-04,0.000000000000e+00,3.231681049286e-04,35.9900
30,40,0.1562500000,-0.0937500000,1.224048974517e-04,1.500000000000e-04,20000,22044,0.000000000000e+00,1.224048974517e-04,0.000000000000e+00,1.224048974517e-04,35.5684
30,41,0.1601562500,-0.0898437500,2.926638850170e-04,2.000000000000e-04,20000,22044,0.000000000000e+00,2.926638850170e-04,0.000000000000e+00,2.926638850170e-04,35.9470
30,42,0.1640625000,-0.0859375000,1.915856291003e-04,2.500000000000e-04,20000,22044,0.000000000000e+00,1.915856291003e-04,0.000000000000e+00,1.915856291003e-04,35.7630
30,43,0.1679687500,-0.0820312500,7.509993512077e-05,5.000000000000e-05,20000,22044,0.000000000000e+00,7.509993512077e-05,0.000000000000e+00,7.509993512077e-05,35.3562
30,44,0.1718750000,-0.0781250000,1.302619298466e-04,0.000000000000e+00,20000,22044,0.000000000000e+00,1.302619298466e-04,0.000000000000e+00,1.302619298466e-04,35.5954
30,45,0.1757812500,-0.0742187500,3.790639424530e-05,5.000000000000e-05,20000,22044,0.000000000000e+00,3.790639424530e-05,0.000000000000e+00,3.790639424530e-05,35.0593
30,46,0.1796875000,-0.0703125000,1.617843212380e-04,1.500000000000e-04,20000,22044,0.000000000000e+00,1.617843212380e-04,0.000000000000e+00,1.617843212380e-04,35.6895
30,47,0.1835937500,-0.0664062500,2.836709262771e-04,4.500000000000e-04,20000,22044,0.000000000000e+00,2.836709262771e-04,0.000000000000e+00,2.836709262771e-04,35.9334
30,48,0.1875000000,-0.0625000000,5.067943866183e-05,0.000000000000e+00,20000,22044,0.000000000000e+00,5.067943866183e-05,0.000000000000e+00,5.067943866183e-05,35.1854
30,49,0.1914062500,-0.0585937500,2.809183738558e-04,2.000000000000e-04,20000,22044,5.099452742683e-11,2.809183228613e-04,5.099452742683e-11,2.809183228613e-04,35.9292
30,50,0.1953125000,-0.0546875000,1.844055449065e-04,1.000000000000e-04,20000,22044,1.977969548677e-09,1.844035669369e-04,2.024328209974e-09,1.844035205783e-04,35.7464
30,51,0.1992187500,-0.0507812500,7.033299802171e-05,1.000000000000e-04,20000,22044,3.642430923889e-08,7.029657371248e-05,3.642879057614e-08,7.029656923114e-05,35.3278
30,52,0.2031250000,-0.0468750000,8.697205759786e-05,1.000000000000e-04,20000,22044,4.241087887617e-07,8.654794880910e-05,4.563065436603e-07,8.651575105420e-05,35.4200
30,53,0.2070312500,-0.0429687500,4.513631189993e-05,5.000000000000e-05,20000,22044,3.508252848212e-06,4.162805905171e-05,3.511243844600e-06,4.162506805533e-05,35.1351
30,54,0.2109375000,-0.0390625000,6.416908090844e-05,1.000000000000e-04,20000,22044,2.196234404396e-05,4.220673686449e-05,2.500027963981e-05,3.916880126864e-05,35.2879
30,55,0.2148437500,-0.0351562500,1.379919397586e-04,1.000000000000e-04,20000,22044,1.082278973320e-04,2.976404242662e-05,1.084977762924e-04,2.949416346616e-05,35.6205
30,56,0.2187500000,-0.0312500000,5.537370975698e-04,6.000000000000e-04,20000,22044,4.311446032491e-04,1.225924943208e-04,5.238396215482e-04,2.989747602168e-05,36.2239
30,57,0.2226562500,-0.0273437500,1.446255064811e-03,1.500000000000e-03,20000,22044,1.414947442031e-03,3.130762277993e-05,1.422787960032e-03,2.346710477918e-05,36.6409
30,58,0.2265625000,-0.0234375000,5.111933271283e-03,4.800000000000e-03,20000,22044,3.878983641704e-03,1.232949629579e-03,5.093175575195e-03,1.875769608815e-05,37.1892
30,59,0.2304687500,-0.0195312500,9.087979683263e-03,1.020000000000e-02,20000,22044,8.975537148721e-03,1.124425345415e-04,9.073216748000e-03,1.476293526242e-05,37.4391
30,60,0.2343750000,-0.0156250000,2.553224987256e-02,2.555000000000e-02,20000,22044,1.766661190240e-02,7.865637970158e-03,2.552412226070e-02,8.127611859878e-06,37.8877
30,61,0.2382812500,-0.0117187500,3.036607460500e-02,2.905000000000e-02,20000,22044,2.975218049928e-02,6.138941057239e-04,3.035798282111e-02,8.091783896374e-06,37.9630
30,62,0.2421875000,-0.0078125000,7.034845037803e-02,6.995000000000e-02,20000,22044,4.305097219854e-02,2.729747817949e-02,7.034660445807e-02,1.845919963448e-06,38.3279
30,63,0.2460937500,-0.0039062500,5.574822903543e-02,5.785000000000e-02,20000,22044,5.367643536234e-02,2.071793673096e-03,5.574548679769e-02,2.742237736483e-06,38.2268
30,64,0.2500000000,0.0000000000,1.040965002268e-01,1.039500000000e-01,20000,22044,5.776154460230e-02,4.633495562453e-02,1.040960803024e-01,4.199244299589e-07,38.4980
30,65,0.2539062500,0.0039062500,6.451198393938e-02,6.730000000000e-02,20000,22044,5.367643536234e-02,1.083554857704e-02,6.451130949371e-02,6.744456637149e-07,38.2902
30,66,0.2578125000,0.0078125000,8.358785494405e-02,8.240000000000e-02,20000,22044,4.305097219854e-02,4.053688274552e-02,8.358773261627e-02,1.223277839196e-07,38.4028
30,67,0.2617187500,0.0117187500,5.117008316300e-02,5.180000000000e-02,20000,22044,2.975218049928e-02,2.141790266372e-02,5.116999188227e-02,9.128072155457e-08,38.1896
30,68,0.2656250000,0.0156250000,5.036720564279e-02,5.110000000000e-02,20000,22044,1.766661190240e-02,3.270059374038e-02,5.036718636737e-02,1.927542127099e-08,38.1828
30,69,0.2695312500,0.0195312500,2.281971572687e-02,2.160000000000e-02,20000,22044,8.975537148721e-03,1.384417857814e-02,2.281970984427e-02,5.882595438387e-09,37.8389
30,70,0.2734375000,0.0234375000,3.496186710123e-02,3.595000000000e-02,20000,22044,3.878983641704e-03,3.108288345953e-02,3.496186562810e-02,1.473131791362e-09,38.0242
30,71,0.2773437500,0.0273437500,1.541016168016e-02,1.560000000000e-02,20000,22044,1.414947442031e-03,1.399521423813e-02,1.541016156490e-02,1.152595223949e-10,37.6684
30,72,0.2812500000,0.0312500000,1.683640706881e-02,1.480000000000e-02,20000,22044,4.311446032491e-04,1.640526246556e-02,1.683640702771e-02,4.109869828597e-11,37.7069
30,73,0.2851562500,0.0351562500,1.332558613647e-02,1.390000000000e-02,20000,22044,1.082278973320e-04,1.321735823914e-02,1.332558613557e-02,9.054224042417e-13,37.6053
30,74,0.2890625000,0.0390625000,1.565119994344e-02,1.530000000000e-02,20000,22044,2.196234404396e-05,1.562923759939e-02,1.565119994313e-02,3.084813184205e-13,37.6752
30,75,0.2929687500,0.0429687500,3.534178273038e-03,3.050000000000e-03,20000,22044,3.508252848212e-06,3.530670020190e-03,3.534178273037e-03,9.896795250785e-16,37.0289
30,76,0.2968750000,0.0468750000,2.160152664763e-02,2.235000000000e-02,20000,22044,4.241087887617e-07,2.160110253884e-02,2.160152664763e-02,0.000000000000e+00,37.8151
30,77,0.3007812500,0.0507812500,3.434499421447e-03,3.550000000000e-03,20000,22044,3.642430923889e-08,3.434462997138e-03,3.434499421447e-03,0.000000000000e+00,37.0165
30,78,0.3046875000,0.0546875000,1.387261274844e-02,1.475000000000e-02,20000,22044,1.977969548677e-09,1.387261077048e-02,1.387261274844e-02,0.000000000000e+00,37.6228
30,79,0.3085937500,0.0585937500,1.231909048983e-02,1.310000000000e-02,20000,22044,5.099452742683e-11,1.231909043883e-02,1.231909048983e-02,0.000000000000e+00,37.5712
30,80,0.3125000000,0.0625000000,2.992036945015e-03,3.550000000000e-03,20000,22044,0.000000000000e+00,2.992036945015e-03,2.992036945015e-03,0.000000000000e+00,36.9566
30,81,0.3164062500,0.0664062500,1.175262215770e-02,1.075000000000e-02,20000,22044,0.000000000000e+00,1.175262215770e-02,1.175262215770e-02,0.000000000000e+00,37.5507
30,82,0.3203125000,0.0703125000,9.531365024582e-03,9.050000000000e-03,20000,22044,0.000000000000e+00,9.531365024582e-03,9.531365024582e-03,0.000000000000e+00,37.4598
30,83,0.3242187500,0.0742187500,2.414817286347e-03,3.050000000000e-03,20000,22044,0.000000000000e+00,2.414817286347e-03,2.414817286347e-03,0.000000000000e+00,36.8635
30,84,0.3281250000,0.0781250000,1.268903891360e-02,1.180000000000e-02,20000,22044,0.000000000000e+00,1.268903891360e-02,1.268903891360e-02,0.000000000000e+00,37.5840
30,85,0.3320312500,0.0820312500,3.167789166530e-03,2.650000000000e-03,20000,22044,0.000000000000e+00,3.167789166530e-03,3.167789166530e-03,0.000000000000e+00,36.9814
30,86,0.3359375000,0.0859375000,6.100342747260e-03,5.550000000000e-03,20000,22044,0.000000000000e+00,6.100342747260e-03,6.100342747260e-03,0.000000000000e+00,37.2660
30,87,0.3398437500,0.0898437500,1.889878681021e-03,2.300000000000e-03,20000,22044,0.000000000000e+00,1.889878681021e-03,1.889878681021e-03,0.000000000000e+00,36.7570
30,88,0.3437500000,0.0937500000,3.829829284003e-03,4.200000000000e-03,20000,22044,0.000000000000e+00,3.829829284003e-03,3.829829284003e-03,0.000000000000e+00,37.0638
30,89,0.3476562500,0.0976562500,2.719624784922e-03,3.000000000000e-03,20000,22044,0.000000000000e+00,2.719624784922e-03,2.719624784922e-03,0.000000000000e+00,36.9151
30,90,0.3515625000,0.1015625000,2.044222036515e-03,1.600000000000e-03,20000,22044,0.000000000000e+00,2.044222036515e-03,2.044222036515e-03,0.000000000000e+00,36.7911
30,91,0.3554687500,0.1054687500,5.613566090139e-03,5.300000000000e-03,20000,22044,0.000000000000e+00,5.613566090139e-03,5.613566090139e-03,0.000000000000e+00,37.2298
30,92,0.3593750000,0.1093750000,5.663559986255e-03,5.700000000000e-03,20000,22044,0.000000000000e+00,5.663559986255e-03,5.663559986255e-03,0.000000000000e+00,37.2337
30,93,0.3632812500,0.1132812500,2.444478376127e-03,2.050000000000e-03,20000,22044,0.000000000000e+00,2.444478376127e-03,2.444478376127e-03,0.000000000000e+00,36.8688
30,94,0.3671875000,0.1171875000,9.590420384848e-03,8.850000000000e-03,20000,22044,0.000000000000e+00,9.590420384848e-03,9.590420384848e-03,0.000000000000e+00,37.4624
30,95,0.3710937500,0.1210937500,1.053888827265e-02,1.030000000000e-02,20000,22044,0.000000000000e+00,1.053888827265e-02,1.053888827265e-02,0.000000000000e+00,37.5034
30,96,0.3750000000,0.1250000000,2.349634872478e-03,1.800000000000e-03,20000,22044,0.000000000000e+00,2.349634872478e-03,2.349634872478e-03,0.000000000000e+00,36.8516
30,97,0.3789062500,0.1289062500,1.028285837117e-02,1.010000000000e-02,20000,22044,0.000000000000e+00,1.028285837117e-02,1.028285837117e-02,0.000000000000e+00,37.4927
30,98,0.3828125000,0.1328125000,9.010899857583e-03,8.100000000000e-03,20000,22044,0.000000000000e+00,9.010899857583e-03,9.010899857583e-03,0.000000000000e+00,37.4354
30,99,0.3867187500,0.1367187500,2.747230812113e-03,2.550000000000e-03,20000,22044,0.000000000000e+00,2.747230812113e-03,2.747230812113e-03,0.000000000000e+00,36.9195
30,100,0.3906250000,0.1406250000,9.842406768772e-03,9.800000000000e-03,20000,22044,0.000000000000e+00,9.842406768772e-03,9.842406768772e-03,0.000000000000e+00,37.4737
30,101,0.3945312500,0.1445312500,4.283065641511e-03,4.150000000000e-03,20000,22044,0.000000000000e+00,4.283065641511e-03,4.283065641511e-03,0.000000000000e+00,37.1124
30,102,0.3984375000,0.1484375000,3.501761724406e-03,3.300000000000e-03,20000,22044,0.000000000000e+00,3.501761724406e-03,3.501761724406e-03,0.000000000000e+00,37.0249
30,103,0.4023437500,0.1523437500,3.257377909850e-03,3.750000000000e-03,20000,22044,0.000000000000e+00,3.257377909850e-03,3.257377909850e-03,0.000000000000e+00,36.9935
30,104,0.4062500000,0.1562500000,3.179350114808e-03,2.950000000000e-03,20000,22044,0.000000000000e+00,3.179350114808e-03,3.179350114808e-03,0.000000000000e+00,36.9829
30,105,0.4101562500,0.1601562500,1.956984241484e-03,1.900000000000e-03,20000,22044,0.000000000000e+00,1.956984241484e-03,1.956984241484e-03,0.000000000000e+00,36.7722
30,106,0.4140625000,0.1640625000,1.788663363020e-03,1.250000000000e-03,20000,22044,0.000000000000e+00,1.788663363020e-03,1.788663363020e-03,0.000000000000e+00,36.7331
30,107,0.4179687500,0.1679687500,1.776717425062e-03,1.650000000000e-03,20000,22044,0.000000000000e+00,1.776717425062e-03,1.776717425062e-03,0.000000000000e+00,36.7302
30,108,0.4218750000,0.1718750000,2.007054414211e-03,1.800000000000e-03,20000,22044,0.000000000000e+00,2.007054414211e-03,2.007054414211e-03,0.000000000000e+00,36.7832
30,109,0.4257812500,0.1757812500,1.173359313429e-03,1.200000000000e-03,20000,22044,0.000000000000e+00,1.173359313429e-03,1.173359313429e-03,0.000000000000e+00,36.5500
30,110,0.4296875000,0.1796875000,1.462677186072e-03,1.650000000000e-03,20000,22044,0.000000000000e+00,1.462677186072e-03,1.462677186072e-03,0.000000000000e+00,36.6458
30,111,0.4335937500,0.1835937500,8.992852178542e-04,7.000000000000e-04,20000,22044,0.000000000000e+00,8.992852178542e-04,8.992852178542e-04,0.000000000000e+00,36.4345
30,112,0.4375000000,0.1875000000,1.358868168952e-03,1.300000000000e-03,20000,22044,0.000000000000e+00,1.358868168952e-03,1.358868168952e-03,0.000000000000e+00,36.6138
30,113,0.4414062500,0.1914062500,6.344198939306e-04,8.000000000000e-04,20000,22044,0.000000000000e+00,6.344198939306e-04,6.344198939306e-04,0.000000000000e+00,36.2830
30,114,0.4453125000,0.1953125000,1.387922030257e-03,1.600000000000e-03,20000,22044,0.000000000000e+00,1.387922030257e-03,1.387922030257e-03,0.000000000000e+00,36.6230
30,115,0.4492187500,0.1992187500,4.345862817263e-04,4.000000000000e-04,20000,22044,0.000000000000e+00,4.345862817263e-04,4.345862817263e-04,0.000000000000e+00,36.1187
30,116,0.4531250000,0.2031250000,1.029722438508e-03,1.300000000000e-03,20000,22044,0.000000000000e+00,1.029722438508e-03,1.029722438508e-03,0.000000000000e+00,36.4933
30,117,0.4570312500,0.2070312500,9.354339166362e-04,1.050000000000e-03,20000,22044,0.000000000000e+00,9.354339166362e-04,9.354339166362e-04,0.000000000000e+00,36.4516
30,118,0.4609375000,0.2109375000,2.040055189778e-04,1.500000000000e-04,20000,22044,0.000000000000e+00,2.040055189778e-04,2.040055189778e-04,0.000000000000e+00,35.7902
30,119,0.4648437500,0.2148437500,7.762688997193e-04,9.000000000000e-04,20000,22044,0.000000000000e+00,7.762688997193e-04,7.762688997193e-04,0.000000000000e+00,36.3706
30,120,0.4687500000,0.2187500000,4.765984537149e-05,5.000000000000e-05,20000,22044,0.000000000000e+00,4.765984537149e-05,4.765984537149e-05,0.000000000000e+00,35.1588
30,121,0.4726562500,0.2226562500,5.052015254966e-04,1.500000000000e-04,20000,22044,0.000000000000e+00,5.052015254966e-04,5.052015254966e-04,0.000000000000e+00,36.1841
30,122,0.4765625000,0.2265625000,1.261813906418e-04,1.500000000000e-04,20000,22044,0.000000000000e+00,1.261813906418e-04,1.261813906418e-04,0.000000000000e+00,35.5816
30,123,0.4804687500,0.2304687500,2.298798920587e-04,2.500000000000e-04,20000,22044,0.000000000000e+00,2.298798920587e-04,2.298798920587e-04,0.000000000000e+00,35.8421
30,124,0.4843750000,0.2343750000,8.249580205504e-05,2.500000000000e-04,20000,22044,0.000000000000e+00,8.249580205504e-05,8.249580205504e-05,0.000000000000e+00,35.3970
30,125,0.4882812500,0.2382812500,1.359427605901e-04,1.000000000000e-04,20000,22044,0.000000000000e+00,1.359427605901e-04,1.359427605901e-04,0.000000000000e+00,35.6140
30,126,0.4921875000,0.2421875000,5.931780816862e-05,5.000000000000e-05,20000,22044,0.000000000000e+00,5.931780816862e-05,5.931780816862e-05,0.000000000000e+00,35.2538
30,127,0.4960937500,0.2460937500,6.705367204232e-05,5.000000000000e-05,20000,22044,0.000000000000e+00,6.705367204232e-05,6.705367204232e-05,0.000000000000e+00,35.3070
30,128,0.5000000000,0.2500000000,3.372724212612e-05,0.000000000000e+00,20000,22044,0.000000000000e+00,3.372724212612e-05,3.372724212612e-05,0.000000000000e+00,35.0086
30,129,0.5039062500,0.2539062500,3.492824845803e-05,0.000000000000e+00,20000,22044,0.000000000000e+00,3.492824845803e-05,3.492824845803e-05,0.000000000000e+00,35.0238
30,130,0.5078125000,0.2578125000,2.692319373819e-05,0.000000000000e+00,20000,22044,0.000000000000e+00,2.692319373819e-05,2.692319373819e-05,0.000000000000e+00,34.9107
30,131,0.5117187500,0.2617187500,5.473059659611e-06,0.000000000000e+00,20000,22044,0.000000000000e+00,5.473059659611e-06,5.473059659611e-06,0.000000000000e+00,34.2188
30,132,0.5156250000,0.2656250000,1.325308214883e-05,0.000000000000e+00,20000,22044,0.000000000000e+00,1.325308214883e-05,1.325308214883e-05,0.000000000000e+00,34.6029
30,133,0.5195312500,0.2695312500,8.468408118913e-07,0.000000000000e+00,20000,22044,0.000000000000e+00,8.468408118913e-07,8.468408118913e-07,0.000000000000e+00,33.4084
30,134,0.5234375000,0.2734375000,5.015356435039e-06,5.000000000000e-05,20000,22044,0.000000000000e+00,5.015356435039e-06,5.015356435039e-06,0.000000000000e+00,34.1809
30,135,0.5273437500,0.2773437500,4.018091133886e-07,0.000000000000e+00,20000,22044,0.000000000000e+00,4.018091133886e-07,4.018091133886e-07,0.000000000000e+00,33.0846
30,136,0.5312500000,0.2812500000,1.632969227100e-06,0.000000000000e+00,20000,22044,0.000000000000e+00,1.632969227100e-06,1.632969227100e-06,0.000000000000e+00,33.6936
30,137,0.5351562500,0.2851562500,1.632629268025e-07,0.000000000000e+00,20000,22044,0.000000000000e+00,1.632629268025e-07,1.632629268025e-07,0.000000000000e+00,32.6935
30,138,0.5390625000,0.2890625000,4.489826481344e-07,0.000000000000e+00,20000,22044,0.000000000000e+00,4.489826481344e-07,4.489826481344e-07,0.000000000000e+00,33.1328
30,139,0.5429687500,0.2929687500,5.422905275679e-08,0.000000000000e+00,20000,22044,0.000000000000e+00,5.422905275679e-08,5.422905275679e-08,0.000000000000e+00,32.2148
30,140,0.5468750000,0.2968750000,1.022954039648e-07,0.000000000000e+00,20000,22044,0.000000000000e+00,1.022954039648e-07,1.022954039648e-07,0.000000000000e+00,32.4905
30,141,0.5507812500,0.3007812500,1.564108589221e-08,0.000000000000e+00,20000,22044,0.000000000000e+00,1.564108589221e-08,1.564108589221e-08,0.000000000000e+00,31.6749
30,142,0.5546875000,0.3046875000,1.766138415156e-08,0.000000000000e+00,20000,22044,0.000000000000e+00,1.766138415156e-08,1.766138415156e-08,0.000000000000e+00,31.7276
30,143,0.5585937500,0.3085937500,3.320518995609e-09,0.000000000000e+00,20000,22044,0.000000000000e+00,3.320518995609e-09,3.320518995609e-09,0.000000000000e+00,31.0018
30,144,0.5625000000,0.3125000000,2.384421520506e-09,0.000000000000e+00,20000,22044,0.000000000000e+00,2.384421520506e-09,2.384421520506e-09,0.000000000000e+00,30.8580
30,145,0.5664062500,0.3164062500,6.707849008758e-10,0.000000000000e+00,20000,22044,0.000000000000e+00,6.707849008758e-10,6.707849008758e-10,0.000000000000e+00,30.3072
30,146,0.5703125000,0.3203125000,8.218987248965e-11,0.000000000000e+00,20000,22044,0.000000000000e+00,8.218987248965e-11,8.218987248965e-11,0.000000000000e+00,29.3954
30,147,0.5742187500,0.3242187500,7.164778183862e-11,0.000000000000e+00,20000,22044,0.000000000000e+00,7.164778183862e-11,7.164778183862e-11,0.000000000000e+00,29.3358
30,149,0.5820312500,0.3320312500,4.363400209596e-12,0.000000000000e+00,20000,22044,0.000000000000e+00,4.363400209596e-12,4.363400209596e-12,0.000000000000e+00,28.1204
30,151,0.5898437500,0.3398437500,1.274836316935e-13,0.000000000000e+00,20000,22044,0.000000000000e+00,1.274836316935e-13,1.274836316935e-13,0.000000000000e+00,26.5861
31,0,0.0000000000,-0.2500000000,4.977533445151e-02,5.025000000000e-02,20000,22044,0.000000000000e+00,4.977533445151e-02,0.000000000000e+00,4.977533445151e-02,39.0555
31,1,0.0039062500,-0.2460937500,1.679770685288e-02,1.705000000000e-02,20000,22044,0.000000000000e+00,1.679770685288e-02,0.000000000000e+00,1.679770685288e-02,38.5837
31,2,0.0078125000,-0.2421875000,1.188817484538e-03,1.100000000000e-03,20000,22044,0.000000000000e+00,1.188817484538e-03,0.000000000000e+00,1.188817484538e-03,37.4336
31,3,0.0117187500,-0.2382812500,6.894354698051e-03,7.250000000000e-03,20000,22044,0.000000000000e+00,6.894354698051e-03,0.000000000000e+00,6.894354698051e-03,38.1970
31,4,0.0156250000,-0.2343750000,1.408447079135e-03,1.600000000000e-03,20000,22044,0.000000000000e+00,1.408447079135e-03,0.000000000000e+00,1.408447079135e-03,37.5072
31,5,0.0195312500,-0.2304687500,4.008499765654e-03,3.100000000000e-03,20000,22044,0.000000000000e+00,4.008499765654e-03,0.000000000000e+00,4.008499765654e-03,37.9614
31,6,0.0234375000,-0.2265625000,9.390103436323e-04,1.100000000000e-03,20000,22044,0.000000000000e+00,9.390103436323e-04,0.000000000000e+00,9.390103436323e-04,37.3311
31,7,0.0273437500,-0.2226562500,3.697406217289e-03,3.350000000000e-03,20000,22044,0.000000000000e+00,3.697406217289e-03,0.000000000000e+00,3.697406217289e-03,37.9264
31,8,0.0312500000,-0.2187500000,8.094370349057e-04,8.000000000000e-04,20000,22044,0.000000000000e+00,8.094370349057e-04,0.000000000000e+00,8.094370349057e-04,37.2666
31,9,0.0351562500,-0.2148437500,3.961509404985e-03,4.600000000000e-03,20000,22044,0.000000000000e+00,3.961509404985e-03,0.000000000000e+00,3.961509404985e-03,37.9563
31,10,0.0390625000,-0.2109375000,9.398381348398e-04,6.000000000000e-04,20000,22044,0.000000000000e+00,9.398381348398e-04,0.000000000000e+00,9.398381348398e-04,37.3315
31,11,0.0429687500,-0.2070312500,7.587116444809e-04,7.000000000000e-04,20000,22044,0.000000000000e+00,7.587116444809e-04,0.000000000000e+00,7.587116444809e-04,37.2385
31,12,0.0468750000,-0.2031250000,3.398000301448e-04,3.000000000000e-04,20000,22044,0.000000000000e+00,3.398000301448e-04,0.000000000000e+00,3.398000301448e-04,36.8897
31,13,0.0507812500,-0.1992187500,4.165564843661e-04,2.500000000000e-04,20000,22044,0.000000000000e+00,4.165564843661e-04,0.000000000000e+00,4.165564843661e-04,36.9781
31,14,0.0546875000,-0.1953125000,1.157432961180e-04,2.000000000000e-04,20000,22044,0.000000000000e+00,1.157432961180e-04,0.000000000000e+00,1.157432961180e-04,36.4220
31,15,0.0585937500,-0.1914062500,3.348037538639e-03,3.050000000000e-03,20000,22044,0.000000000000e+00,3.348037538639e-03,0.000000000000e+00,3.348037538639e-03,37.8833
31,16,0.0625000000,-0.1875000000,7.838935470114e-04,4.000000000000e-04,20000,22044,0.000000000000e+00,7.838935470114e-04,0.000000000000e+00,7.838935470114e-04,37.2527
31,17,0.0664062500,-0.1835937500,3.892948056865e-03,4.000000000000e-03,20000,22044,0.000000000000e+00,3.892948056865e-03,0.000000000000e+00,3.892948056865e-03,37.9487
31,18,0.0703125000,-0.1796875000,9.937314646134e-04,8.000000000000e-04,20000,22044,0.000000000000e+00,9.937314646134e-04,0.000000000000e+00,9.937314646134e-04,37.3557
31,19,0.0742187500,-0.1757812500,6.414579961792e-04,5.500000000000e-04,20000,22044,0.000000000000e+00,6.414579961792e-04,0.000000000000e+00,6.414579961792e-04,37.1656
31,20,0.0781250000,-0.1718750000,3.908589225534e-04,5.000000000000e-04,20000,22044,0.000000000000e+00,3.908589225534e-04,0.000000000000e+00,3.908589225534e-04,36.9505
31,21,0.0820312500,-0.1679687500,3.530615569588e-04,5.500000000000e-04,20000,22044,0.000000000000e+00,3.530615569588e-04,0.000000000000e+00,3.530615569588e-04,36.9063
31,22,0.0859375000,-0.1640625000,2.353618301026e-04,5.000000000000e-04,20000,22044,0.000000000000e+00,2.353618301026e-04,0.000000000000e+00,2.353618301026e-04,36.7302
31,23,0.0898437500,-0.1601562500,3.668928704967e-04,2.500000000000e-04,20000,22044,0.000000000000e+00,3.668928704967e-04,0.000000000000e+00,3.668928704967e-04,36.9230
31,24,0.0937500000,-0.1562500000,2.401016143827e-04,2.500000000000e-04,20000,22044,0.000000000000e+00,2.401016143827e-04,0.000000000000e+00,2.401016143827e-04,36.7389
31,25,0.0976562500,-0.1523437500,3.439533345529e-04,6.500000000000e-04,20000,22044,0.000000000000e+00,3.439533345529e-04,0.000000000000e+00,3.439533345529e-04,36.8950
31,26,0.1015625000,-0.1484375000,1.690067291580e-04,2.000000000000e-04,20000,22044,0.000000000000e+00,1.690067291580e-04,0.000000000000e+00,1.690067291580e-04,36.5864
31,27,0.1054687500,-0.1445312500,1.171749498769e-04,1.000000000000e-04,20000,22044,0.000000000000e+00,1.171749498769e-04,0.000000000000e+00,1.171749498769e-04,36.4273
31,28,0.1093750000,-0.1406250000,1.889160841483e-05,5.000000000000e-05,20000,22044,0.000000000000e+00,1.889160841483e-05,0.000000000000e+00,1.889160841483e-05,35.6347
31,29,0.1132812500,-0.1367187500,4.327841318473e-04,3.500000000000e-04,20000,22044,0.000000000000e+00,4.327841318473e-04,0.000000000000e+00,4.327841318473e-04,36.9947
31,30,0.1171875000,-0.1328125000,1.027086085968e-04,0.000000000000e+00,20000,22044,0.000000000000e+00,1.027086085968e-04,0.000000000000e+00,1.027086085968e-04,36.3701
31,31,0.1210937500,-0.1289062500,3.051337805436e-03,2.750000000000e-03,20000,22044,0.000000000000e+00,3.051337805436e-03,0.000000000000e+00,3.051337805436e-03,37.8430
31,32,0.1250000000,-0.1250000000,7.801887107606e-04,6.500000000000e-04,20000,22044,0.000000000000e+00,7.801887107606e-04,0.000000000000e+00,7.801887107606e-04,37.2507
31,33,0.1289062500,-0.1210937500,3.414604384881e-03,3.700000000000e-03,20000,22044,0.000000000000e+00,3.414604384881e-03,0.000000000000e+00,3.414604384881e-03,37.8918
31,34,0.1328125000,-0.1171875000,9.332990424440e-04,6.500000000000e-04,20000,22044,0.000000000000e+00,9.332990424440e-04,0.000000000000e+00,9.332990424440e-04,37.3285
31,35,0.1367187500,-0.1132812500,7.714827198210e-04,8.500000000000e-04,20000,22044,0.000000000000e+00,7.714827198210e-04,0.000000000000e+00,7.714827198210e-04,37.2458
31,36,0.1406250000,-0.1093750000,5.211045564346e-04,5.000000000000e-04,20000,22044,0.000000000000e+00,5.211045564346e-04,0.000000000000e+00,5.211045564346e-04,37.0754
31,37,0.1445312500,-0.1054687500,2.900298459942e-04,3.500000000000e-04,20000,22044,0.000000000000e+00,2.900298459942e-04,0.000000000000e+00,2.900298459942e-04,36.8209
31,38,0.1484375000,-0.1015625000,4.266891024284e-04,4.000000000000e-04,20000,22044,0.000000000000e+00,4.266891024284e-04,0.000000000000e+00,4.266891024284e-04,36.9886
31,39,0.1523437500,-0.0976562500,2.739820135672e-04,3.500000000000e-04,20000,22044,0.000000000000e+00,2.739820135672e-04,0.000000000000e+00,2.739820135672e-04,36.7962
31,40,0.1562500000,-0.0937500000,2.672683673717e-04,1.500000000000e-04,20000,22044,0.000000000000e+00,2.672683673717e-04,0.000000000000e+00,2.672683673717e-04,36.7854
31,41,0.1601562500,-0.0898437500,1.765372526616e-04,5.000000000000e-05,20000,22044,0.000000000000e+00,1.765372526616e-04,0.000000000000e+00,1.765372526616e-04,36.6053
31,42,0.1640625000,-0.0859375000,2.533809295860e-04,1.000000000000e-04,20000,22044,0.000000000000e+00,2.533809295860e-04,0.000000000000e+00,2.533809295860e-04,36.7622
31,43,0.1679687500,-0.0820312500,1.443379530389e-04,1.500000000000e-04,20000,22044,0.000000000000e+00,1.443379530389e-04,0.000000000000e+00,1.443379530389e-04,36.5178
31,44,0.1718750000,-0.0781250000,8.451054760604e-05,1.500000000000e-04,20000,22044,0.000000000000e+00,8.451054760604e-05,0.000000000000e+00,8.451054760604e-05,36.2854
31,45,0.1757812500,-0.0742187500,1.048019271030e-04,2.000000000000e-04,20000,22044,0.000000000000e+00,1.048019271030e-04,0.000000000000e+00,1.048019271030e-04,36.3788
31,46,0.1796875000,-0.0703125000,1.932129726893e-04,1.000000000000e-04,20000,22044,0.000000000000e+00,1.932129726893e-04,0.000000000000e+00,1.932129726893e-04,36.6445
31,47,0.1835937500,-0.0664062500,1.856744736481e-04,2.000000000000e-04,20000,22044,0.000000000000e+00,1.856744736481e-04,0.000000000000e+00,1.856744736481e-04,36.6272
31,48,0.1875000000,-0.0625000000,2.052731197906e-04,4.500000000000e-04,20000,22044,0.000000000000e+00,2.052731197906e-04,0.000000000000e+00,2.052731197906e-04,36.6708
31,49,0.1914062500,-0.0585937500,1.770806281588e-04,2.500000000000e-04,20000,22044,8.860843953739e-10,1.770797420744e-04,8.860843953739e-10,1.770797420744e-04,36.6066
31,50,0.1953125000,-0.0546875000,2.314929935472e-04,1.000000000000e-04,20000,22044,0.000000000000e+00,2.314929935472e-04,2.231423312293e-11,2.314929712330e-04,36.7230
31,51,0.1992187500,-0.0507812500,1.446976654048e-04,4.500000000000e-04,20000,22044,2.193080499385e-07,1.444783573549e-04,2.200982603958e-07,1.444775671444e-04,36.5189
31,52,0.2031250000,-0.0468750000,3.803983730040e-05,1.000000000000e-04,20000,22044,0.000000000000e+00,3.803983730040e-05,1.589682142405e-08,3.802394047898e-05,35.9387
31,53,0.2070312500,-0.0429687500,9.831120493118e-05,2.000000000000e-04,20000,22044,1.328205204623e-05,8.502915288494e-05,1.345370230546e-05,8.485750262572e-05,36.3511
31,54,0.2109375000,-0.0390625000,1.469910328211e-05,0.000000000000e+00,20000,22044,0.000000000000e+00,1.469910328211e-05,1.531346983070e-06,1.316775629904e-05,35.5258
31,55,0.2148437500,-0.0351562500,3.797349713764e-04,1.500000000000e-04,20000,22044,3.095344292974e-04,7.020054207906e-05,3.185868063575e-04,6.114816501898e-05,36.9379
31,56,0.2187500000,-0.0312500000,5.905138795226e-05,5.000000000000e-05,20000,22044,0.000000000000e+00,5.905138795226e-05,4.746025659623e-05,1.159113135603e-05,36.1297
31,57,0.2226562500,-0.0273437500,3.589592502800e-03,3.450000000000e-03,20000,22044,3.363238754506e-03,2.263537482943e-04,3.545747169257e-03,4.384533354364e-05,37.9135
31,58,0.2265625000,-0.0234375000,6.384798569545e-04,7.500000000000e-04,20000,22044,0.000000000000e+00,6.384798569545e-04,6.279247342659e-04,1.055512268865e-05,37.1636
31,59,0.2304687500,-0.0195312500,2.060364959653e-02,2.085000000000e-02,20000,22044,1.887064592451e-02,1.733003672018e-03,2.058004043844e-02,2.360915809199e-05,38.6724
31,60,0.2343750000,-0.0156250000,4.087075918684e-03,4.600000000000e-03,20000,22044,0.000000000000e+00,4.087075918684e-03,4.079957203958e-03,7.118714726057e-06,37.9699
31,61,0.2382812500,-0.0117187500,6.628409354013e-02,6.590000000000e-02,20000,22044,5.798993290366e-02,8.294160636473e-03,6.627506523688e-02,9.028303248265e-06,39.1799
31,62,0.2421875000,-0.0078125000,1.414927140172e-02,1.430000000000e-02,20000,22044,0.000000000000e+00,1.414927140172e-02,1.414473148244e-02,4.539919273243e-06,38.5092
31,63,0.2460937500,-0.0039062500,1.231872124528e-01,1.186000000000e-01,20000,22044,1.008922680973e-01,2.229494435543e-02,1.231854423417e-01,1.770111056590e-06,39.4490
31,64,0.2500000000,0.0000000000,2.674753373765e-02,2.510000000000e-02,20000,22044,0.000000000000e+00,2.674753373765e-02,2.674627198855e-02,1.261749098268e-06,38.7857
31,65,0.2539062500,0.0039062500,1.275306626127e-01,1.257000000000e-01,20000,22044,1.008922680973e-01,2.663839451534e-02,1.275301308157e-01,5.317969718389e-07,39.4641
31,66,0.2578125000,0.0078125000,3.354166721165e-02,3.350000000000e-02,20000,22044,0.000000000000e+00,3.354166721165e-02,3.354141791372e-02,2.492979327552e-07,38.8840
31,67,0.2617187500,0.0117187500,7.623530611400e-02,7.445000000000e-02,20000,22044,5.798993290366e-02,1.824537321034e-02,7.623520528062e-02,1.008333765324e-07,39.2406
31,68,0.2656250000,0.0156250000,3.235167069003e-02,3.245000000000e-02,20000,22044,0.000000000000e+00,3.235167069003e-02,3.235164340931e-02,2.728072609966e-08,38.8684
31,69,0.2695312500,0.0195312500,4.115392765763e-02,4.185000000000e-02,20000,22044,1.887064592451e-02,2.228328173312e-02,4.115391704558e-02,1.061205190077e-08,38.9729
31,70,0.2734375000,0.0234375000,2.441674893128e-02,2.430000000000e-02,20000,22044,0.000000000000e+00,2.441674893128e-02,2.441674747282e-02,1.458463721874e-09,38.7461
31,71,0.2773437500,0.0273437500,1.996221028112e-02,2.140000000000e-02,20000,22044,3.363238754506e-03,1.659897152662e-02,1.996220976160e-02,5.195245993286e-10,38.6587
31,72,0.2812500000,0.0312500000,1.879497941169e-02,2.005000000000e-02,20000,22044,0.000000000000e+00,1.879497941169e-02,1.879497939210e-02,1.959185910166e-11,38.6325
31,73,0.2851562500,0.0351562500,8.510403441416e-03,9.200000000000e-03,20000,22044,3.095344292974e-04,8.200869012119e-03,8.510403432002e-03,9.414242945880e-12,38.2884
31,74,0.2890625000,0.0390625000,1.436845837810e-02,1.395000000000e-02,20000,22044,0.000000000000e+00,1.436845837810e-02,1.436845837795e-02,1.546886383070e-13,38.5159
31,75,0.2929687500,0.0429687500,1.498143589836e-02,1.545000000000e-02,20000,22044,1.328205204623e-05,1.496815384631e-02,1.498143589833e-02,3.367111511970e-14,38.5340
31,76,0.2968750000,0.0468750000,9.725054141924e-03,1.115000000000e-02,20000,22044,0.000000000000e+00,9.725054141924e-03,9.725054141924e-03,0.000000000000e+00,38.3464
31,77,0.3007812500,0.0507812500,1.492848796723e-02,1.630000000000e-02,20000,22044,2.193080499385e-07,1.492826865918e-02,1.492848796723e-02,0.000000000000e+00,38.5325
31,78,0.3046875000,0.0546875000,1.150170903754e-02,1.150000000000e-02,20000,22044,0.000000000000e+00,1.150170903754e-02,1.150170903754e-02,0.000000000000e+00,38.4192
31,79,0.3085937500,0.0585937500,4.104019557688e-03,4.700000000000e-03,20000,22044,8.860843953739e-10,4.104018671603e-03,4.104019557688e-03,0.000000000000e+00,37.9717
31,80,0.3125000000,0.0625000000,1.358388805010e-02,1.340000000000e-02,20000,22044,0.000000000000e+00,1.358388805010e-02,1.358388805010e-02,0.000000000000e+00,38.4915
31,81,0.3164062500,0.0664062500,2.193771321732e-03,1.750000000000e-03,20000,22044,0.000000000000e+00,2.193771321732e-03,2.193771321732e-03,0.000000000000e+00,37.6997
31,82,0.3203125000,0.0703125000,1.104462079860e-02,1.105000000000e-02,20000,22044,0.000000000000e+00,1.104462079860e-02,1.104462079860e-02,0.000000000000e+00,38.4016
31,83,0.3242187500,0.0742187500,1.072526840056e-02,1.190000000000e-02,20000,22044,0.000000000000e+00,1.072526840056e-02,1.072526840056e-02,0.000000000000e+00,38.3889
31,84,0.3281250000,0.0781250000,5.915042308940e-03,6.300000000000e-03,20000,22044,0.000000000000e+00,5.915042308940e-03,5.915042308940e-03,0.000000000000e+00,38.1304
31,85,0.3320312500,0.0820312500,6.284509432050e-03,6.850000000000e-03,20000,22044,0.000000000000e+00,6.284509432050e-03,6.284509432050e-03,0.000000000000e+00,38.1567
31,86,0.3359375000,0.0859375000,4.560906950975e-03,4.750000000000e-03,20000,22044,0.000000000000e+00,4.560906950975e-03,4.560906950975e-03,0.000000000000e+00,38.0175
31,87,0.3398437500,0.0898437500,3.996185133400e-03,3.700000000000e-03,20000,22044,0.000000000000e+00,3.996185133400e-03,3.996185133400e-03,0.000000000000e+00,37.9601
31,88,0.3437500000,0.0937500000,2.652051174680e-03,1.850000000000e-03,20000,22044,0.000000000000e+00,2.652051174680e-03,2.652051174680e-03,0.000000000000e+00,37.7820
31,89,0.3476562500,0.0976562500,2.958875558151e-03,3.250000000000e-03,20000,22044,0.000000000000e+00,2.958875558151e-03,2.958875558151e-03,0.000000000000e+00,37.8296
31,90,0.3515625000,0.1015625000,4.405022431393e-03,4.250000000000e-03,20000,22044,0.000000000000e+00,4.405022431393e-03,4.405022431393e-03,0.000000000000e+00,38.0024
31,91,0.3554687500,0.1054687500,9.284912935595e-04,1.400000000000e-03,20000,22044,0.000000000000e+00,9.284912935595e-04,9.284912935595e-04,0.000000000000e+00,37.3262
31,92,0.3593750000,0.1093750000,6.824512942541e-03,6.800000000000e-03,20000,22044,0.000000000000e+00,6.824512942541e-03,6.824512942541e-03,0.000000000000e+00,38.1925
31,93,0.3632812500,0.1132812500,8.505767604076e-03,9.200000000000e-03,20000,22044,0.000000000000e+00,8.505767604076e-03,8.505767604076e-03,0.000000000000e+00,38.2882
31,94,0.3671875000,0.1171875000,8.113940693415e-03,8.650000000000e-03,20000,22044,0.000000000000e+00,8.113940693415e-03,8.113940693415e-03,0.000000000000e+00,38.2677
31,95,0.3710937500,0.1210937500,4.170673518704e-03,3.550000000000e-03,20000,22044,0.000000000000e+00,4.170673518704e-03,4.170673518704e-03,0.000000000000e+00,37.9787
31,96,0.3750000000,0.1250000000,1.036680792406e-02,1.025000000000e-02,20000,22044,0.000000000000e+00,1.036680792406e-02,1.036680792406e-02,0.000000000000e+00,38.3741
31,97,0.3789062500,0.1289062500,2.522526014486e-03,2.700000000000e-03,20000,22044,0.000000000000e+00,2.522526014486e-03,2.522526014486e-03,0.000000000000e+00,37.7603
31,98,0.3828125000,0.1328125000,9.975117926887e-03,9.500000000000e-03,20000,22044,0.000000000000e+00,9.975117926887e-03,9.975117926887e-03,0.000000000000e+00,38.3574
31,99,0.3867187500,0.1367187500,1.072556092459e-02,1.140000000000e-02,20000,22044,0.000000000000e+00,1.072556092459e-02,1.072556092459e-02,0.000000000000e+00,38.3889
31,100,0.3906250000,0.1406250000,4.388773493350e-03,4.250000000000e-03,20000,22044,0.000000000000e+00,4.388773493350e-03,4.388773493350e-03,0.000000000000e+00,38.0008
31,101,0.3945312500,0.1445312500,5.047650768459e-03,4.850000000000e-03,20000,22044,0.000000000000e+00,5.047650768459e-03,5.047650768459e-03,0.000000000000e+00,38.0616
31,102,0.3984375000,0.1484375000,3.507711006128e-03,3.600000000000e-03,20000,22044,0.000000000000e+00,3.507711006128e-03,3.507711006128e-03,0.000000000000e+00,37.9035
31,103,0.4023437500,0.1523437500,3.447126484835e-03,3.350000000000e-03,20000,22044,0.000000000000e+00,3.447126484835e-03,3.447126484835e-03,0.000000000000e+00,37.8959
31,104,0.4062500000,0.1562500000,2.907509642031e-03,3.500000000000e-03,20000,22044,0.000000000000e+00,2.907509642031e-03,2.907509642031e-03,0.000000000000e+00,37.8220
31,105,0.4101562500,0.1601562500,2.885040909631e-03,2.150000000000e-03,20000,22044,0.000000000000e+00,2.885040909631e-03,2.885040909631e-03,0.000000000000e+00,37.8186
31,106,0.4140625000,0.1640625000,2.030076210537e-03,1.500000000000e-03,20000,22044,0.000000000000e+00,2.030076210537e-03,2.030076210537e-03,0.000000000000e+00,37.6660
31,107,0.4179687500,0.1679687500,2.054904317650e-03,2.700000000000e-03,20000,22044,0.000000000000e+00,2.054904317650e-03,2.054904317650e-03,0.000000000000e+00,37.6713
31,108,0.4218750000,0.1718750000,1.023859753394e-03,8.000000000000e-04,20000,22044,0.000000000000e+00,1.023859753394e-03,1.023859753394e-03,0.000000000000e+00,37.3687
31,109,0.4257812500,0.1757812500,2.155040832743e-03,2.800000000000e-03,20000,22044,0.000000000000e+00,2.155040832743e-03,2.155040832743e-03,0.000000000000e+00,37.6919
31,110,0.4296875000,0.1796875000,1.111977261712e-03,1.000000000000e-03,20000,22044,0.000000000000e+00,1.111977261712e-03,1.111977261712e-03,0.000000000000e+00,37.4046
31,111,0.4335937500,0.1835937500,1.458464725740e-03,1.150000000000e-03,20000,22044,0.000000000000e+00,1.458464725740e-03,1.458464725740e-03,0.000000000000e+00,37.5224
31,112,0.4375000000,0.1875000000,7.940601550131e-04,1.350000000000e-03,20000,22044,0.000000000000e+00,7.940601550131e-04,7.940601550131e-04,0.000000000000e+00,37.2583
31,113,0.4414062500,0.1914062500,1.543187710573e-03,1.550000000000e-03,20000,22044,0.000000000000e+00,1.543187710573e-03,1.543187710573e-03,0.000000000000e+00,37.5469
31,114,0.4453125000,0.1953125000,4.639130937521e-04,6.500000000000e-04,20000,22044,0.000000000000e+00,4.639130937521e-04,4.639130937521e-04,0.000000000000e+00,37.0249
31,115,0.4492187500,0.1992187500,1.300268753347e-03,1.500000000000e-03,20000,22044,0.000000000000e+00,1.300268753347e-03,1.300268753347e-03,0.000000000000e+00,37.4725
31,116,0.4531250000,0.2031250000,4.775404812922e-04,3.500000000000e-04,20000,22044,0.000000000000e+00,4.775404812922e-04,4.775404812922e-04,0.000000000000e+00,37.0375
31,117,0.4570312500,0.2070312500,9.123887445340e-04,9.500000000000e-04,20000,22044,0.000000000000e+00,9.123887445340e-04,9.123887445340e-04,0.000000000000e+00,37.3186
31,118,0.4609375000,0.2109375000,9.935706520429e-04,1.050000000000e-03,20000,22044,0.000000000000e+00,9.935706520429e-04,9.935706520429e-04,0.000000000000e+00,37.3557
31,119,0.4648437500,0.2148437500,6.111319731887e-05,5.000000000000e-05,20000,22044,0.000000000000e+00,6.111319731887e-05,6.111319731887e-05,0.000000000000e+00,36.1446
31,120,0.4687500000,0.2187500000,6.859913298487e-04,6.000000000000e-04,20000,22044,0.000000000000e+00,6.859913298487e-04,6.859913298487e-04,0.000000000000e+00,37.1948
31,121,0.4726562500,0.2226562500,1.549818156885e-04,1.500000000000e-04,20000,22044,0.000000000000e+00,1.549818156885e-04,1.549818156885e-04,0.000000000000e+00,36.5487
31,122,0.4765625000,0.2265625000,3.373036953442e-04,2.000000000000e-04,20000,22044,0.000000000000e+00,3.373036953442e-04,3.373036953442e-04,0.000000000000e+00,36.8865
31,123,0.4804687500,0.2304687500,1.083121872168e-04,1.000000000000e-04,20000,22044,0.000000000000e+00,1.083121872168e-04,1.083121872168e-04,0.000000000000e+00,36.3931
31,124,0.4843750000,0.2343750000,2.047531197284e-04,1.000000000000e-04,20000,22044,0.000000000000e+00,2.047531197284e-04,2.047531197284e-04,0.000000000000e+00,36.6697
31,125,0.4882812500,0.2382812500,7.426764271274e-05,0.000000000000e+00,20000,22044,0.000000000000e+00,7.426764271274e-05,7.426764271274e-05,0.000000000000e+00,36.2293
31,126,0.4921875000,0.2421875000,1.147160416742e-04,5.000000000000e-05,20000,22044,0.000000000000e+00,1.147160416742e-04,1.147160416742e-04,0.000000000000e+00,36.4181
31,127,0.4960937500,0.2460937500,5.352875019141e-05,0.000000000000e+00,20000,22044,0.000000000000e+00,5.352875019141e-05,5.352875019141e-05,0.000000000000e+00,36.0870
31,128,0.5000000000,0.2500000000,5.472037872676e-05,5.000000000000e-05,20000,22044,0.000000000000e+00,5.472037872676e-05,5.472037872676e-05,0.000000000000e+00,36.0966
31,129,0.5039062500,0.2539062500,2.728191630617e-05,5.000000000000e-05,20000,22044,0.000000000000e+00,2.728191630617e-05,2.728191630617e-05,0.000000000000e+00,35.7943
31,130,0.5078125000,0.2578125000,2.767683445411e-05,1.000000000000e-04,20000,22044,0.000000000000e+00,2.767683445411e-05,2.767683445411e-05,0.000000000000e+00,35.8006
31,131,0.5117187500,0.2617187500,2.406220046175e-05,0.000000000000e+00,20000,22044,0.000000000000e+00,2.406220046175e-05,2.406220046175e-05,0.000000000000e+00,35.7398
31,132,0.5156250000,0.2656250000,1.675721286679e-06,0.000000000000e+00,20000,22044,0.000000000000e+00,1.675721286679e-06,1.675721286679e-06,0.000000000000e+00,34.5827
31,133,0.5195312500,0.2695312500,1.007027138937e-05,0.000000000000e+00,20000,22044,0.000000000000e+00,1.007027138937e-05,1.007027138937e-05,0.000000000000e+00,35.3615
31,134,0.5234375000,0.2734375000,7.366996137955e-07,0.000000000000e+00,20000,22044,0.000000000000e+00,7.366996137955e-07,7.366996137955e-07,0.000000000000e+00,34.2258
31,135,0.5273437500,0.2773437500,3.658136171785e-06,0.000000000000e+00,20000,22044,0.000000000000e+00,3.658136171785e-06,3.658136171785e-06,0.000000000000e+00,34.9217
31,136,0.5312500000,0.2812500000,3.342760732583e-07,0.000000000000e+00,20000,22044,0.000000000000e+00,3.342760732583e-07,3.342760732583e-07,0.000000000000e+00,33.8826
31,137,0.5351562500,0.2851562500,1.139677716928e-06,0.000000000000e+00,20000,22044,0.000000000000e+00,1.139677716928e-06,1.139677716928e-06,0.000000000000e+00,34.4152
31,138,0.5390625000,0.2890625000,1.268143203583e-07,0.000000000000e+00,20000,22044,0.000000000000e+00,1.268143203583e-07,1.268143203583e-07,0.000000000000e+00,33.4616
31,139,0.5429687500,0.2929687500,3.012463223775e-07,0.000000000000e+00,20000,22044,0.000000000000e+00,3.012463223775e-07,3.012463223775e-07,0.000000000000e+00,33.8374
31,140,0.5468750000,0.2968750000,4.355565994116e-08,0.000000000000e+00,20000,22044,0.000000000000e+00,4.355565994116e-08,4.355565994116e-08,0.000000000000e+00,32.9975
31,141,0.5507812500,0.3007812500,6.189054016596e-08,0.000000000000e+00,20000,22044,0.000000000000e+00,6.189054016596e-08,6.189054016596e-08,0.000000000000e+00,33.1501
31,142,0.5546875000,0.3046875000,1.071448666097e-08,0.000000000000e+00,20000,22044,0.000000000000e+00,1.071448666097e-08,1.071448666097e-08,0.000000000000e+00,32.3884
31,143,0.5585937500,0.3085937500,1.089117941656e-08,0.000000000000e+00,20000,22044,0.000000000000e+00,1.089117941656e-08,1.089117941656e-08,0.000000000000e+00,32.3955
31,144,0.5625000000,0.3125000000,2.195768808614e-09,0.000000000000e+00,20000,22044,0.000000000000e+00,2.195768808614e-09,2.195768808614e-09,0.000000000000e+00,31.7000
31,145,0.5664062500,0.3164062500,1.364687428452e-09,0.000000000000e+00,20000,22044,0.000000000000e+00,1.364687428452e-09,1.364687428452e-09,0.000000000000e+00,31.4935
31,146,0.5703125000,0.3203125000,4.470544253172e-10,0.000000000000e+00,20000,22044,0.000000000000e+00,4.470544253172e-10,4.470544253172e-10,0.000000000000e+00,31.0088
31,147,0.5742187500,0.3242187500,4.911364266248e-12,0.000000000000e+00,20000,22044,0.000000000000e+00,4.911364266248e-12,4.911364266248e-12,0.000000000000e+00,29.0497
31,148,0.5781250000,0.3281250000,4.136857615660e-11,0.000000000000e+00,20000,22044,0.000000000000e+00,4.136857615660e-11,4.136857615660e-11,0.000000000000e+00,29.9751
31,150,0.5859375000,0.3359375000,2.424489276632e-12,0.000000000000e+00,20000,22044,0.000000000000e+00,2.424489276632e-12,2.424489276632e-12,0.000000000000e+00,28.7431
31,152,0.5937500000,0.3437500000,6.820500019104e-14,0.000000000000e+00,20000,22044,0.000000000000e+00,6.820500019104e-14,6.820500019104e-14,0.000000000000e+00,27.1923
32,0,0.0000000000,-0.2500000000,4.983735549679e-02,4.830000000000e-02,20000,22044,0.000000000000e+00,4.983735549679e-02,0.000000000000e+00,4.983735549679e-02,39.9182
32,1,0.0039062500,-0.2460937500,1.701649715722e-02,1.795000000000e-02,20000,22044,0.000000000000e+00,1.701649715722e-02,0.000000000000e+00,1.701649715722e-02,39.4515
32,2,0.0078125000,-0.2421875000,2.406115363245e-03,3.000000000000e-03,20000,22044,0.000000000000e+00,2.406115363245e-03,0.000000000000e+00,2.406115363245e-03,38.6020
32,3,0.0117187500,-0.2382812500,5.833514270562e-03,5.900000000000e-03,20000,22044,0.000000000000e+00,5.833514270562e-03,0.000000000000e+00,5.833514270562e-03,38.9866
32,4,0.0156250000,-0.2343750000,2.876034840231e-03,2.500000000000e-03,20000,22044,0.000000000000e+00,2.876034840231e-03,0.000000000000e+00,2.876034840231e-03,38.6795
32,5,0.0195312500,-0.2304687500,3.441019682412e-03,3.800000000000e-03,20000,22044,0.000000000000e+00,3.441019682412e-03,0.000000000000e+00,3.441019682412e-03,38.7574
32,6,0.0234375000,-0.2265625000,1.018361373115e-03,1.100000000000e-03,20000,22044,0.000000000000e+00,1.018361373115e-03,0.000000000000e+00,1.018361373115e-03,38.2286
32,7,0.0273437500,-0.2226562500,3.436076148682e-03,3.800000000000e-03,20000,22044,0.000000000000e+00,3.436076148682e-03,0.000000000000e+00,3.436076148682e-03,38.7567
32,8,0.0312500000,-0.2187500000,2.051796814259e-03,2.100000000000e-03,20000,22044,0.000000000000e+00,2.051796814259e-03,0.000000000000e+00,2.051796814259e-03,38.5328
32,9,0.0351562500,-0.2148437500,3.399245754941e-03,3.650000000000e-03,20000,22044,0.000000000000e+00,3.399245754941e-03,0.000000000000e+00,3.399245754941e-03,38.7521
32,10,0.0390625000,-0.2109375000,1.018683541887e-03,8.000000000000e-04,20000,22044,0.000000000000e+00,1.018683541887e-03,0.000000000000e+00,1.018683541887e-03,38.2287
32,11,0.0429687500,-0.2070312500,9.943683785938e-04,9.500000000000e-04,20000,22044,0.000000000000e+00,9.943683785938e-04,0.000000000000e+00,9.943683785938e-04,38.2182
32,12,0.0468750000,-0.2031250000,1.936122933470e-04,3.000000000000e-04,20000,22044,0.000000000000e+00,1.936122933470e-04,0.000000000000e+00,1.936122933470e-04,37.5076
32,13,0.0507812500,-0.1992187500,5.525127759569e-04,5.000000000000e-04,20000,22044,0.000000000000e+00,5.525127759569e-04,0.000000000000e+00,5.525127759569e-04,37.9630
32,14,0.0546875000,-0.1953125000,1.388387149166e-04,1.500000000000e-04,20000,22044,0.000000000000e+00,1.388387149166e-04,0.000000000000e+00,1.388387149166e-04,37.3632
32,15,0.0585937500,-0.1914062500,2.938633638462e-03,3.000000000000e-03,20000,22044,0.000000000000e+00,2.938633638462e-03,0.000000000000e+00,2.938633638462e-03,38.6888
32,16,0.0625000000,-0.1875000000,2.028195007271e-03,1.800000000000e-03,20000,22044,0.000000000000e+00,2.028195007271e-03,0.000000000000e+00,2.028195007271e-03,38.5278
32,17,0.0664062500,-0.1835937500,3.340844969812e-03,3.250000000000e-03,20000,22044,0.000000000000e+00,3.340844969812e-03,0.000000000000e+00,3.340844969812e-03,38.7445
32,18,0.0703125000,-0.1796875000,1.058317697515e-03,1.050000000000e-03,20000,22044,0.000000000000e+00,1.058317697515e-03,0.000000000000e+00,1.058317697515e-03,38.2453
32,19,0.0742187500,-0.1757812500,9.125830179571e-04,5.000000000000e-04,20000,22044,0.000000000000e+00,9.125830179571e-04,0.000000000000e+00,9.125830179571e-04,38.1809
32,20,0.0781250000,-0.1718750000,2.189058235689e-04,3.500000000000e-04,20000,22044,0.000000000000e+00,2.189058235689e-04,0.000000000000e+00,2.189058235689e-04,37.5609
32,21,0.0820312500,-0.1679687500,5.083259171729e-04,5.500000000000e-04,20000,22044,0.000000000000e+00,5.083259171729e-04,0.000000000000e+00,5.083259171729e-04,37.9268
32,22,0.0859375000,-0.1640625000,2.123948570300e-04,3.500000000000e-04,20000,22044,0.000000000000e+00,2.123948570300e-04,0.000000000000e+00,2.123948570300e-04,37.5478
32,23,0.0898437500,-0.1601562500,4.874956515409e-04,5.000000000000e-04,20000,22044,0.000000000000e+00,4.874956515409e-04,0.000000000000e+00,4.874956515409e-04,37.9086
32,24,0.0937500000,-0.1562500000,1.084683066709e-04,1.500000000000e-04,20000,22044,0.000000000000e+00,1.084683066709e-04,0.000000000000e+00,1.084683066709e-04,37.2560
32,25,0.0976562500,-0.1523437500,4.884328560113e-04,5.500000000000e-04,20000,22044,0.000000000000e+00,4.884328560113e-04,0.000000000000e+00,4.884328560113e-04,37.9095
32,26,0.1015625000,-0.1484375000,1.666477467299e-04,1.000000000000e-04,20000,22044,0.000000000000e+00,1.666477467299e-04,0.000000000000e+00,1.666477467299e-04,37.4425
32,27,0.1054687500,-0.1445312500,1.065540326080e-04,1.500000000000e-04,20000,22044,0.000000000000e+00,1.065540326080e-04,0.000000000000e+00,1.065540326080e-04,37.2482
32,28,0.1093750000,-0.1406250000,6.007465996178e-05,2.000000000000e-04,20000,22044,0.000000000000e+00,6.007465996178e-05,0.000000000000e+00,6.007465996178e-05,36.9994
32,29,0.1132812500,-0.1367187500,3.104832145813e-04,2.500000000000e-04,20000,22044,0.000000000000e+00,3.104832145813e-04,0.000000000000e+00,3.104832145813e-04,37.7127
32,30,0.1171875000,-0.1328125000,4.989422836479e-04,6.000000000000e-04,20000,22044,0.000000000000e+00,4.989422836479e-04,0.000000000000e+00,4.989422836479e-04,37.9187
32,31,0.1210937500,-0.1289062500,2.325727430955e-03,1.800000000000e-03,20000,22044,0.000000000000e+00,2.325727430955e-03,0.000000000000e+00,2.325727430955e-03,38.5872
32,32,0.1250000000,-0.1250000000,2.082243432208e-03,1.950000000000e-03,20000,22044,0.000000000000e+00,2.082243432208e-03,0.000000000000e+00,2.082243432208e-03,38.5392
32,33,0.1289062500,-0.1210937500,2.628811704216e-03,3.400000000000e-03,20000,22044,0.000000000000e+00,2.628811704216e-03,0.000000000000e+00,2.628811704216e-03,38.6404
32,34,0.1328125000,-0.1171875000,1.335397825950e-03,1.600000000000e-03,20000,22044,0.000000000000e+00,1.335397825950e-03,0.000000000000e+00,1.335397825950e-03,38.3463
32,35,0.1367187500,-0.1132812500,9.049838897058e-04,6.500000000000e-04,20000,22044,0.000000000000e+00,9.049838897058e-04,0.000000000000e+00,9.049838897058e-04,38.1773
32,36,0.1406250000,-0.1093750000,4.005960739918e-04,3.000000000000e-04,20000,22044,0.000000000000e+00,4.005960739918e-04,0.000000000000e+00,4.005960739918e-04,37.8234
32,37,0.1445312500,-0.1054687500,3.823278139395e-04,5.500000000000e-04,20000,22044,0.000000000000e+00,3.823278139395e-04,0.000000000000e+00,3.823278139395e-04,37.8031
32,38,0.1484375000,-0.1015625000,4.262770932159e-04,3.000000000000e-04,20000,22044,0.000000000000e+00,4.262770932159e-04,0.000000000000e+00,4.262770932159e-04,37.8504
32,39,0.1523437500,-0.0976562500,3.822726748866e-04,2.000000000000e-04,20000,22044,0.000000000000e+00,3.822726748866e-04,0.000000000000e+00,3.822726748866e-04,37.8030
32,40,0.1562500000,-0.0937500000,1.575025266926e-04,5.000000000000e-05,20000,22044,0.000000000000e+00,1.575025266926e-04,0.000000000000e+00,1.575025266926e-04,37.4180
32,41,0.1601562500,-0.0898437500,3.437417450748e-04,1.500000000000e-04,20000,22044,0.000000000000e+00,3.437417450748e-04,0.000000000000e+00,3.437417450748e-04,37.7569
32,42,0.1640625000,-0.0859375000,2.324626374796e-04,3.500000000000e-04,20000,22044,0.000000000000e+00,2.324626374796e-04,0.000000000000e+00,2.324626374796e-04,37.5870
32,43,0.1679687500,-0.0820312500,9.619555842332e-05,1.500000000000e-04,20000,22044,0.000000000000e+00,9.619555842332e-05,0.000000000000e+00,9.619555842332e-05,37.2038
32,44,0.1718750000,-0.0781250000,1.680431397533e-04,1.000000000000e-04,20000,22044,0.000000000000e+00,1.680431397533e-04,0.000000000000e+00,1.680431397533e-04,37.4461
32,45,0.1757812500,-0.0742187500,5.102049220501e-05,0.000000000000e+00,20000,22044,0.000000000000e+00,5.102049220501e-05,0.000000000000e+00,5.102049220501e-05,36.9284
32,46,0.1796875000,-0.0703125000,1.971030062836e-04,3.000000000000e-04,20000,22044,0.000000000000e+00,1.971030062836e-04,0.000000000000e+00,1.971030062836e-04,37.5154
32,47,0.1835937500,-0.0664062500,3.330656665740e-04,3.500000000000e-04,20000,22044,0.000000000000e+00,3.330656665740e-04,0.000000000000e+00,3.330656665740e-04,37.7432
32,48,0.1875000000,-0.0625000000,6.491026028548e-05,0.000000000000e+00,20000,22044,8.890979379323e-12,6.491025139450e-05,8.890979379323e-12,6.491025139450e-05,37.0330
32,49,0.1914062500,-0.0585937500,3.268184712362e-04,5.000000000000e-05,20000,22044,3.754376447186e-10,3.268180957985e-04,3.754376447186e-10,3.268180957985e-04,37.7350
32,50,0.1953125000,-0.0546875000,2.229456344202e-04,1.500000000000e-04,20000,22044,7.541316363557e-09,2.229380931038e-04,7.907326165635e-09,2.229377270940e-04,37.5689
32,51,0.1992187500,-0.0507812500,8.928330854418e-05,1.500000000000e-04,20000,22044,9.598039008164e-08,8.918732815410e-05,9.601823386827e-08,8.918729031031e-05,37.1714
32,52,0.2031250000,-0.0468750000,1.123210263037e-04,0.000000000000e+00,20000,22044,8.698222851148e-07,1.114512040186e-04,9.610376398227e-07,1.113599886638e-04,37.2711
32,53,0.2070312500,-0.0429687500,6.071526887846e-05,5.000000000000e-05,20000,22044,5.980243512710e-06,5.473502536575e-05,5.989287255074e-06,5.472598162339e-05,37.0040
32,54,0.2109375000,-0.0390625000,8.931290974283e-05,1.000000000000e-04,20000,22044,3.245161553221e-05,5.686129421062e-05,3.803369965939e-05,5.127921008344e-05,37.1716
32,55,0.2148437500,-0.0351562500,1.817199247203e-04,2.000000000000e-04,20000,22044,1.427691046715e-04,3.895082004874e-05,1.432977249990e-04,3.842219972125e-05,37.4801
32,56,0.2187500000,-0.0312500000,6.901765085782e-04,8.000000000000e-04,20000,22044,5.190823817684e-04,1.710941268098e-04,6.512429275268e-04,3.893358105147e-05,38.0596
32,57,0.2226562500,-0.0273437500,1.624527478006e-03,1.200000000000e-03,20000,22044,1.581965353961e-03,4.256212404541e-05,1.593883882774e-03,3.064359523192e-05,38.4314
32,58,0.2265625000,-0.0234375000,5.580450935005e-03,5.150000000000e-03,20000,22044,4.084753937538e-03,1.495696997467e-03,5.555867921083e-03,2.458301392189e-05,38.9673
32,59,0.2304687500,-0.0195312500,9.155527507194e-03,9.450000000000e-03,20000,22044,9.009363824852e-03,1.461636823426e-04,9.135804888965e-03,1.972261822887e-05,39.1824
32,60,0.2343750000,-0.0156250000,2.565992204759e-02,2.865000000000e-02,20000,22044,1.708025225128e-02,8.579669796309e-03,2.564869170614e-02,1.123034145093e-05,39.6299
32,61,0.2382812500,-0.0117187500,2.868483151444e-02,2.960000000000e-02,20000,22044,2.796484489977e-02,7.199866146695e-04,2.867352998262e-02,1.130153181645e-05,39.6783
32,62,0.2421875000,-0.0078125000,6.761028156606e-02,6.710000000000e-02,20000,22044,3.967739357532e-02,2.793288799074e-02,6.760746983307e-02,2.811732985512e-06,40.0507
32,63,0.2460937500,-0.0039062500,5.118745479813e-02,4.945000000000e-02,20000,22044,4.889970667661e-02,2.287748121520e-03,5.118344175393e-02,4.013044203651e-06,39.9298
32,64,0.2500000000,0.0000000000,9.855556782378e-02,9.770000000000e-02,20000,22044,5.241983065054e-02,4.613573717324e-02,9.855491358323e-02,6.542405537625e-07,40.2143
32,65,0.2539062500,0.0039062500,5.982395500949e-02,5.820000000000e-02,20000,22044,4.889970667661e-02,1.092424833288e-02,5.982289372143e-02,1.061288054078e-06,39.9975
32,66,0.2578125000,0.0078125000,8.002650784235e-02,7.875000000000e-02,20000,22044,3.967739357532e-02,4.034911426702e-02,8.002630389227e-02,2.039500785400e-07,40.1239
32,67,0.2617187500,0.0117187500,4.946312359129e-02,4.710000000000e-02,20000,22044,2.796484489977e-02,2.149827869152e-02,4.946296035968e-02,1.632316028010e-07,39.9149
32,68,0.2656250000,0.0156250000,5.018400473454e-02,5.225000000000e-02,20000,22044,1.708025225128e-02,3.310375248326e-02,5.018396822186e-02,3.651267957402e-08,39.9212
32,69,0.2695312500,0.0195312500,2.317170915950e-02,2.370000000000e-02,20000,22044,9.009363824852e-03,1.416234533465e-02,2.317169628196e-02,1.287753711184e-08,39.5856
32,70,0.2734375000,0.0234375000,3.587574446965e-02,3.400000000000e-02,20000,22044,4.084753937538e-03,3.179099053212e-02,3.587574103036e-02,3.439296311553e-09,39.7755
32,71,0.2773437500,0.0273437500,1.592566516755e-02,1.490000000000e-02,20000,22044,1.581965353961e-03,1.434369981359e-02,1.592566483229e-02,3.352596581988e-10,39.4228
32,72,0.2812500000,0.0312500000,1.785177923848e-02,1.895000000000e-02,20000,22044,5.190823817684e-04,1.733269685671e-02,1.785177910929e-02,1.291941206159e-10,39.4723
32,73,0.2851562500,0.0351562500,1.368747253137e-02,1.460000000000e-02,20000,22044,1.427691046715e-04,1.354470342670e-02,1.368747252714e-02,4.226882647071e-12,39.3570
32,74,0.2890625000,0.0390625000,1.644142120885e-02,1.600000000000e-02,20000,22044,3.245161553221e-05,1.640896959332e-02,1.644142120707e-02,1.783186775291e-12,39.4366
32,75,0.2929687500,0.0429687500,3.933216389086e-03,4.000000000000e-03,20000,22044,5.980243512710e-06,3.927236145573e-03,3.933216389069e-03,1.660579212727e-14,38.8154
32,76,0.2968750000,0.0468750000,2.240277681279e-02,2.225000000000e-02,20000,22044,8.698222851148e-07,2.240190699050e-02,2.240277681279e-02,3.383813962967e-15,39.5710
32,77,0.3007812500,0.0507812500,3.813298425514e-03,3.700000000000e-03,20000,22044,9.598039008164e-08,3.813202445124e-03,3.813298425514e-03,0.000000000000e+00,38.8020
32,78,0.3046875000,0.0546875000,1.446281353251e-02,1.495000000000e-02,20000,22044,7.541316363557e-09,1.446280599119e-02,1.446281353251e-02,0.000000000000e+00,39.3809
32,79,0.3085937500,0.0585937500,1.258737861463e-02,1.165000000000e-02,20000,22044,3.754376447186e-10,1.258737823919e-02,1.258737861463e-02,0.000000000000e+00,39.3206
32,80,0.3125000000,0.0625000000,3.357160610494e-03,3.200000000000e-03,20000,22044,8.890979379323e-12,3.357160601603e-03,3.357160610494e-03,0.000000000000e+00,38.7466
32,81,0.3164062500,0.0664062500,1.197966360316e-02,1.355000000000e-02,20000,22044,0.000000000000e+00,1.197966360316e-02,1.197966360316e-02,0.000000000000e+00,39.2991
32,82,0.3203125000,0.0703125000,9.731668227104e-03,9.500000000000e-03,20000,22044,0.000000000000e+00,9.731668227104e-03,9.731668227104e-03,0.000000000000e+00,39.2089
32,83,0.3242187500,0.0742187500,2.634316238914e-03,2.600000000000e-03,20000,22044,0.000000000000e+00,2.634316238914e-03,2.634316238914e-03,0.000000000000e+00,38.6413
32,84,0.3281250000,0.0781250000,1.318670569308e-02,1.395000000000e-02,20000,22044,0.000000000000e+00,1.318670569308e-02,1.318670569308e-02,0.000000000000e+00,39.3408
32,85,0.3320312500,0.0820312500,3.500851038811e-03,3.000000000000e-03,20000,22044,0.000000000000e+00,3.500851038811e-03,3.500851038811e-03,0.000000000000e+00,38.7648
32,86,0.3359375000,0.0859375000,6.651765717720e-03,7.050000000000e-03,20000,22044,0.000000000000e+00,6.651765717720e-03,6.651765717720e-03,0.000000000000e+00,39.0436
32,87,0.3398437500,0.0898437500,2.149540427808e-03,2.300000000000e-03,20000,22044,0.000000000000e+00,2.149540427808e-03,2.149540427808e-03,0.000000000000e+00,38.5530
32,88,0.3437500000,0.0937500000,4.296554999390e-03,4.450000000000e-03,20000,22044,0.000000000000e+00,4.296554999390e-03,4.296554999390e-03,0.000000000000e+00,38.8538
32,89,0.3476562500,0.0976562500,3.036796734913e-03,3.800000000000e-03,20000,22044,0.000000000000e+00,3.036796734913e-03,3.036796734913e-03,0.000000000000e+00,38.7031
32,90,0.3515625000,0.1015625000,2.299120110538e-03,2.800000000000e-03,20000,22044,0.000000000000e+00,2.299120110538e-03,2.299120110538e-03,0.000000000000e+00,38.5822
32,91,0.3554687500,0.1054687500,6.041764788264e-03,6.150000000000e-03,20000,22044,0.000000000000e+00,6.041764788264e-03,6.041764788264e-03,0.000000000000e+00,39.0018
32,92,0.3593750000,0.1093750000,5.795442484299e-03,6.850000000000e-03,20000,22044,0.000000000000e+00,5.795442484299e-03,5.795442484299e-03,0.000000000000e+00,38.9838
32,93,0.3632812500,0.1132812500,2.764078393420e-03,2.700000000000e-03,20000,22044,0.000000000000e+00,2.764078393420e-03,2.764078393420e-03,0.000000000000e+00,38.6622
32,94,0.3671875000,0.1171875000,9.795527583536e-03,9.800000000000e-03,20000,22044,0.000000000000e+00,9.795527583536e-03,9.795527583536e-03,0.000000000000e+00,39.2117
32,95,0.3710937500,0.1210937500,1.062774754551e-02,1.080000000000e-02,20000,22044,0.000000000000e+00,1.062774754551e-02,1.062774754551e-02,0.000000000000e+00,39.2471
32,96,0.3750000000,0.1250000000,2.589152914387e-03,2.200000000000e-03,20000,22044,0.000000000000e+00,2.589152914387e-03,2.589152914387e-03,0.000000000000e+00,38.6338
32,97,0.3789062500,0.1289062500,1.032815987621e-02,1.130000000000e-02,20000,22044,0.000000000000e+00,1.032815987621e-02,1.032815987621e-02,0.000000000000e+00,39.2347
32,98,0.3828125000,0.1328125000,9.107079682485e-03,9.300000000000e-03,20000,22044,0.000000000000e+00,9.107079682485e-03,9.107079682485e-03,0.000000000000e+00,39.1800
32,99,0.3867187500,0.1367187500,2.973438931990e-03,3.300000000000e-03,20000,22044,0.000000000000e+00,2.973438931990e-03,2.973438931990e-03,0.000000000000e+00,38.6939
32,100,0.3906250000,0.1406250000,1.025271446449e-02,1.115000000000e-02,20000,22044,0.000000000000e+00,1.025271446449e-02,1.025271446449e-02,0.000000000000e+00,39.2315
32,101,0.3945312500,0.1445312500,4.501215955362e-03,3.850000000000e-03,20000,22044,0.000000000000e+00,4.501215955362e-03,4.501215955362e-03,0.000000000000e+00,38.8740
32,102,0.3984375000,0.1484375000,3.811179153395e-03,4.000000000000e-03,20000,22044,0.000000000000e+00,3.811179153395e-03,3.811179153395e-03,0.000000000000e+00,38.8017
32,103,0.4023437500,0.1523437500,3.578195799052e-03,3.300000000000e-03,20000,22044,0.000000000000e+00,3.578195799052e-03,3.578195799052e-03,0.000000000000e+00,38.7743
32,104,0.4062500000,0.1562500000,3.482784046109e-03,3.550000000000e-03,20000,22044,0.000000000000e+00,3.482784046109e-03,3.482784046109e-03,0.000000000000e+00,38.7626
32,105,0.4101562500,0.1601562500,2.243275958889e-03,2.350000000000e-03,20000,22044,0.000000000000e+00,2.243275958889e-03,2.243275958889e-03,0.000000000000e+00,38.5716
32,106,0.4140625000,0.1640625000,1.997960941512e-03,2.400000000000e-03,20000,22044,0.000000000000e+00,1.997960941512e-03,1.997960941512e-03,0.000000000000e+00,38.5213
32,107,0.4179687500,0.1679687500,2.062107711146e-03,1.950000000000e-03,20000,22044,0.000000000000e+00,2.062107711146e-03,2.062107711146e-03,0.000000000000e+00,38.5350
32,108,0.4218750000,0.1718750000,2.212670413440e-03,2.550000000000e-03,20000,22044,0.000000000000e+00,2.212670413440e-03,2.212670413440e-03,0.000000000000e+00,38.5656
32,109,0.4257812500,0.1757812500,1.356142835005e-03,9.500000000000e-04,20000,22044,0.000000000000e+00,1.356142835005e-03,1.356142835005e-03,0.000000000000e+00,38.3530
32,110,0.4296875000,0.1796875000,1.621892481598e-03,1.300000000000e-03,20000,22044,0.000000000000e+00,1.621892481598e-03,1.621892481598e-03,0.000000000000e+00,38.4307
32,111,0.4335937500,0.1835937500,1.059292522647e-03,1.200000000000e-03,20000,22044,0.000000000000e+00,1.059292522647e-03,1.059292522647e-03,0.000000000000e+00,38.2457
32,112,0.4375000000,0.1875000000,1.473795951726e-03,1.500000000000e-03,20000,22044,0.000000000000e+00,1.473795951726e-03,1.473795951726e-03,0.000000000000e+00,38.3891
32,113,0.4414062500,0.1914062500,7.556955617352e-04,5.500000000000e-04,20000,22044,0.000000000000e+00,7.556955617352e-04,7.556955617352e-04,0.000000000000e+00,38.0990
32,114,0.4453125000,0.1953125000,1.529604988655e-03,1.400000000000e-03,20000,22044,0.000000000000e+00,1.529604988655e-03,1.529604988655e-03,0.000000000000e+00,38.4052
32,115,0.4492187500,0.1992187500,5.130883803001e-04,2.000000000000e-04,20000,22044,0.000000000000e+00,5.130883803001e-04,5.130883803001e-04,0.000000000000e+00,37.9309
32,116,0.4531250000,0.2031250000,1.138004720801e-03,8.000000000000e-04,20000,22044,0.000000000000e+00,1.138004720801e-03,1.138004720801e-03,0.000000000000e+00,38.2768
32,117,0.4570312500,0.2070312500,1.060437614490e-03,9.000000000000e-04,20000,22044,0.000000000000e+00,1.060437614490e-03,1.060437614490e-03,0.000000000000e+00,38.2462
32,118,0.4609375000,0.2109375000,2.442556052938e-04,1.000000000000e-04,20000,22044,0.000000000000e+00,2.442556052938e-04,2.442556052938e-04,0.000000000000e+00,37.6085
32,119,0.4648437500,0.2148437500,9.038697489251e-04,1.000000000000e-03,20000,22044,0.000000000000e+00,9.038697489251e-04,9.038697489251e-04,0.000000000000e+00,38.1768
32,120,0.4687500000,0.2187500000,6.052152191889e-05,0.000000000000e+00,20000,22044,0.000000000000e+00,6.052152191889e-05,6.052152191889e-05,0.000000000000e+00,37.0026
32,121,0.4726562500,0.2226562500,6.013948841501e-04,5.000000000000e-04,20000,22044,0.000000000000e+00,6.013948841501e-04,6.013948841501e-04,0.000000000000e+00,37.9998
32,122,0.4765625000,0.2265625000,1.596733479629e-04,1.000000000000e-04,20000,22044,0.000000000000e+00,1.596733479629e-04,1.596733479629e-04,0.000000000000e+00,37.4239
32,123,0.4804687500,0.2304687500,2.763608287582e-04,2.000000000000e-04,20000,22044,0.000000000000e+00,2.763608287582e-04,2.763608287582e-04,0.000000000000e+00,37.6621
32,124,0.4843750000,0.2343750000,1.076829084519e-04,5.000000000000e-05,20000,22044,0.000000000000e+00,1.076829084519e-04,1.076829084519e-04,0.000000000000e+00,37.2528
32,125,0.4882812500,0.2382812500,1.657330511808e-04,1.000000000000e-04,20000,22044,0.000000000000e+00,1.657330511808e-04,1.657330511808e-04,0.000000000000e+00,37.4401
32,126,0.4921875000,0.2421875000,7.878093381873e-05,1.000000000000e-04,20000,22044,0.000000000000e+00,7.878093381873e-05,7.878093381873e-05,0.000000000000e+00,37.1171
32,127,0.4960937500,0.2460937500,8.315273388267e-05,5.000000000000e-05,20000,22044,0.000000000000e+00,8.315273388267e-05,8.315273388267e-05,0.000000000000e+00,37.1405
32,128,0.5000000000,0.2500000000,4.571754338910e-05,0.000000000000e+00,20000,22044,0.000000000000e+00,4.571754338910e-05,4.571754338910e-05,0.000000000000e+00,36.8808
32,129,0.5039062500,0.2539062500,4.497592052537e-05,0.000000000000e+00,20000,22044,0.000000000000e+00,4.497592052537e-05,4.497592052537e-05,0.000000000000e+00,36.8736
32,130,0.5078125000,0.2578125000,3.641689870378e-05,5.000000000000e-05,20000,22044,0.000000000000e+00,3.641689870378e-05,3.641689870378e-05,0.000000000000e+00,36.7820
32,131,0.5117187500,0.2617187500,7.812436939188e-06,0.000000000000e+00,20000,22044,0.000000000000e+00,7.812436939188e-06,7.812436939188e-06,0.000000000000e+00,36.1135
32,132,0.5156250000,0.2656250000,1.882687804922e-05,5.000000000000e-05,20000,22044,0.000000000000e+00,1.882687804922e-05,1.882687804922e-05,0.000000000000e+00,36.4954
32,133,0.5195312500,0.2695312500,1.266165547238e-06,0.000000000000e+00,20000,22044,0.000000000000e+00,1.266165547238e-06,1.266165547238e-06,0.000000000000e+00,35.3232
32,134,0.5234375000,0.2734375000,7.537500604101e-06,5.000000000000e-05,20000,22044,0.000000000000e+00,7.537500604101e-06,7.537500604101e-06,0.000000000000e+00,36.0979
32,135,0.5273437500,0.2773437500,6.233073350715e-07,0.000000000000e+00,20000,22044,0.000000000000e+00,6.233073350715e-07,6.233073350715e-07,0.000000000000e+00,35.0154
32,136,0.5312500000,0.2812500000,2.628523091299e-06,0.000000000000e+00,20000,22044,0.000000000000e+00,2.628523091299e-06,2.628523091299e-06,0.000000000000e+00,35.6404
32,137,0.5351562500,0.2851562500,2.685853422298e-07,0.000000000000e+00,20000,22044,0.000000000000e+00,2.685853422298e-07,2.685853422298e-07,0.000000000000e+00,34.6498
32,138,0.5390625000,0.2890625000,7.856562551665e-07,0.000000000000e+00,20000,22044,0.000000000000e+00,7.856562551665e-07,7.856562551665e-07,0.000000000000e+00,35.1159
32,139,0.5429687500,0.2929687500,9.575328396114e-08,0.000000000000e+00,20000,22044,0.000000000000e+00,9.575328396114e-08,9.575328396114e-08,0.000000000000e+00,34.2018
32,140,0.5468750000,0.2968750000,1.990202923520e-07,0.000000000000e+00,20000,22044,0.000000000000e+00,1.990202923520e-07,1.990202923520e-07,0.000000000000e+00,34.5196
32,141,0.5507812500,0.3007812500,3.168553348902e-08,0.000000000000e+00,20000,22044,0.000000000000e+00,3.168553348902e-08,3.168553348902e-08,0.000000000000e+00,33.7215
32,142,0.5546875000,0.3046875000,3.842812425054e-08,0.000000000000e+00,20000,22044,0.000000000000e+00,3.842812425054e-08,3.842812425054e-08,0.000000000000e+00,33.8053
32,143,0.5585937500,0.3085937500,7.722319884280e-09,0.000000000000e+00,20000,22044,0.000000000000e+00,7.722319884280e-09,7.722319884280e-09,0.000000000000e+00,33.1084
32,144,0.5625000000,0.3125000000,6.112298312897e-09,0.000000000000e+00,20000,22044,0.000000000000e+00,6.112298312897e-09,6.112298312897e-09,0.000000000000e+00,33.0069
32,145,0.5664062500,0.3164062500,1.917728304853e-09,0.000000000000e+00,20000,22044,0.000000000000e+00,1.917728304853e-09,1.917728304853e-09,0.000000000000e+00,32.5035
32,146,0.5703125000,0.3203125000,2.762168126391e-10,0.000000000000e+00,20000,22044,0.000000000000e+00,2.762168126391e-10,2.762168126391e-10,0.000000000000e+00,31.6619
32,147,0.5742187500,0.3242187500,2.679722605473e-10,0.000000000000e+00,20000,22044,0.000000000000e+00,2.679722605473e-10,2.679722605473e-10,0.000000000000e+00,31.6488
32,149,0.5820312500,0.3320312500,2.360400211312e-11,0.000000000000e+00,20000,22044,0.000000000000e+00,2.360400211312e-11,2.360400211312e-11,0.000000000000e+00,30.5937
32,151,0.5898437500,0.3398437500,1.331729849088e-12,0.000000000000e+00,20000,22044,0.000000000000e+00,1.331729849088e-12,1.331729849088e-12,0.000000000000e+00,29.3451
32,153,0.5976562500,0.3476562500,3.608110644346e-14,0.000000000000e+00,20000,22044,0.000000000000e+00,3.608110644346e-14,3.608110644346e-14,0.000000000000e+00,27.7779
33,0,0.0000000000,-0.2500000000,4.984406850265e-02,4.810000000000e-02,20000,22044,0.000000000000e+00,4.984406850265e-02,0.000000000000e+00,4.984406850265e-02,40.7653
33,1,0.0039062500,-0.2460937500,1.813377972169e-02,1.620000000000e-02,20000,22044,0.000000000000e+00,1.813377972169e-02,0.000000000000e+00,1.813377972169e-02,40.3261
33,2,0.0078125000,-0.2421875000,1.383820182395e-03,1.450000000000e-03,20000,22044,0.000000000000e+00,1.383820182395e-03,0.000000000000e+00,1.383820182395e-03,39.2087
33,3,0.0117187500,-0.2382812500,7.452162943300e-03,7.300000000000e-03,20000,22044,0.000000000000e+00,7.452162943300e-03,0.000000000000e+00,7.452162943300e-03,39.9399
33,4,0.0156250000,-0.2343750000,1.645777016333e-03,1.550000000000e-03,20000,22044,0.000000000000e+00,1.645777016333e-03,0.000000000000e+00,1.645777016333e-03,39.2840
33,5,0.0195312500,-0.2304687500,4.383394019830e-03,4.100000000000e-03,20000,22044,0.000000000000e+00,4.383394019830e-03,0.000000000000e+00,4.383394019830e-03,39.7095
33,6,0.0234375000,-0.2265625000,1.100883760247e-03,1.150000000000e-03,20000,22044,0.000000000000e+00,1.100883760247e-03,0.000000000000e+00,1.100883760247e-03,39.1094
33,7,0.0273437500,-0.2226562500,4.027043871477e-03,4.650000000000e-03,20000,22044,0.000000000000e+00,4.027043871477e-03,0.000000000000e+00,4.027043871477e-03,39.6726
33,8,0.0312500000,-0.2187500000,9.555277299813e-04,6.000000000000e-04,20000,22044,0.000000000000e+00,9.555277299813e-04,0.000000000000e+00,9.555277299813e-04,39.0479
33,9,0.0351562500,-0.2148437500,4.324635990325e-03,4.350000000000e-03,20000,22044,0.000000000000e+00,4.324635990325e-03,0.000000000000e+00,4.324635990325e-03,39.7036
33,10,0.0390625000,-0.2109375000,1.102203832889e-03,1.000000000000e-03,20000,22044,0.000000000000e+00,1.102203832889e-03,0.000000000000e+00,1.102203832889e-03,39.1099
33,11,0.0429687500,-0.2070312500,8.913219925791e-04,7.000000000000e-04,20000,22044,0.000000000000e+00,8.913219925791e-04,0.000000000000e+00,8.913219925791e-04,39.0177
33,12,0.0468750000,-0.2031250000,4.102544000502e-04,1.500000000000e-04,20000,22044,0.000000000000e+00,4.102544000502e-04,0.000000000000e+00,4.102544000502e-04,38.6807
33,13,0.0507812500,-0.1992187500,4.943765955321e-04,6.500000000000e-04,20000,22044,0.000000000000e+00,4.943765955321e-04,0.000000000000e+00,4.943765955321e-04,38.7617
33,14,0.0546875000,-0.1953125000,1.472598318937e-04,1.000000000000e-04,20000,22044,0.000000000000e+00,1.472598318937e-04,0.000000000000e+00,1.472598318937e-04,38.2357
33,15,0.0585937500,-0.1914062500,3.619034267368e-03,3.050000000000e-03,20000,22044,0.000000000000e+00,3.619034267368e-03,0.000000000000e+00,3.619034267368e-03,39.6262
33,16,0.0625000000,-0.1875000000,9.239130659690e-04,1.100000000000e-03,20000,22044,0.000000000000e+00,9.239130659690e-04,0.000000000000e+00,9.239130659690e-04,39.0333
33,17,0.0664062500,-0.1835937500,4.238241326694e-03,3.950000000000e-03,20000,22044,0.000000000000e+00,4.238241326694e-03,0.000000000000e+00,4.238241326694e-03,39.6948
33,18,0.0703125000,-0.1796875000,1.167411718682e-03,1.400000000000e-03,20000,22044,0.000000000000e+00,1.167411718682e-03,0.000000000000e+00,1.167411718682e-03,39.1349
33,19,0.0742187500,-0.1757812500,7.473876858528e-04,9.000000000000e-04,20000,22044,0.000000000000e+00,7.473876858528e-04,0.000000000000e+00,7.473876858528e-04,38.9412
33,20,0.0781250000,-0.1718750000,4.721540717357e-04,9.500000000000e-04,20000,22044,0.000000000000e+00,4.721540717357e-04,0.000000000000e+00,4.721540717357e-04,38.7417
33,21,0.0820312500,-0.1679687500,4.149915518833e-04,2.000000000000e-04,20000,22044,0.000000000000e+00,4.149915518833e-04,0.000000000000e+00,4.149915518833e-04,38.6857
33,22,0.0859375000,-0.1640625000,2.947199989295e-04,3.000000000000e-04,20000,22044,0.000000000000e+00,2.947199989295e-04,0.000000000000e+00,2.947199989295e-04,38.5371
33,23,0.0898437500,-0.1601562500,4.339379857500e-04,2.500000000000e-04,20000,22044,0.000000000000e+00,4.339379857500e-04,0.000000000000e+00,4.339379857500e-04,38.7051
33,24,0.0937500000,-0.1562500000,2.852602293660e-04,3.500000000000e-04,20000,22044,0.000000000000e+00,2.852602293660e-04,0.000000000000e+00,2.852602293660e-04,38.5229
33,25,0.0976562500,-0.1523437500,4.023374518366e-04,3.500000000000e-04,20000,22044,0.000000000000e+00,4.023374518366e-04,0.000000000000e+00,4.023374518366e-04,38.6722
33,26,0.1015625000,-0.1484375000,2.116463068518e-04,1.500000000000e-04,20000,22044,0.000000000000e+00,2.116463068518e-04,0.000000000000e+00,2.116463068518e-04,38.3933
33,27,0.1054687500,-0.1445312500,1.495520430128e-04,1.500000000000e-04,20000,22044,0.000000000000e+00,1.495520430128e-04,0.000000000000e+00,1.495520430128e-04,38.2424
33,28,0.1093750000,-0.1406250000,2.597743762949e-05,5.000000000000e-05,20000,22044,0.000000000000e+00,2.597743762949e-05,0.000000000000e+00,2.597743762949e-05,37.4822
33,29,0.1132812500,-0.1367187500,5.162231119864e-04,5.000000000000e-04,20000,22044,0.000000000000e+00,5.162231119864e-04,0.000000000000e+00,5.162231119864e-04,38.7805
33,30,0.1171875000,-0.1328125000,1.349933634425e-04,2.000000000000e-04,20000,22044,0.000000000000e+00,1.349933634425e-04,0.000000000000e+00,1.349933634425e-04,38.1980
33,31,0.1210937500,-0.1289062500,3.272123062541e-03,3.250000000000e-03,20000,22044,0.000000000000e+00,3.272123062541e-03,0.000000000000e+00,3.272123062541e-03,39.5825
33,32,0.1250000000,-0.1250000000,9.047127463601e-04,9.000000000000e-04,20000,22044,0.000000000000e+00,9.047127463601e-04,0.000000000000e+00,9.047127463601e-04,39.0242
33,33,0.1289062500,-0.1210937500,3.680792889966e-03,3.350000000000e-03,20000,22044,0.000000000000e+00,3.680792889966e-03,0.000000000000e+00,3.680792889966e-03,39.6336
33,34,0.1328125000,-0.1171875000,1.077273021946e-03,1.050000000000e-03,20000,22044,0.000000000000e+00,1.077273021946e-03,0.000000000000e+00,1.077273021946e-03,39.1000
33,35,0.1367187500,-0.1132812500,9.069615565756e-04,9.500000000000e-04,20000,22044,0.000000000000e+00,9.069615565756e-04,0.000000000000e+00,9.069615565756e-04,39.0252
33,36,0.1406250000,-0.1093750000,6.227588616631e-04,5.500000000000e-04,20000,22044,0.000000000000e+00,6.227588616631e-04,0.000000000000e+00,6.227588616631e-04,38.8620
33,37,0.1445312500,-0.1054687500,3.501659633163e-04,5.500000000000e-04,20000,22044,0.000000000000e+00,3.501659633163e-04,0.000000000000e+00,3.501659633163e-04,38.6119
33,38,0.1484375000,-0.1015625000,5.053069630059e-04,3.000000000000e-04,20000,22044,0.000000000000e+00,5.053069630059e-04,0.000000000000e+00,5.053069630059e-04,38.7712
33,39,0.1523437500,-0.0976562500,3.300488752856e-04,6.000000000000e-04,20000,22044,0.000000000000e+00,3.300488752856e-04,0.000000000000e+00,3.300488752856e-04,38.5862
33,40,0.1562500000,-0.0937500000,3.203434836337e-04,4.000000000000e-04,20000,22044,0.000000000000e+00,3.203434836337e-04,0.000000000000e+00,3.203434836337e-04,38.5733
33,41,0.1601562500,-0.0898437500,2.089833351744e-04,2.000000000000e-04,20000,22044,0.000000000000e+00,2.089833351744e-04,0.000000000000e+00,2.089833351744e-04,38.3878
33,42,0.1640625000,-0.0859375000,3.029950539232e-04,3.500000000000e-04,20000,22044,0.000000000000e+00,3.029950539232e-04,0.000000000000e+00,3.029950539232e-04,38.5491
33,43,0.1679687500,-0.0820312500,1.800392625247e-04,2.000000000000e-04,20000,22044,0.000000000000e+00,1.800392625247e-04,0.000000000000e+00,1.800392625247e-04,38.3230
33,44,0.1718750000,-0.0781250000,1.101864151948e-04,1.500000000000e-04,20000,22044,0.000000000000e+00,1.101864151948e-04,0.000000000000e+00,1.101864151948e-04,38.1098
33,45,0.1757812500,-0.0742187500,1.335604788930e-04,1.500000000000e-04,20000,22044,0.000000000000e+00,1.335604788930e-04,0.000000000000e+00,1.335604788930e-04,38.1933
33,46,0.1796875000,-0.0703125000,2.290746779122e-04,1.000000000000e-04,20000,22044,0.000000000000e+00,2.290746779122e-04,0.000000000000e+00,2.290746779122e-04,38.4276
33,47,0.1835937500,-0.0664062500,2.207843418806e-04,5.000000000000e-05,20000,22044,3.679025950064e-12,2.207843382016e-04,3.679025950064e-12,2.207843382016e-04,38.4116
33,48,0.1875000000,-0.0625000000,2.408301485698e-04,2.000000000000e-04,20000,22044,0.000000000000e+00,2.408301485698e-04,0.000000000000e+00,2.408301485698e-04,38.4494
33,49,0.1914062500,-0.0585937500,2.080068420946e-04,0.000000000000e+00,20000,22044,3.552952937095e-09,2.080032891416e-04,3.556746932606e-09,2.080032853476e-04,38.3857
33,50,0.1953125000,-0.0546875000,2.742145944765e-04,3.000000000000e-04,20000,22044,0.000000000000e+00,2.742145944765e-04,1.775182268803e-10,2.742144169582e-04,38.5057
33,51,0.1992187500,-0.0507812500,1.804085723326e-04,5.000000000000e-05,20000,22044,4.716898351361e-07,1.799368824974e-04,4.749437813685e-07,1.799336285512e-04,38.3239
33,52,0.2031250000,-0.0468750000,4.984887331007e-05,0.000000000000e+00,20000,22044,0.000000000000e+00,4.984887331007e-05,4.529493178929e-08,4.980357837828e-05,37.7653
33,53,0.2070312500,-0.0429687500,1.295829311488e-04,1.500000000000e-04,20000,22044,2.050645385554e-05,1.090764772932e-04,2.088730935927e-05,1.086956217895e-04,38.1802
33,54,0.2109375000,-0.0390625000,2.121913101552e-05,0.000000000000e+00,20000,22044,0.000000000000e+00,2.121913101552e-05,2.825148024355e-06,1.839398299116e-05,37.3944
33,55,0.2148437500,-0.0351562500,4.799629623982e-04,7.000000000000e-04,20000,22044,3.876032079537e-04,9.235975444444e-05,4.021034294697e-04,7.785953292846e-05,38.7488
33,56,0.2187500000,-0.0312500000,8.397352036296e-05,5.000000000000e-05,20000,22044,0.000000000000e+00,8.397352036296e-05,6.783403096228e-05,1.613948940069e-05,37.9918
33,57,0.2226562500,-0.0273437500,3.956653195932e-03,4.550000000000e-03,20000,22044,3.662215700338e-03,2.944374955937e-04,3.901008524652e-03,5.564467127943e-05,39.6650
33,58,0.2265625000,-0.0234375000,7.762646014090e-04,6.000000000000e-04,20000,22044,0.000000000000e+00,7.762646014090e-04,7.616368673483e-04,1.462773406070e-05,38.9577
33,59,0.2304687500,-0.0195312500,2.071981620957e-02,1.985000000000e-02,20000,22044,1.872743838161e-02,1.992377827954e-03,2.068916140888e-02,3.065480068709e-05,40.3840
33,60,0.2343750000,-0.0156250000,4.458972391856e-03,3.900000000000e-03,20000,22044,0.000000000000e+00,4.458972391856e-03,4.449134637906e-03,9.837753949591e-06,39.7169
33,61,0.2382812500,-0.0117187500,6.312105909735e-02,6.270000000000e-02,20000,22044,5.435322332751e-02,8.767835769842e-03,6.310861616155e-02,1.244293579848e-05,40.8678
33,62,0.2421875000,-0.0078125000,1.446948628597e-02,1.470000000000e-02,20000,22044,0.000000000000e+00,1.446948628597e-02,1.446291408914e-02,6.572196832667e-06,40.2281
33,63,0.2460937500,-0.0039062500,1.145383648084e-01,1.180000000000e-01,20000,22044,9.201628532762e-02,2.252207948077e-02,1.145358137921e-01,2.551016310302e-06,41.1266
33,64,0.2500000000,0.0000000000,2.647824709627e-02,2.720000000000e-02,20000,22044,0.000000000000e+00,2.647824709627e-02,2.647633326603e-02,1.913830243281e-06,40.4905
33,65,0.2539062500,0.0039062500,1.186668388933e-01,1.192500000000e-01,20000,22044,9.201628532762e-02,2.665055356570e-02,1.186660226221e-01,8.162711700648e-07,41.1420
33,66,0.2578125000,0.0078125000,3.321699585832e-02,3.270000000000e-02,20000,22044,0.000000000000e+00,3.321699585832e-02,3.321658293998e-02,4.129183412834e-07,40.5890
33,67,0.2617187500,0.0117187500,7.291673506323e-02,7.330000000000e-02,20000,22044,5.435322332751e-02,1.856351173573e-02,7.291656402484e-02,1.710383889382e-07,40.9305
33,68,0.2656250000,0.0156250000,3.249815967980e-02,3.370000000000e-02,20000,22044,0.000000000000e+00,3.249815967980e-02,3.249810728997e-02,5.238983540785e-08,40.5795
33,69,0.2695312500,0.0195312500,4.154047714213e-02,3.970000000000e-02,20000,22044,1.872743838161e-02,2.281303876051e-02,4.154045624383e-02,2.089829690018e-08,40.6861
33,70,0.2734375000,0.0234375000,2.465891789028e-02,2.670000000000e-02,20000,22044,0.000000000000e+00,2.465891789028e-02,2.465891440395e-02,3.486327746249e-09,40.4596
33,71,0.2773437500,0.0273437500,2.100436770130e-02,2.100000000000e-02,20000,22044,3.662215700338e-03,1.734215200096e-02,2.100436641683e-02,1.284466269881e-09,40.3900
33,72,0.2812500000,0.0312500000,1.924277575987e-02,1.980000000000e-02,20000,22044,0.000000000000e+00,1.924277575987e-02,1.924277570036e-02,5.950974103079e-11,40.3519
33,73,0.2851562500,0.0351562500,9.346735137169e-03,9.000000000000e-03,20000,22044,3.876032079537e-04,8.959131929216e-03,9.346735102978e-03,3.419124054109e-11,40.0383
33,74,0.2890625000,0.0390625000,1.480755117669e-02,1.480000000000e-02,20000,22044,0.000000000000e+00,1.480755117669e-02,1.480755117585e-02,8.403694715624e-13,40.2381
33,75,0.2929687500,0.0429687500,1.573509708886e-02,1.520000000000e-02,20000,22044,2.050645385554e-05,1.571459063501e-02,1.573509708859e-02,2.697080035449e-13,40.2645
33,76,0.2968750000,0.0468750000,1.002663780713e-02,1.070000000000e-02,20000,22044,0.000000000000e+00,1.002663780713e-02,1.002663780713e-02,1.702173103466e-15,40.0688
33,77,0.3007812500,0.0507812500,1.564149005640e-02,1.555000000000e-02,20000,22044,4.716898351361e-07,1.564101836656e-02,1.564149005640e-02,2.148373819909e-16,40.2619
33,78,0.3046875000,0.0546875000,1.175304900741e-02,1.210000000000e-02,20000,22044,0.000000000000e+00,1.175304900741e-02,1.175304900741e-02,0.000000000000e+00,40.1378
33,79,0.3085937500,0.0585937500,4.560923950867e-03,4.300000000000e-03,20000,22044,3.552952937095e-09,4.560920397914e-03,4.560923950867e-03,0.000000000000e+00,39.7267
33,80,0.3125000000,0.0625000000,1.390962352038e-02,1.295000000000e-02,20000,22044,0.000000000000e+00,1.390962352038e-02,1.390962352038e-02,0.000000000000e+00,40.2110
33,81,0.3164062500,0.0664062500,2.463717994266e-03,2.800000000000e-03,20000,22044,3.679025950064e-12,2.463717990587e-03,2.463717994266e-03,0.000000000000e+00,39.4592
33,82,0.3203125000,0.0703125000,1.123321619664e-02,1.100000000000e-02,20000,22044,0.000000000000e+00,1.123321619664e-02,1.123321619664e-02,0.000000000000e+00,40.1181
33,83,0.3242187500,0.0742187500,1.105691964756e-02,1.040000000000e-02,20000,22044,0.000000000000e+00,1.105691964756e-02,1.105691964756e-02,0.000000000000e+00,40.1113
33,84,0.3281250000,0.0781250000,6.145270772076e-03,6.450000000000e-03,20000,22044,0.000000000000e+00,6.145270772076e-03,6.145270772076e-03,0.000000000000e+00,39.8562
33,85,0.3320312500,0.0820312500,6.739345220668e-03,6.400000000000e-03,20000,22044,0.000000000000e+00,6.739345220668e-03,6.739345220668e-03,0.000000000000e+00,39.8963
33,86,0.3359375000,0.0859375000,4.981496619673e-03,4.250000000000e-03,20000,22044,0.000000000000e+00,4.981496619673e-03,4.981496619673e-03,0.000000000000e+00,39.7650
33,87,0.3398437500,0.0898437500,4.478575522548e-03,4.300000000000e-03,20000,22044,0.000000000000e+00,4.478575522548e-03,4.478575522548e-03,0.000000000000e+00,39.7188
33,88,0.3437500000,0.0937500000,2.939621931799e-03,3.150000000000e-03,20000,22044,0.000000000000e+00,2.939621931799e-03,2.939621931799e-03,0.000000000000e+00,39.5359
33,89,0.3476562500,0.0976562500,3.330950107062e-03,3.550000000000e-03,20000,22044,0.000000000000e+00,3.330950107062e-03,3.330950107062e-03,0.000000000000e+00,39.5902
33,90,0.3515625000,0.1015625000,4.745972218069e-03,5.450000000000e-03,20000,22044,0.000000000000e+00,4.745972218069e-03,4.745972218069e-03,0.000000000000e+00,39.7440
33,91,0.3554687500,0.1054687500,1.098242330150e-03,1.400000000000e-03,20000,22044,0.000000000000e+00,1.098242330150e-03,1.098242330150e-03,0.000000000000e+00,39.1083
33,92,0.3593750000,0.1093750000,7.223094129577e-03,7.400000000000e-03,20000,22044,0.000000000000e+00,7.223094129577e-03,7.223094129577e-03,0.000000000000e+00,39.9264
33,93,0.3632812500,0.1132812500,8.732064310062e-03,8.600000000000e-03,20000,22044,0.000000000000e+00,8.732064310062e-03,8.732064310062e-03,0.000000000000e+00,40.0088
33,94,0.3671875000,0.1171875000,8.116053881102e-03,7.750000000000e-03,20000,22044,0.000000000000e+00,8.116053881102e-03,8.116053881102e-03,0.000000000000e+00,39.9770
33,95,0.3710937500,0.1210937500,4.536199237270e-03,5.100000000000e-03,20000,22044,0.000000000000e+00,4.536199237270e-03,4.536199237270e-03,0.000000000000e+00,39.7243
33,96,0.3750000000,0.1250000000,1.039521963669e-02,1.155000000000e-02,20000,22044,0.000000000000e+00,1.039521963669e-02,1.039521963669e-02,0.000000000000e+00,40.0845
33,97,0.3789062500,0.1289062500,2.736115342320e-03,2.500000000000e-03,20000,22044,0.000000000000e+00,2.736115342320e-03,2.736115342320e-03,0.000000000000e+00,39.5048
33,98,0.3828125000,0.1328125000,1.004682240200e-02,8.950000000000e-03,20000,22044,0.000000000000e+00,1.004682240200e-02,1.004682240200e-02,0.000000000000e+00,40.0697
33,99,0.3867187500,0.1367187500,1.101274536269e-02,1.145000000000e-02,20000,22044,0.000000000000e+00,1.101274536269e-02,1.101274536269e-02,0.000000000000e+00,40.1095
33,100,0.3906250000,0.1406250000,4.501680475714e-03,4.900000000000e-03,20000,22044,0.000000000000e+00,4.501680475714e-03,4.501680475714e-03,0.000000000000e+00,39.7210
33,101,0.3945312500,0.1445312500,5.457823102971e-03,5.100000000000e-03,20000,22044,0.000000000000e+00,5.457823102971e-03,5.457823102971e-03,0.000000000000e+00,39.8047
33,102,0.3984375000,0.1484375000,3.739749614506e-03,3.250000000000e-03,20000,22044,0.000000000000e+00,3.739749614506e-03,3.739749614506e-03,0.000000000000e+00,39.6405
33,103,0.4023437500,0.1523437500,3.743286581911e-03,3.800000000000e-03,20000,22044,0.000000000000e+00,3.743286581911e-03,3.743286581911e-03,0.000000000000e+00,39.6409
33,104,0.4062500000,0.1562500000,3.250921616118e-03,3.400000000000e-03,20000,22044,0.000000000000e+00,3.250921616118e-03,3.250921616118e-03,0.000000000000e+00,39.5796
33,105,0.4101562500,0.1601562500,3.169079954031e-03,4.000000000000e-03,20000,22044,0.000000000000e+00,3.169079954031e-03,3.169079954031e-03,0.000000000000e+00,39.5686
33,106,0.4140625000,0.1640625000,2.329093112065e-03,2.550000000000e-03,20000,22044,0.000000000000e+00,2.329093112065e-03,2.329093112065e-03,0.000000000000e+00,39.4348
33,107,0.4179687500,0.1679687500,2.253926309554e-03,2.350000000000e-03,20000,22044,0.000000000000e+00,2.253926309554e-03,2.253926309554e-03,0.000000000000e+00,39.4206
33,108,0.4218750000,0.1718750000,1.213886846323e-03,1.300000000000e-03,20000,22044,0.000000000000e+00,1.213886846323e-03,1.213886846323e-03,0.000000000000e+00,39.1518
33,109,0.4257812500,0.1757812500,2.372839484841e-03,2.350000000000e-03,20000,22044,0.000000000000e+00,2.372839484841e-03,2.372839484841e-03,0.000000000000e+00,39.4429
33,110,0.4296875000,0.1796875000,1.288983869659e-03,1.400000000000e-03,20000,22044,0.000000000000e+00,1.288983869659e-03,1.288983869659e-03,0.000000000000e+00,39.1779
33,111,0.4335937500,0.1835937500,1.592631912006e-03,1.300000000000e-03,20000,22044,0.000000000000e+00,1.592631912006e-03,1.592631912006e-03,0.000000000000e+00,39.2698
33,112,0.4375000000,0.1875000000,9.366145536244e-04,1.000000000000e-03,20000,22044,0.000000000000e+00,9.366145536244e-04,9.366145536244e-04,0.000000000000e+00,39.0392
33,113,0.4414062500,0.1914062500,1.684544743289e-03,1.300000000000e-03,20000,22044,0.000000000000e+00,1.684544743289e-03,1.684544743289e-03,0.000000000000e+00,39.2941
33,114,0.4453125000,0.1953125000,5.469707976385e-04,5.000000000000e-04,20000,22044,0.000000000000e+00,5.469707976385e-04,5.469707976385e-04,0.000000000000e+00,38.8056
33,115,0.4492187500,0.1992187500,1.433891918586e-03,1.950000000000e-03,20000,22044,0.000000000000e+00,1.433891918586e-03,1.433891918586e-03,0.000000000000e+00,39.2242
33,116,0.4531250000,0.2031250000,5.594471646222e-04,6.500000000000e-04,20000,22044,0.000000000000e+00,5.594471646222e-04,5.594471646222e-04,0.000000000000e+00,38.8154
33,117,0.4570312500,0.2070312500,1.010710042718e-03,9.000000000000e-04,20000,22044,0.000000000000e+00,1.010710042718e-03,1.010710042718e-03,0.000000000000e+00,39.0723
33,118,0.4609375000,0.2109375000,1.136363958790e-03,6.500000000000e-04,20000,22044,0.000000000000e+00,1.136363958790e-03,1.136363958790e-03,0.000000000000e+00,39.1232
33,119,0.4648437500,0.2148437500,7.720041826496e-05,0.000000000000e+00,20000,22044,0.000000000000e+00,7.720041826496e-05,7.720041826496e-05,0.000000000000e+00,37.9553
33,120,0.4687500000,0.2187500000,8.011502211470e-04,7.500000000000e-04,20000,22044,0.000000000000e+00,8.011502211470e-04,8.011502211470e-04,0.000000000000e+00,38.9714
33,121,0.4726562500,0.2226562500,1.885281048093e-04,2.500000000000e-04,20000,22044,0.000000000000e+00,1.885281048093e-04,1.885281048093e-04,0.000000000000e+00,38.3430
33,122,0.4765625000,0.2265625000,4.026517870475e-04,5.000000000000e-04,20000,22044,0.000000000000e+00,4.026517870475e-04,4.026517870475e-04,0.000000000000e+00,38.6726
33,123,0.4804687500,0.2304687500,1.377255717564e-04,1.000000000000e-04,20000,22044,0.000000000000e+00,1.377255717564e-04,1.377255717564e-04,0.000000000000e+00,38.2067
33,124,0.4843750000,0.2343750000,2.463190606436e-04,5.000000000000e-05,20000,22044,0.000000000000e+00,2.463190606436e-04,2.463190606436e-04,0.000000000000e+00,38.4591
33,125,0.4882812500,0.2382812500,9.690958206138e-05,1.000000000000e-04,20000,22044,0.000000000000e+00,9.690958206138e-05,9.690958206138e-05,0.000000000000e+00,38.0540
33,126,0.4921875000,0.2421875000,1.399819398836e-04,2.000000000000e-04,20000,22044,0.000000000000e+00,1.399819398836e-04,1.399819398836e-04,0.000000000000e+00,38.2137
33,127,0.4960937500,0.2460937500,7.105271478564e-05,5.000000000000e-05,20000,22044,0.000000000000e+00,7.105271478564e-05,7.105271478564e-05,0.000000000000e+00,37.9192
33,128,0.5000000000,0.2500000000,6.817175644398e-05,1.000000000000e-04,20000,22044,0.000000000000e+00,6.817175644398e-05,6.817175644398e-05,0.000000000000e+00,37.9012
33,129,0.5039062500,0.2539062500,3.673321256106e-05,5.000000000000e-05,20000,22044,0.000000000000e+00,3.673321256106e-05,3.673321256106e-05,0.000000000000e+00,37.6327
33,130,0.5078125000,0.2578125000,3.602971287406e-05,0.000000000000e+00,20000,22044,0.000000000000e+00,3.602971287406e-05,3.602971287406e-05,0.000000000000e+00,37.6243
33,131,0.5117187500,0.2617187500,3.287414013595e-05,0.000000000000e+00,20000,22044,0.000000000000e+00,3.287414013595e-05,3.287414013595e-05,0.000000000000e+00,37.5845
33,132,0.5156250000,0.2656250000,2.458951325712e-06,0.000000000000e+00,20000,22044,0.000000000000e+00,2.458951325712e-06,2.458951325712e-06,0.000000000000e+00,36.4584
33,133,0.5195312500,0.2695312500,1.440985306170e-05,5.000000000000e-05,20000,22044,0.000000000000e+00,1.440985306170e-05,1.440985306170e-05,0.000000000000e+00,37.2263
33,134,0.5234375000,0.2734375000,1.103262760679e-06,0.000000000000e+00,20000,22044,0.000000000000e+00,1.103262760679e-06,1.103262760679e-06,0.000000000000e+00,36.1103
33,135,0.5273437500,0.2773437500,5.545319074441e-06,0.000000000000e+00,20000,22044,0.000000000000e+00,5.545319074441e-06,5.545319074441e-06,0.000000000000e+00,36.8116
33,136,0.5312500000,0.2812500000,5.235594045481e-07,0.000000000000e+00,20000,22044,0.000000000000e+00,5.235594045481e-07,5.235594045481e-07,0.000000000000e+00,35.7866
33,137,0.5351562500,0.2851562500,1.851115509348e-06,0.000000000000e+00,20000,22044,0.000000000000e+00,1.851115509348e-06,1.851115509348e-06,0.000000000000e+00,36.3351
33,138,0.5390625000,0.2890625000,2.101895625393e-07,0.000000000000e+00,20000,22044,0.000000000000e+00,2.101895625393e-07,2.101895625393e-07,0.000000000000e+00,35.3903
33,139,0.5429687500,0.2929687500,5.337420152368e-07,0.000000000000e+00,20000,22044,0.000000000000e+00,5.337420152368e-07,5.337420152368e-07,0.000000000000e+00,35.7950
33,140,0.5468750000,0.2968750000,8.016496554069e-08,0.000000000000e+00,20000,22044,0.000000000000e+00,8.016496554069e-08,8.016496554069e-08,0.000000000000e+00,34.9716
33,141,0.5507812500,0.3007812500,1.204324000403e-07,0.000000000000e+00,20000,22044,0.000000000000e+00,1.204324000403e-07,1.204324000403e-07,0.000000000000e+00,35.1484
33,142,0.5546875000,0.3046875000,2.191168703319e-08,0.000000000000e+00,20000,22044,0.000000000000e+00,2.191168703319e-08,2.191168703319e-08,0.000000000000e+00,34.4083
33,143,0.5585937500,0.3085937500,2.410913332804e-08,0.000000000000e+00,20000,22044,0.000000000000e+00,2.410913332804e-08,2.410913332804e-08,0.000000000000e+00,34.4498
33,144,0.5625000000,0.3125000000,5.208274590631e-09,0.000000000000e+00,20000,22044,0.000000000000e+00,5.208274590631e-09,5.208274590631e-09,0.000000000000e+00,33.7843
33,145,0.5664062500,0.3164062500,3.537377118161e-09,0.000000000000e+00,20000,22044,0.000000000000e+00,3.537377118161e-09,3.537377118161e-09,0.000000000000e+00,33.6163
33,146,0.5703125000,0.3203125000,1.317548887367e-09,0.000000000000e+00,20000,22044,0.000000000000e+00,1.317548887367e-09,1.317548887367e-09,0.000000000000e+00,33.1874
33,147,0.5742187500,0.3242187500,1.762988608522e-11,0.000000000000e+00,20000,22044,0.000000000000e+00,1.762988608522e-11,1.762988608522e-11,0.000000000000e+00,31.3139
33,148,0.5781250000,0.3281250000,1.569846242136e-10,0.000000000000e+00,20000,22044,0.000000000000e+00,1.569846242136e-10,1.569846242136e-10,0.000000000000e+00,32.2635
33,150,0.5859375000,0.3359375000,1.331273551987e-11,0.000000000000e+00,20000,22044,0.000000000000e+00,1.331273551987e-11,1.331273551987e-11,0.000000000000e+00,31.1919
33,152,0.5937500000,0.3437500000,7.233278912162e-13,0.000000000000e+00,20000,22044,0.000000000000e+00,7.233278912162e-13,7.233278912162e-13,0.000000000000e+00,29.9270
33,154,0.6015625000,0.3515625000,1.887926120710e-14,0.000000000000e+00,20000,22044,0.000000000000e+00,1.887926120710e-14,1.887926120710e-14,0.000000000000e+00,28.3436
34,0,0.0000000000,-0.2500000000,4.979829800816e-02,4.765000000000e-02,20000,22044,0.000000000000e+00,4.979829800816e-02,0.000000000000e+00,4.979829800816e-02,41.5970
34,1,0.0039062500,-0.2460937500,1.831385770845e-02,1.935000000000e-02,20000,22044,0.000000000000e+00,1.831385770845e-02,0.000000000000e+00,1.831385770845e-02,41.1626
34,2,0.0078125000,-0.2421875000,2.662548874664e-03,2.450000000000e-03,20000,22044,0.000000000000e+00,2.662548874664e-03,0.000000000000e+00,2.662548874664e-03,40.3251
34,3,0.0117187500,-0.2382812500,6.299455788835e-03,6.450000000000e-03,20000,22044,0.000000000000e+00,6.299455788835e-03,0.000000000000e+00,6.299455788835e-03,40.6991
34,4,0.0156250000,-0.2343750000,3.206247807412e-03,3.400000000000e-03,20000,22044,0.000000000000e+00,3.206247807412e-03,0.000000000000e+00,3.206247807412e-03,40.4058
34,5,0.0195312500,-0.2304687500,3.762262691552e-03,3.000000000000e-03,20000,22044,0.000000000000e+00,3.762262691552e-03,0.000000000000e+00,3.762262691552e-03,40.4752
34,6,0.0234375000,-0.2265625000,1.186513177338e-03,1.100000000000e-03,20000,22044,0.000000000000e+00,1.186513177338e-03,0.000000000000e+00,1.186513177338e-03,39.9740
34,7,0.0273437500,-0.2226562500,3.755166038006e-03,3.700000000000e-03,20000,22044,0.000000000000e+00,3.755166038006e-03,0.000000000000e+00,3.755166038006e-03,40.4744
34,8,0.0312500000,-0.2187500000,2.263114379611e-03,1.650000000000e-03,20000,22044,0.000000000000e+00,2.263114379611e-03,0.000000000000e+00,2.263114379611e-03,40.2545
34,9,0.0351562500,-0.2148437500,3.710447583451e-03,3.650000000000e-03,20000,22044,0.000000000000e+00,3.710447583451e-03,0.000000000000e+00,3.710447583451e-03,40.4692
34,10,0.0390625000,-0.2109375000,1.187023159604e-03,1.150000000000e-03,20000,22044,0.000000000000e+00,1.187023159604e-03,0.000000000000e+00,1.187023159604e-03,39.9742
34,11,0.0429687500,-0.2070312500,1.156038151467e-03,1.200000000000e-03,20000,22044,0.000000000000e+00,1.156038151467e-03,0.000000000000e+00,1.156038151467e-03,39.9627
34,12,0.0468750000,-0.2031250000,2.424909386587e-04,2.000000000000e-04,20000,22044,0.000000000000e+00,2.424909386587e-04,0.000000000000e+00,2.424909386587e-04,39.2845
34,13,0.0507812500,-0.1992187500,6.482522956870e-04,4.500000000000e-04,20000,22044,0.000000000000e+00,6.482522956870e-04,0.000000000000e+00,6.482522956870e-04,39.7115
34,14,0.0546875000,-0.1953125000,1.762283286187e-04,1.500000000000e-04,20000,22044,0.000000000000e+00,1.762283286187e-04,0.000000000000e+00,1.762283286187e-04,39.1459
34,15,0.0585937500,-0.1914062500,3.176262933786e-03,3.200000000000e-03,20000,22044,0.000000000000e+00,3.176262933786e-03,0.000000000000e+00,3.176262933786e-03,40.4017
34,16,0.0625000000,-0.1875000000,2.235806489273e-03,2.200000000000e-03,20000,22044,0.000000000000e+00,2.235806489273e-03,0.000000000000e+00,2.235806489273e-03,40.2492
34,17,0.0664062500,-0.1835937500,3.635276724276e-03,3.550000000000e-03,20000,22044,0.000000000000e+00,3.635276724276e-03,0.000000000000e+00,3.635276724276e-03,40.4603
34,18,0.0703125000,-0.1796875000,1.236169988470e-03,1.350000000000e-03,20000,22044,0.000000000000e+00,1.236169988470e-03,0.000000000000e+00,1.236169988470e-03,39.9919
34,19,0.0742187500,-0.1757812500,1.054742013649e-03,1.400000000000e-03,20000,22044,0.000000000000e+00,1.054742013649e-03,0.000000000000e+00,1.054742013649e-03,39.9229
34,20,0.0781250000,-0.1718750000,2.728204859689e-04,1.500000000000e-04,20000,22044,0.000000000000e+00,2.728204859689e-04,0.000000000000e+00,2.728204859689e-04,39.3357
34,21,0.0820312500,-0.1679687500,5.924607288317e-04,7.500000000000e-04,20000,22044,0.000000000000e+00,5.924607288317e-04,0.000000000000e+00,5.924607288317e-04,39.6724
34,22,0.0859375000,-0.1640625000,2.660121869867e-04,2.500000000000e-04,20000,22044,0.000000000000e+00,2.660121869867e-04,0.000000000000e+00,2.660121869867e-04,39.3247
34,23,0.0898437500,-0.1601562500,5.695314594650e-04,6.000000000000e-04,20000,22044,0.000000000000e+00,5.695314594650e-04,0.000000000000e+00,5.695314594650e-04,39.6553
34,24,0.0937500000,-0.1562500000,1.370435829146e-04,1.500000000000e-04,20000,22044,0.000000000000e+00,1.370435829146e-04,0.000000000000e+00,1.370435829146e-04,39.0366
34,25,0.0976562500,-0.1523437500,5.661459614561e-04,6.000000000000e-04,20000,22044,0.000000000000e+00,5.661459614561e-04,0.000000000000e+00,5.661459614561e-04,39.6527
34,26,0.1015625000,-0.1484375000,2.082940861027e-04,2.000000000000e-04,20000,22044,0.000000000000e+00,2.082940861027e-04,0.000000000000e+00,2.082940861027e-04,39.2185
34,27,0.1054687500,-0.1445312500,1.348577722134e-04,1.500000000000e-04,20000,22044,0.000000000000e+00,1.348577722134e-04,0.000000000000e+00,1.348577722134e-04,39.0297
34,28,0.1093750000,-0.1406250000,7.894430478209e-05,1.000000000000e-04,20000,22044,0.000000000000e+00,7.894430478209e-05,0.000000000000e+00,7.894430478209e-05,38.7971
34,29,0.1132812500,-0.1367187500,3.714966107105e-04,2.000000000000e-04,20000,22044,0.000000000000e+00,3.714966107105e-04,0.000000000000e+00,3.714966107105e-04,39.4697
34,30,0.1171875000,-0.1328125000,5.840103866473e-04,4.500000000000e-04,20000,22044,0.000000000000e+00,5.840103866473e-04,0.000000000000e+00,5.840103866473e-04,39.6662
34,31,0.1210937500,-0.1289062500,2.473286554953e-03,2.550000000000e-03,20000,22044,0.000000000000e+00,2.473286554953e-03,0.000000000000e+00,2.473286554953e-03,40.2930
34,32,0.1250000000,-0.1250000000,2.288509390244e-03,2.000000000000e-03,20000,22044,0.000000000000e+00,2.288509390244e-03,0.000000000000e+00,2.288509390244e-03,40.2593
34,33,0.1289062500,-0.1210937500,2.818528283989e-03,2.900000000000e-03,20000,22044,0.000000000000e+00,2.818528283989e-03,0.000000000000e+00,2.818528283989e-03,40.3498
34,34,0.1328125000,-0.1171875000,1.524976596139e-03,1.950000000000e-03,20000,22044,0.000000000000e+00,1.524976596139e-03,0.000000000000e+00,1.524976596139e-03,40.0830
34,35,0.1367187500,-0.1132812500,1.049535656709e-03,1.150000000000e-03,20000,22044,0.000000000000e+00,1.049535656709e-03,0.000000000000e+00,1.049535656709e-03,39.9208
34,36,0.1406250000,-0.1093750000,4.892429026854e-04,8.000000000000e-04,20000,22044,0.000000000000e+00,4.892429026854e-04,0.000000000000e+00,4.892429026854e-04,39.5893
34,37,0.1445312500,-0.1054687500,4.477279418542e-04,5.000000000000e-04,20000,22044,0.000000000000e+00,4.477279418542e-04,0.000000000000e+00,4.477279418542e-04,39.5508
34,38,0.1484375000,-0.1015625000,5.097928466447e-04,4.500000000000e-04,20000,22044,0.000000000000e+00,5.097928466447e-04,0.000000000000e+00,5.097928466447e-04,39.6072
34,39,0.1523437500,-0.0976562500,4.472509225898e-04,6.500000000000e-04,20000,22044,0.000000000000e+00,4.472509225898e-04,0.000000000000e+00,4.472509225898e-04,39.5503
34,40,0.1562500000,-0.0937500000,1.985199577863e-04,1.500000000000e-04,20000,22044,0.000000000000e+00,1.985199577863e-04,0.000000000000e+00,1.985199577863e-04,39.1976
34,41,0.1601562500,-0.0898437500,3.997339226389e-04,6.000000000000e-04,20000,22044,0.000000000000e+00,3.997339226389e-04,0.000000000000e+00,3.997339226389e-04,39.5015
34,42,0.1640625000,-0.0859375000,2.779761701548e-04,3.000000000000e-04,20000,22044,0.000000000000e+00,2.779761701548e-04,0.000000000000e+00,2.779761701548e-04,39.3438
34,43,0.1679687500,-0.0820312500,1.210451520432e-04,0.000000000000e+00,20000,22044,0.000000000000e+00,1.210451520432e-04,0.000000000000e+00,1.210451520432e-04,38.9827
34,44,0.1718750000,-0.0781250000,2.119489948211e-04,2.000000000000e-04,20000,22044,0.000000000000e+00,2.119489948211e-04,0.000000000000e+00,2.119489948211e-04,39.2260
34,45,0.1757812500,-0.0742187500,6.718394298546e-05,1.500000000000e-04,20000,22044,0.000000000000e+00,6.718394298546e-05,0.000000000000e+00,6.718394298546e-05,38.7270
34,46,0.1796875000,-0.0703125000,2.366311850547e-04,1.500000000000e-04,20000,22044,0.000000000000e+00,2.366311850547e-04,0.000000000000e+00,2.366311850547e-04,39.2738
34,47,0.1835937500,-0.0664062500,3.870648030451e-04,4.000000000000e-04,20000,22044,1.513019330113e-12,3.870648015321e-04,1.513019330113e-12,3.870648015321e-04,39.4876
34,48,0.1875000000,-0.0625000000,8.177301130963e-05,2.500000000000e-04,20000,22044,6.931221183845e-11,8.177294199742e-05,7.093671680342e-11,8.177294037291e-05,38.8124
34,49,0.1914062500,-0.0585937500,3.762151725391e-04,3.500000000000e-04,20000,22044,1.512955624036e-09,3.762136595835e-04,1.513141765230e-09,3.762136593974e-04,39.4752
34,50,0.1953125000,-0.0546875000,2.656401721833e-04,5.000000000000e-04,20000,22044,2.096301400726e-08,2.656192091693e-04,2.254062430088e-08,2.656176315590e-04,39.3241
34,51,0.1992187500,-0.0507812500,1.114323373050e-04,0.000000000000e+00,20000,22044,2.072236716279e-07,1.112251136334e-04,2.073972766256e-07,1.112249400284e-04,38.9468
34,52,0.2031250000,-0.0468750000,1.421116058506e-04,5.000000000000e-05,20000,22044,1.557317289810e-06,1.405542885608e-04,1.768447181038e-06,1.403431586696e-04,39.0524
34,53,0.2070312500,-0.0429687500,7.973121138499e-05,1.000000000000e-04,20000,22044,9.258251287920e-06,7.047296009707e-05,9.280497059536e-06,7.045071432545e-05,38.8014
34,54,0.2109375000,-0.0390625000,1.199057023766e-04,0.000000000000e+00,20000,22044,4.473293691589e-05,7.517276546068e-05,5.401974102508e-05,6.588596135149e-05,38.9786
34,55,0.2148437500,-0.0351562500,2.292297624282e-04,2.500000000000e-04,20000,22044,1.790962069905e-04,5.013355543777e-05,1.800302231446e-04,4.919953928358e-05,39.2600
34,56,0.2187500000,-0.0312500000,8.312451728021e-04,8.000000000000e-04,20000,22044,6.027833503886e-04,2.284618224135e-04,7.813766551790e-04,4.986851762307e-05,39.8195
34,57,0.2226562500,-0.0273437500,1.780784648141e-03,1.800000000000e-03,20000,22044,1.724308141736e-03,5.647650640504e-05,1.741423549866e-03,3.936109827554e-05,40.1504
34,58,0.2265625000,-0.0234375000,5.991051484911e-03,6.050000000000e-03,20000,22044,4.227913989089e-03,1.763137495822e-03,5.959383144740e-03,3.166834017033e-05,40.6773
34,59,0.2304687500,-0.0195312500,9.128768626766e-03,9.350000000000e-03,20000,22044,8.944431245785e-03,1.843373809814e-04,9.102930053799e-03,2.583857296694e-05,40.8602
34,60,0.2343750000,-0.0156250000,2.563135121810e-02,2.605000000000e-02,20000,22044,1.640991268098e-02,9.221438537119e-03,2.561621485013e-02,1.513636797190e-05,41.3085
34,61,0.2382812500,-0.0117187500,2.703979816774e-02,2.440000000000e-02,20000,22044,2.621027719879e-02,8.295209689508e-04,2.702441971090e-02,1.537845683475e-05,41.3318
34,62,0.2421875000,-0.0078125000,6.493875577698e-02,6.305000000000e-02,20000,22044,3.655011132308e-02,2.838864445390e-02,6.493462180812e-02,4.133968861892e-06,41.7123
34,63,0.2460937500,-0.0039062500,4.708656692477e-02,4.555000000000e-02,20000,22044,4.458698239242e-02,2.499584532354e-03,4.708085497352e-02,5.711951246144e-06,41.5727
34,64,0.2500000000,0.0000000000,9.342108996317e-02,9.895000000000e-02,20000,22044,4.763505909015e-02,4.578603087303e-02,9.342010233529e-02,9.876278866379e-07,41.8702
34,65,0.2539062500,0.0039062500,5.557673818024e-02,5.510000000000e-02,20000,22044,4.458698239242e-02,1.098975578782e-02,5.557512972205e-02,1.608458195218e-06,41.6447
34,66,0.2578125000,0.0078125000,7.658869344020e-02,7.385000000000e-02,20000,22044,3.655011132308e-02,4.003858211712e-02,7.658836719886e-02,3.262413378229e-07,41.7839
34,67,0.2617187500,0.0117187500,4.774203504593e-02,4.780000000000e-02,20000,22044,2.621027719879e-02,2.153175784714e-02,4.774175957873e-02,2.754672007027e-07,41.5787
34,68,0.2656250000,0.0156250000,4.973461930388e-02,4.845000000000e-02,20000,22044,1.640991268098e-02,3.332470662290e-02,4.973455419744e-02,6.510644421015e-08,41.5964
34,69,0.2695312500,0.0195312500,2.339500490671e-02,2.350000000000e-02,20000,22044,8.944431245785e-03,1.445057366093e-02,2.339497922637e-02,2.568034193044e-08,41.2689
34,70,0.2734375000,0.0234375000,3.656473191683e-02,3.645000000000e-02,20000,22044,4.227913989089e-03,3.233681792774e-02,3.656472461229e-02,7.304543580315e-09,41.4628
34,71,0.2773437500,0.0273437500,1.638623818693e-02,1.755000000000e-02,20000,22044,1.724308141736e-03,1.466193004519e-02,1.638623734336e-02,8.435698735985e-10,41.1143
34,72,0.2812500000,0.0312500000,1.877036650437e-02,1.935000000000e-02,20000,22044,6.027833503886e-04,1.816758315398e-02,1.877036615725e-02,3.471220902400e-10,41.1732
34,73,0.2851562500,0.0351562500,1.402900582555e-02,1.300000000000e-02,20000,22044,1.790962069905e-04,1.384990961856e-02,1.402900581061e-02,1.493753480348e-11,41.0468
34,74,0.2890625000,0.0390625000,1.716532876009e-02,1.815000000000e-02,20000,22044,4.473293691589e-05,1.712059582317e-02,1.716532875275e-02,7.340884126664e-12,41.1344
34,75,0.2929687500,0.0429687500,4.336501949424e-03,4.900000000000e-03,20000,22044,9.258251287920e-06,4.327243698136e-03,4.336501949301e-03,1.223568483855e-13,40.5369
34,76,0.2968750000,0.0468750000,2.309900822436e-02,2.340000000000e-02,20000,22044,1.557317289810e-06,2.309745090707e-02,2.309900822432e-02,3.876964316448e-14,41.2634
34,77,0.3007812500,0.0507812500,4.190135176533e-03,5.400000000000e-03,20000,22044,2.072236716279e-07,4.189927952862e-03,4.190135176533e-03,1.252681504716e-16,40.5220
34,78,0.3046875000,0.0546875000,1.500191925391e-02,1.595000000000e-02,20000,22044,2.096301400726e-08,1.500189829089e-02,1.500191925391e-02,0.000000000000e+00,41.0759
34,79,0.3085937500,0.0585937500,1.283877296057e-02,1.245000000000e-02,20000,22044,1.512955624036e-09,1.283877144762e-02,1.283877296057e-02,0.000000000000e+00,41.0083
34,80,0.3125000000,0.0625000000,3.724136401361e-03,5.050000000000e-03,20000,22044,6.931221183845e-11,3.724136332048e-03,3.724136401361e-03,0.000000000000e+00,40.4708
34,81,0.3164062500,0.0664062500,1.219498550931e-02,1.345000000000e-02,20000,22044,1.513019330113e-12,1.219498550780e-02,1.219498550931e-02,0.000000000000e+00,40.9860
34,82,0.3203125000,0.0703125000,9.916894440589e-03,9.350000000000e-03,20000,22044,0.000000000000e+00,9.916894440589e-03,9.916894440589e-03,0.000000000000e+00,40.8962
34,83,0.3242187500,0.0742187500,2.857037635716e-03,3.150000000000e-03,20000,22044,0.000000000000e+00,2.857037635716e-03,2.857037635716e-03,0.000000000000e+00,40.3557
34,84,0.3281250000,0.0781250000,1.362639811258e-02,1.280000000000e-02,20000,22044,0.000000000000e+00,1.362639811258e-02,1.362639811258e-02,0.000000000000e+00,41.0342
34,85,0.3320312500,0.0820312500,3.833126521566e-03,3.900000000000e-03,20000,22044,0.000000000000e+00,3.833126521566e-03,3.833126521566e-03,0.000000000000e+00,40.4833
34,86,0.3359375000,0.0859375000,7.170398735261e-03,7.050000000000e-03,20000,22044,0.000000000000e+00,7.170398735261e-03,7.170398735261e-03,0.000000000000e+00,40.7553
34,87,0.3398437500,0.0898437500,2.419289962566e-03,1.800000000000e-03,20000,22044,0.000000000000e+00,2.419289962566e-03,2.419289962566e-03,0.000000000000e+00,40.2835
34,88,0.3437500000,0.0937500000,4.760118217011e-03,3.950000000000e-03,20000,22044,0.000000000000e+00,4.760118217011e-03,4.760118217011e-03,0.000000000000e+00,40.5774
34,89,0.3476562500,0.0976562500,3.347851221224e-03,3.050000000000e-03,20000,22044,0.000000000000e+00,3.347851221224e-03,3.347851221224e-03,0.000000000000e+00,40.4245
34,90,0.3515625000,0.1015625000,2.563578989911e-03,2.600000000000e-03,20000,22044,0.000000000000e+00,2.563578989911e-03,2.563578989911e-03,0.000000000000e+00,40.3086
34,91,0.3554687500,0.1054687500,6.451545706060e-03,6.250000000000e-03,20000,22044,0.000000000000e+00,6.451545706060e-03,6.451545706060e-03,0.000000000000e+00,40.7094
34,92,0.3593750000,0.1093750000,5.907060493684e-03,6.650000000000e-03,20000,22044,0.000000000000e+00,5.907060493684e-03,5.907060493684e-03,0.000000000000e+00,40.6711
34,93,0.3632812500,0.1132812500,3.090844457535e-03,3.100000000000e-03,20000,22044,0.000000000000e+00,3.090844457535e-03,3.090844457535e-03,0.000000000000e+00,40.3899
34,94,0.3671875000,0.1171875000,9.978930707215e-03,1.035000000000e-02,20000,22044,0.000000000000e+00,9.978930707215e-03,9.978930707215e-03,0.000000000000e+00,40.8989
34,95,0.3710937500,0.1210937500,1.070031527925e-02,1.030000000000e-02,20000,22044,0.000000000000e+00,1.070031527925e-02,1.070031527925e-02,0.000000000000e+00,40.9292
34,96,0.3750000000,0.1250000000,2.832955008903e-03,2.250000000000e-03,20000,22044,0.000000000000e+00,2.832955008903e-03,2.832955008903e-03,0.000000000000e+00,40.3520
34,97,0.3789062500,0.1289062500,1.035881385784e-02,9.800000000000e-03,20000,22044,0.000000000000e+00,1.035881385784e-02,1.035881385784e-02,0.000000000000e+00,40.9151
34,98,0.3828125000,0.1328125000,9.181883235508e-03,8.750000000000e-03,20000,22044,0.000000000000e+00,9.181883235508e-03,9.181883235508e-03,0.000000000000e+00,40.8627
34,99,0.3867187500,0.1367187500,3.196233519789e-03,3.050000000000e-03,20000,22044,0.000000000000e+00,3.196233519789e-03,3.196233519789e-03,0.000000000000e+00,40.4044
34,100,0.3906250000,0.1406250000,1.062759539379e-02,1.140000000000e-02,20000,22044,0.000000000000e+00,1.062759539379e-02,1.062759539379e-02,0.000000000000e+00,40.9262
34,101,0.3945312500,0.1445312500,4.692965423108e-03,5.250000000000e-03,20000,22044,0.000000000000e+00,4.692965423108e-03,4.692965423108e-03,0.000000000000e+00,40.5712
34,102,0.3984375000,0.1484375000,4.119473862940e-03,4.400000000000e-03,20000,22044,0.000000000000e+00,4.119473862940e-03,4.119473862940e-03,0.000000000000e+00,40.5146
34,103,0.4023437500,0.1523437500,3.883255203940e-03,3.950000000000e-03,20000,22044,0.000000000000e+00,3.883255203940e-03,3.883255203940e-03,0.000000000000e+00,40.4890
34,104,0.4062500000,0.1562500000,3.778458440626e-03,3.100000000000e-03,20000,22044,0.000000000000e+00,3.778458440626e-03,3.778458440626e-03,0.000000000000e+00,40.4771
34,105,0.4101562500,0.1601562500,2.536411195403e-03,2.600000000000e-03,20000,22044,0.000000000000e+00,2.536411195403e-03,2.536411195403e-03,0.000000000000e+00,40.3040
34,106,0.4140625000,0.1640625000,2.209206100433e-03,2.100000000000e-03,20000,22044,0.000000000000e+00,2.209206100433e-03,2.209206100433e-03,0.000000000000e+00,40.2440
34,107,0.4179687500,0.1679687500,2.359410977425e-03,2.750000000000e-03,20000,22044,0.000000000000e+00,2.359410977425e-03,2.359410977425e-03,0.000000000000e+00,40.2726
34,108,0.4218750000,0.1718750000,2.419553879852e-03,2.700000000000e-03,20000,22044,0.000000000000e+00,2.419553879852e-03,2.419553879852e-03,0.000000000000e+00,40.2835
34,109,0.4257812500,0.1757812500,1.548150113717e-03,1.600000000000e-03,20000,22044,0.000000000000e+00,1.548150113717e-03,1.548150113717e-03,0.000000000000e+00,40.0896
34,110,0.4296875000,0.1796875000,1.786940829068e-03,2.950000000000e-03,20000,22044,0.000000000000e+00,1.786940829068e-03,1.786940829068e-03,0.000000000000e+00,40.1519
34,111,0.4335937500,0.1835937500,1.230389859146e-03,1.400000000000e-03,20000,22044,0.000000000000e+00,1.230389859146e-03,1.230389859146e-03,0.000000000000e+00,39.9898
34,112,0.4375000000,0.1875000000,1.590488608479e-03,1.250000000000e-03,20000,22044,0.000000000000e+00,1.590488608479e-03,1.590488608479e-03,0.000000000000e+00,40.1013
34,113,0.4414062500,0.1914062500,8.869896561501e-04,8.000000000000e-04,20000,22044,0.000000000000e+00,8.869896561501e-04,8.869896561501e-04,0.000000000000e+00,39.8477
34,114,0.4453125000,0.1953125000,1.675473689285e-03,1.400000000000e-03,20000,22044,0.000000000000e+00,1.675473689285e-03,1.675473689285e-03,0.000000000000e+00,40.1239
34,115,0.4492187500,0.1992187500,5.986191140828e-04,7.000000000000e-04,20000,22044,0.000000000000e+00,5.986191140828e-04,5.986191140828e-04,0.000000000000e+00,39.6769
34,116,0.4531250000,0.2031250000,1.248802703154e-03,1.700000000000e-03,20000,22044,0.000000000000e+00,1.248802703154e-03,1.248802703154e-03,0.000000000000e+00,39.9963
34,117,0.4570312500,0.2070312500,1.190336278027e-03,1.050000000000e-03,20000,22044,0.000000000000e+00,1.190336278027e-03,1.190336278027e-03,0.000000000000e+00,39.9754
34,118,0.4609375000,0.2109375000,2.884595333448e-04,3.000000000000e-04,20000,22044,0.000000000000e+00,2.884595333448e-04,2.884595333448e-04,0.000000000000e+00,39.3599
34,119,0.4648437500,0.2148437500,1.038779455093e-03,1.050000000000e-03,20000,22044,0.000000000000e+00,1.038779455093e-03,1.038779455093e-03,0.000000000000e+00,39.9163
34,120,0.4687500000,0.2187500000,7.566665410369e-05,1.000000000000e-04,20000,22044,0.000000000000e+00,7.566665410369e-05,7.566665410369e-05,0.000000000000e+00,38.7787
34,121,0.4726562500,0.2226562500,7.047355208481e-04,6.500000000000e-04,20000,22044,0.000000000000e+00,7.047355208481e-04,7.047355208481e-04,0.000000000000e+00,39.7478
34,122,0.4765625000,0.2265625000,1.972924130945e-04,2.500000000000e-04,20000,22044,0.000000000000e+00,1.972924130945e-04,1.972924130945e-04,0.000000000000e+00,39.1949
34,123,0.4804687500,0.2304687500,3.276069962912e-04,4.000000000000e-04,20000,22044,0.000000000000e+00,3.276069962912e-04,3.276069962912e-04,0.000000000000e+00,39.4151
34,124,0.4843750000,0.2343750000,1.370700339506e-04,1.000000000000e-04,20000,22044,0.000000000000e+00,1.370700339506e-04,1.370700339506e-04,0.000000000000e+00,39.0367
34,125,0.4882812500,0.2382812500,1.989189422951e-04,3.000000000000e-04,20000,22044,0.000000000000e+00,1.989189422951e-04,1.989189422951e-04,0.000000000000e+00,39.1985
34,126,0.4921875000,0.2421875000,1.020909841021e-04,0.000000000000e+00,20000,22044,0.000000000000e+00,1.020909841021e-04,1.020909841021e-04,0.000000000000e+00,38.9088
34,127,0.4960937500,0.2460937500,1.012944965765e-04,0.000000000000e+00,20000,22044,0.000000000000e+00,1.012944965765e-04,1.012944965765e-04,0.000000000000e+00,38.9054
34,128,0.5000000000,0.2500000000,6.050451488505e-05,2.000000000000e-04,20000,22044,0.000000000000e+00,6.050451488505e-05,6.050451488505e-05,0.000000000000e+00,38.6816
34,129,0.5039062500,0.2539062500,5.659242114521e-05,1.000000000000e-04,20000,22044,0.000000000000e+00,5.659242114521e-05,5.659242114521e-05,0.000000000000e+00,38.6525
34,130,0.5078125000,0.2578125000,4.798628534677e-05,1.000000000000e-04,20000,22044,0.000000000000e+00,4.798628534677e-05,4.798628534677e-05,0.000000000000e+00,38.5809
34,131,0.5117187500,0.2617187500,1.080811290073e-05,0.000000000000e+00,20000,22044,0.000000000000e+00,1.080811290073e-05,1.080811290073e-05,0.000000000000e+00,37.9335
34,132,0.5156250000,0.2656250000,2.587428188632e-05,5.000000000000e-05,20000,22044,0.000000000000e+00,2.587428188632e-05,2.587428188632e-05,0.000000000000e+00,38.3126
34,133,0.5195312500,0.2695312500,1.840469310241e-06,0.000000000000e+00,20000,22044,0.000000000000e+00,1.840469310241e-06,1.840469310241e-06,0.000000000000e+00,37.1647
34,134,0.5234375000,0.2734375000,1.087492141057e-05,5.000000000000e-05,20000,22044,0.000000000000e+00,1.087492141057e-05,1.087492141057e-05,0.000000000000e+00,37.9362
34,135,0.5273437500,0.2773437500,9.347913888295e-07,0.000000000000e+00,20000,22044,0.000000000000e+00,9.347913888295e-07,9.347913888295e-07,0.000000000000e+00,36.8705
34,136,0.5312500000,0.2812500000,4.022160119703e-06,5.000000000000e-05,20000,22044,0.000000000000e+00,4.022160119703e-06,4.022160119703e-06,0.000000000000e+00,37.5042
34,137,0.5351562500,0.2851562500,4.233777356997e-07,0.000000000000e+00,20000,22044,0.000000000000e+00,4.233777356997e-07,4.233777356997e-07,0.000000000000e+00,36.5265
34,138,0.5390625000,0.2890625000,1.290104523842e-06,0.000000000000e+00,20000,22044,0.000000000000e+00,1.290104523842e-06,1.290104523842e-06,0.000000000000e+00,37.0104
34,139,0.5429687500,0.2929687500,1.596042114441e-07,0.000000000000e+00,20000,22044,0.000000000000e+00,1.596042114441e-07,1.596042114441e-07,0.000000000000e+00,36.1028
34,140,0.5468750000,0.2968750000,3.571399234095e-07,0.000000000000e+00,20000,22044,0.000000000000e+00,3.571399234095e-07,3.571399234095e-07,0.000000000000e+00,36.4526
34,141,0.5507812500,0.3007812500,5.946620826669e-08,0.000000000000e+00,20000,22044,0.000000000000e+00,5.946620826669e-08,5.946620826669e-08,0.000000000000e+00,35.6740
34,142,0.5546875000,0.3046875000,7.532875312066e-08,0.000000000000e+00,20000,22044,0.000000000000e+00,7.532875312066e-08,7.532875312066e-08,0.000000000000e+00,35.7767
34,143,0.5585937500,0.3085937500,1.621773138684e-08,0.000000000000e+00,20000,22044,0.000000000000e+00,1.621773138684e-08,1.621773138684e-08,0.000000000000e+00,35.1098
34,144,0.5625000000,0.3125000000,1.360471137102e-08,0.000000000000e+00,20000,22044,0.000000000000e+00,1.360471137102e-08,1.360471137102e-08,0.000000000000e+00,35.0335
34,145,0.5664062500,0.3164062500,4.703766878358e-09,0.000000000000e+00,20000,22044,0.000000000000e+00,4.703766878358e-09,4.703766878358e-09,0.000000000000e+00,34.5722
34,146,0.5703125000,0.3203125000,7.557902505615e-10,0.000000000000e+00,20000,22044,0.000000000000e+00,7.557902505615e-10,7.557902505615e-10,0.000000000000e+00,33.7782
34,147,0.5742187500,0.3242187500,8.027187458765e-10,0.000000000000e+00,20000,22044,0.000000000000e+00,8.027187458765e-10,8.027187458765e-10,0.000000000000e+00,33.8043
34,149,0.5820312500,0.3320312500,9.089074575155e-11,0.000000000000e+00,20000,22044,0.000000000000e+00,9.089074575155e-11,9.089074575155e-11,0.000000000000e+00,32.8583
34,151,0.5898437500,0.3398437500,7.423755145763e-12,0.000000000000e+00,20000,22044,0.000000000000e+00,7.423755145763e-12,7.423755145763e-12,0.000000000000e+00,31.7704
34,153,0.5976562500,0.3476562500,3.885864308965e-13,0.000000000000e+00,20000,22044,0.000000000000e+00,3.885864308965e-13,3.885864308965e-13,0.000000000000e+00,30.4893
34,155,0.6054687500,0.3554687500,9.773589769552e-15,0.000000000000e+00,20000,22044,0.000000000000e+00,9.773589769552e-15,9.773589769552e-15,0.000000000000e+00,28.8898
35,0,0.0000000000,-0.2500000000,4.970277697617e-02,5.040000000000e-02,20000,22044,0.000000000000e+00,4.970277697617e-02,0.000000000000e+00,4.970277697617e-02,42.4138
35,1,0.0039062500,-0.2460937500,1.941970335376e-02,2.010000000000e-02,20000,22044,0.000000000000e+00,1.941970335376e-02,0.000000000000e+00,1.941970335376e-02,42.0057
35,2,0.0078125000,-0.2421875000,1.591100738064e-03,1.300000000000e-03,20000,22044,0.000000000000e+00,1.591100738064e-03,0.000000000000e+00,1.591100738064e-03,40.9191
35,3,0.0117187500,-0.2382812500,7.991399877524e-03,7.550000000000e-03,20000,22044,0.000000000000e+00,7.991399877524e-03,0.000000000000e+00,7.991399877524e-03,41.6201
35,4,0.0156250000,-0.2343750000,1.898794706987e-03,2.050000000000e-03,20000,22044,0.000000000000e+00,1.898794706987e-03,0.000000000000e+00,1.898794706987e-03,40.9959
35,5,0.0195312500,-0.2304687500,4.756486209942e-03,4.750000000000e-03,20000,22044,0.000000000000e+00,4.756486209942e-03,0.000000000000e+00,4.756486209942e-03,41.3947
35,6,0.0234375000,-0.2265625000,1.275179243379e-03,1.350000000000e-03,20000,22044,0.000000000000e+00,1.275179243379e-03,0.000000000000e+00,1.275179243379e-03,40.8230
35,7,0.0273437500,-0.2226562500,4.352303687097e-03,4.400000000000e-03,20000,22044,0.000000000000e+00,4.352303687097e-03,0.000000000000e+00,4.352303687097e-03,41.3562
35,8,0.0312500000,-0.2187500000,1.113898222942e-03,1.100000000000e-03,20000,22044,0.000000000000e+00,1.113898222942e-03,0.000000000000e+00,1.113898222942e-03,40.7643
35,9,0.0351562500,-0.2148437500,4.684220307430e-03,4.500000000000e-03,20000,22044,0.000000000000e+00,4.684220307430e-03,0.000000000000e+00,4.684220307430e-03,41.3881
35,10,0.0390625000,-0.2109375000,1.277163462580e-03,1.100000000000e-03,20000,22044,0.000000000000e+00,1.277163462580e-03,0.000000000000e+00,1.277163462580e-03,40.8237
35,11,0.0429687500,-0.2070312500,1.033932190840e-03,9.000000000000e-04,20000,22044,0.000000000000e+00,1.033932190840e-03,0.000000000000e+00,1.033932190840e-03,40.7319
35,12,0.0468750000,-0.2031250000,4.896165820226e-04,6.500000000000e-04,20000,22044,0.000000000000e+00,4.896165820226e-04,0.000000000000e+00,4.896165820226e-04,40.4073
35,13,0.0507812500,-0.1992187500,5.795631258964e-04,8.000000000000e-04,20000,22044,0.000000000000e+00,5.795631258964e-04,0.000000000000e+00,5.795631258964e-04,40.4805
35,14,0.0546875000,-0.1953125000,1.843575546825e-04,5.000000000000e-05,20000,22044,0.000000000000e+00,1.843575546825e-04,0.000000000000e+00,1.843575546825e-04,39.9831
35,15,0.0585937500,-0.1914062500,3.881939839555e-03,3.900000000000e-03,20000,22044,0.000000000000e+00,3.881939839555e-03,0.000000000000e+00,3.881939839555e-03,41.3065
35,16,0.0625000000,-0.1875000000,1.074816598553e-03,9.000000000000e-04,20000,22044,0.000000000000e+00,1.074816598553e-03,0.000000000000e+00,1.074816598553e-03,40.7488
35,17,0.0664062500,-0.1835937500,4.577716594915e-03,5.400000000000e-03,20000,22044,0.000000000000e+00,4.577716594915e-03,0.000000000000e+00,4.577716594915e-03,41.3781
35,18,0.0703125000,-0.1796875000,1.354159944659e-03,1.300000000000e-03,20000,22044,0.000000000000e+00,1.354159944659e-03,0.000000000000e+00,1.354159944659e-03,40.8491
35,19,0.0742187500,-0.1757812500,8.611208216981e-04,8.500000000000e-04,20000,22044,0.000000000000e+00,8.611208216981e-04,0.000000000000e+00,8.611208216981e-04,40.6525
35,20,0.0781250000,-0.1718750000,5.629734781744e-04,5.000000000000e-04,20000,22044,0.000000000000e+00,5.629734781744e-04,0.000000000000e+00,5.629734781744e-04,40.4679
35,21,0.0820312500,-0.1679687500,4.825132707091e-04,2.000000000000e-04,20000,22044,0.000000000000e+00,4.825132707091e-04,0.000000000000e+00,4.825132707091e-04,40.4009
35,22,0.0859375000,-0.1640625000,3.620280379883e-04,5.000000000000e-05,20000,22044,0.000000000000e+00,3.620280379883e-04,0.000000000000e+00,3.620280379883e-04,40.2762
35,23,0.0898437500,-0.1601562500,5.077381570125e-04,6.000000000000e-04,20000,22044,0.000000000000e+00,5.077381570125e-04,0.000000000000e+00,5.077381570125e-04,40.4231
35,24,0.0937500000,-0.1562500000,3.355670940734e-04,4.000000000000e-04,20000,22044,0.000000000000e+00,3.355670940734e-04,0.000000000000e+00,3.355670940734e-04,40.2432
35,25,0.0976562500,-0.1523437500,4.654363060200e-04,2.500000000000e-04,20000,22044,0.000000000000e+00,4.654363060200e-04,0.000000000000e+00,4.654363060200e-04,40.3853
35,26,0.1015625000,-0.1484375000,2.602660425575e-04,3.500000000000e-04,20000,22044,0.000000000000e+00,2.602660425575e-04,0.000000000000e+00,2.602660425575e-04,40.1329
35,27,0.1054687500,-0.1445312500,1.876538104439e-04,2.000000000000e-04,20000,22044,0.000000000000e+00,1.876538104439e-04,0.000000000000e+00,1.876538104439e-04,39.9908
35,28,0.1093750000,-0.1406250000,3.497987238002e-05,1.000000000000e-04,20000,22044,0.000000000000e+00,3.497987238002e-05,0.000000000000e+00,3.497987238002e-05,39.2613
35,29,0.1132812500,-0.1367187500,6.049230724822e-04,9.000000000000e-04,20000,22044,0.000000000000e+00,6.049230724822e-04,0.000000000000e+00,6.049230724822e-04,40.4991
35,30,0.1171875000,-0.1328125000,1.728252049424e-04,5.000000000000e-05,20000,22044,0.000000000000e+00,1.728252049424e-04,0.000000000000e+00,1.728252049424e-04,39.9550
35,31,0.1210937500,-0.1289062500,3.483896256768e-03,2.650000000000e-03,20000,22044,0.000000000000e+00,3.483896256768e-03,0.000000000000e+00,3.483896256768e-03,41.2595
35,32,0.1250000000,-0.1250000000,1.036495844190e-03,9.000000000000e-04,20000,22044,0.000000000000e+00,1.036495844190e-03,0.000000000000e+00,1.036495844190e-03,40.7330
35,33,0.1289062500,-0.1210937500,3.939307036750e-03,4.800000000000e-03,20000,22044,0.000000000000e+00,3.939307036750e-03,0.000000000000e+00,3.939307036750e-03,41.3129
35,34,0.1328125000,-0.1171875000,1.229165756417e-03,1.050000000000e-03,20000,22044,0.000000000000e+00,1.229165756417e-03,0.000000000000e+00,1.229165756417e-03,40.8070
35,35,0.1367187500,-0.1132812500,1.050055947218e-03,8.500000000000e-04,20000,22044,0.000000000000e+00,1.050055947218e-03,0.000000000000e+00,1.050055947218e-03,40.7386
35,36,0.1406250000,-0.1093750000,7.345537307901e-04,5.000000000000e-04,20000,22044,0.000000000000e+00,7.345537307901e-04,0.000000000000e+00,7.345537307901e-04,40.5835
35,37,0.1445312500,-0.1054687500,4.175577780412e-04,4.000000000000e-04,20000,22044,0.000000000000e+00,4.175577780412e-04,0.000000000000e+00,4.175577780412e-04,40.3382
35,38,0.1484375000,-0.1015625000,5.906367390939e-04,5.500000000000e-04,20000,22044,0.000000000000e+00,5.906367390939e-04,0.000000000000e+00,5.906367390939e-04,40.4888
35,39,0.1523437500,-0.0976562500,3.928338244282e-04,1.500000000000e-04,20000,22044,0.000000000000e+00,3.928338244282e-04,0.000000000000e+00,3.928338244282e-04,40.3116
35,40,0.1562500000,-0.0937500000,3.796262458185e-04,5.500000000000e-04,20000,22044,0.000000000000e+00,3.796262458185e-04,0.000000000000e+00,3.796262458185e-04,40.2968
35,41,0.1601562500,-0.0898437500,2.452599787229e-04,5.000000000000e-04,20000,22044,0.000000000000e+00,2.452599787229e-04,0.000000000000e+00,2.452599787229e-04,40.1071
35,42,0.1640625000,-0.0859375000,3.578858479101e-04,3.500000000000e-04,20000,22044,0.000000000000e+00,3.578858479101e-04,0.000000000000e+00,3.578858479101e-04,40.2712
35,43,0.1679687500,-0.0820312500,2.208728570365e-04,2.500000000000e-04,20000,22044,0.000000000000e+00,2.208728570365e-04,0.000000000000e+00,2.208728570365e-04,40.0616
35,44,0.1718750000,-0.0781250000,1.402481190241e-04,5.000000000000e-05,20000,22044,0.000000000000e+00,1.402481190241e-04,0.000000000000e+00,1.402481190241e-04,39.8643
35,45,0.1757812500,-0.0742187500,1.672219695045e-04,2.000000000000e-04,20000,22044,0.000000000000e+00,1.672219695045e-04,0.000000000000e+00,1.672219695045e-04,39.9407
35,46,0.1796875000,-0.0703125000,2.683903562785e-04,3.000000000000e-04,20000,22044,0.000000000000e+00,2.683903562785e-04,0.000000000000e+00,2.683903562785e-04,40.1462
35,47,0.1835937500,-0.0664062500,2.599741914931e-04,1.500000000000e-04,20000,22044,3.008934963451e-11,2.599741614037e-04,3.008934963451e-11,2.599741614037e-04,40.1324
35,48,0.1875000000,-0.0625000000,2.799642476779e-04,3.000000000000e-04,20000,22044,0.000000000000e+00,2.799642476779e-04,7.731286416803e-13,2.799642469048e-04,40.1645
35,49,0.1914062500,-0.0585937500,2.420424345243e-04,3.500000000000e-04,20000,22044,1.033952677454e-08,2.420320949975e-04,1.037133411088e-08,2.420320631902e-04,40.1013
35,50,0.1953125000,-0.0546875000,3.208036689808e-04,3.000000000000e-04,20000,22044,0.000000000000e+00,3.208036689808e-04,7.705060308192e-10,3.208028984748e-04,40.2237
35,51,0.1992187500,-0.0507812500,2.212798439365e-04,3.500000000000e-04,20000,22044,8.817323632326e-07,2.203981115733e-04,8.914724152003e-07,2.203883715213e-04,40.0624
35,52,0.2031250000,-0.0468750000,6.379768895866e-05,5.000000000000e-05,20000,22044,0.000000000000e+00,6.379768895866e-05,1.053986559830e-07,6.369229030268e-05,39.5222
35,53,0.2070312500,-0.0429687500,1.668861536596e-04,5.000000000000e-05,20000,22044,2.941264539596e-05,1.374735082637e-04,3.014810119889e-05,1.367380524607e-04,39.9399
35,54,0.2109375000,-0.0390625000,2.979130004585e-05,0.000000000000e+00,20000,22044,0.000000000000e+00,2.979130004585e-05,4.717822082635e-06,2.507347796321e-05,39.1915
35,55,0.2148437500,-0.0351562500,5.854606226292e-04,5.500000000000e-04,20000,22044,4.663422974292e-04,1.191183252000e-04,4.879433686730e-04,9.751725395621e-05,40.4849
35,56,0.2187500000,-0.0312500000,1.138592204292e-04,5.000000000000e-05,20000,22044,0.000000000000e+00,1.138592204292e-04,9.188188381097e-05,2.197733661827e-05,39.7738
35,57,0.2226562500,-0.0273437500,4.276267886611e-03,3.650000000000e-03,20000,22044,3.906341717461e-03,3.699261691497e-04,4.206724388832e-03,6.954349777882e-05,41.3485
35,58,0.2265625000,-0.0234375000,9.172784522799e-04,1.000000000000e-03,20000,22044,0.000000000000e+00,9.172784522799e-04,8.974342395370e-04,1.984421274289e-05,40.6799
35,59,0.2304687500,-0.0195312500,2.066263656553e-02,2.185000000000e-02,20000,22044,1.841821882675e-02,2.244417738784e-03,2.062356053671e-02,3.907602882371e-05,42.0326
35,60,0.2343750000,-0.0156250000,4.794295669498e-03,4.350000000000e-03,20000,22044,0.000000000000e+00,4.794295669498e-03,4.780978354202e-03,1.331731529532e-05,41.3982
35,61,0.2382812500,-0.0117187500,6.000348141675e-02,6.060000000000e-02,20000,22044,5.082514622026e-02,9.178335196492e-03,5.998676592988e-02,1.671548686872e-05,42.4956
35,62,0.2421875000,-0.0078125000,1.469992932956e-02,1.410000000000e-02,20000,22044,0.000000000000e+00,1.469992932956e-02,1.469067640938e-02,9.252920179427e-06,41.8848
35,63,0.2460937500,-0.0039062500,1.066392447282e-01,1.108500000000e-01,20000,22044,8.398245317231e-02,2.265679155588e-02,1.066356604946e-01,3.584233539808e-06,42.7454
35,64,0.2500000000,0.0000000000,2.613676930880e-02,2.535000000000e-02,20000,22044,0.000000000000e+00,2.613676930880e-02,2.613395480349e-02,2.814505304994e-06,42.1347
35,65,0.2539062500,0.0039062500,1.105801617165e-01,1.101500000000e-01,20000,22044,8.398245317231e-02,2.659770854420e-02,1.105789498240e-01,1.211892527557e-06,42.7611
35,66,0.2578125000,0.0078125000,3.281322542253e-02,3.265000000000e-02,20000,22044,0.000000000000e+00,3.281322542253e-02,3.281257081081e-02,6.546117229177e-07,42.2335
35,67,0.2617187500,0.0117187500,6.962962832574e-02,6.750000000000e-02,20000,22044,5.082514622026e-02,1.880448210549e-02,6.962935150334e-02,2.768224008578e-07,42.5602
35,68,0.2656250000,0.0156250000,3.252672913985e-02,3.310000000000e-02,20000,22044,0.000000000000e+00,3.252672913985e-02,3.252663498027e-02,9.415957939995e-08,42.2297
35,69,0.2695312500,0.0195312500,4.165079164037e-02,4.045000000000e-02,20000,22044,1.841821882675e-02,2.323257281362e-02,4.165075320863e-02,3.843173790451e-08,42.3371
35,70,0.2734375000,0.0234375000,2.481381881940e-02,2.325000000000e-02,20000,22044,0.000000000000e+00,2.481381881940e-02,2.481381130587e-02,7.513527752475e-09,42.1121
35,71,0.2773437500,0.0273437500,2.191456036290e-02,2.090000000000e-02,20000,22044,3.906341717461e-03,1.800821864544e-02,2.191455750816e-02,2.854748326811e-09,42.0582
35,72,0.2812500000,0.0312500000,1.962717540583e-02,1.985000000000e-02,20000,22044,0.000000000000e+00,1.962717540583e-02,1.962717524982e-02,1.560035803204e-10,42.0103
35,73,0.2851562500,0.0351562500,1.015260243134e-02,9.150000000000e-03,20000,22044,4.663422974292e-04,9.686260133914e-03,1.015260232932e-02,1.020273038582e-10,41.7240
35,74,0.2890625000,0.0390625000,1.519820548497e-02,1.495000000000e-02,20000,22044,0.000000000000e+00,1.519820548497e-02,1.519820548167e-02,3.297511147542e-12,41.8992
35,75,0.2929687500,0.0429687500,1.644205851862e-02,1.690000000000e-02,20000,22044,2.941264539596e-05,1.641264587323e-02,1.644205851726e-02,1.364495595357e-12,41.9334
35,76,0.2968750000,0.0468750000,1.028201968419e-02,1.050000000000e-02,20000,22044,0.000000000000e+00,1.028201968419e-02,1.028201968417e-02,1.843559872447e-14,41.7295
35,77,0.3007812500,0.0507812500,1.630094027098e-02,1.590000000000e-02,20000,22044,8.817323632326e-07,1.630005853862e-02,1.630094027098e-02,3.927291113248e-15,41.9296
35,78,0.3046875000,0.0546875000,1.197603728335e-02,1.245000000000e-02,20000,22044,0.000000000000e+00,1.197603728335e-02,1.197603728335e-02,0.000000000000e+00,41.7957
35,79,0.3085937500,0.0585937500,5.015141697558e-03,4.450000000000e-03,20000,22044,1.033952677454e-08,5.015131358032e-03,5.015141697558e-03,0.000000000000e+00,41.4177
35,80,0.3125000000,0.0625000000,1.421485088969e-02,1.505000000000e-02,20000,22044,0.000000000000e+00,1.421485088969e-02,1.421485088969e-02,0.000000000000e+00,41.8702
35,81,0.3164062500,0.0664062500,2.743329201251e-03,2.750000000000e-03,20000,22044,3.008934963451e-11,2.743329171162e-03,2.743329201251e-03,0.000000000000e+00,41.1557
35,82,0.3203125000,0.0703125000,1.140743906822e-02,1.125000000000e-02,20000,22044,0.000000000000e+00,1.140743906822e-02,1.140743906822e-02,0.000000000000e+00,41.7746
35,83,0.3242187500,0.0742187500,1.136106684048e-02,1.130000000000e-02,20000,22044,0.000000000000e+00,1.136106684048e-02,1.136106684048e-02,0.000000000000e+00,41.7729
35,84,0.3281250000,0.0781250000,6.351837099584e-03,6.000000000000e-03,20000,22044,0.000000000000e+00,6.351837099584e-03,6.351837099584e-03,0.000000000000e+00,41.5203
35,85,0.3320312500,0.0820312500,7.168945685701e-03,7.550000000000e-03,20000,22044,0.000000000000e+00,7.168945685701e-03,7.168945685701e-03,0.000000000000e+00,41.5729
35,86,0.3359375000,0.0859375000,5.389264803776e-03,6.200000000000e-03,20000,22044,0.000000000000e+00,5.389264803776e-03,5.389264803776e-03,0.000000000000e+00,41.4490
35,87,0.3398437500,0.0898437500,4.956157202151e-03,5.050000000000e-03,20000,22044,0.000000000000e+00,4.956157202151e-03,4.956157202151e-03,0.000000000000e+00,41.4126
35,88,0.3437500000,0.0937500000,3.219823850116e-03,2.800000000000e-03,20000,22044,0.000000000000e+00,3.219823850116e-03,3.219823850116e-03,0.000000000000e+00,41.2253
35,89,0.3476562500,0.0976562500,3.712546917364e-03,3.950000000000e-03,20000,22044,0.000000000000e+00,3.712546917364e-03,3.712546917364e-03,0.000000000000e+00,41.2871
35,90,0.3515625000,0.1015625000,5.070511695494e-03,6.350000000000e-03,20000,22044,0.000000000000e+00,5.070511695494e-03,5.070511695494e-03,0.000000000000e+00,41.4225
35,91,0.3554687500,0.1054687500,1.278244664126e-03,1.250000000000e-03,20000,22044,0.000000000000e+00,1.278244664126e-03,1.278244664126e-03,0.000000000000e+00,40.8240
35,92,0.3593750000,0.1093750000,7.602945133300e-03,7.800000000000e-03,20000,22044,0.000000000000e+00,7.602945133300e-03,7.602945133300e-03,0.000000000000e+00,41.5984
35,93,0.3632812500,0.1132812500,8.934374270231e-03,9.900000000000e-03,20000,22044,0.000000000000e+00,8.934374270231e-03,8.934374270231e-03,0.000000000000e+00,41.6685
35,94,0.3671875000,0.1171875000,8.112465080259e-03,9.200000000000e-03,20000,22044,0.000000000000e+00,8.112465080259e-03,8.112465080259e-03,0.000000000000e+00,41.6266
35,95,0.3710937500,0.1210937500,4.896672461682e-03,4.450000000000e-03,20000,22044,0.000000000000e+00,4.896672461682e-03,4.896672461682e-03,0.000000000000e+00,41.4073
35,96,0.3750000000,0.1250000000,1.041198465743e-02,1.040000000000e-02,20000,22044,0.000000000000e+00,1.041198465743e-02,1.041198465743e-02,0.000000000000e+00,41.7350
35,97,0.3789062500,0.1289062500,2.950771431656e-03,3.300000000000e-03,20000,22044,0.000000000000e+00,2.950771431656e-03,2.950771431656e-03,0.000000000000e+00,41.1874
35,98,0.3828125000,0.1328125000,1.010159369636e-02,9.700000000000e-03,20000,22044,0.000000000000e+00,1.010159369636e-02,1.010159369636e-02,0.000000000000e+00,41.7218
35,99,0.3867187500,0.1367187500,1.126532780911e-02,1.185000000000e-02,20000,22044,0.000000000000e+00,1.126532780911e-02,1.126532780911e-02,0.000000000000e+00,41.7692
35,100,0.3906250000,0.1406250000,4.595257649988e-03,4.000000000000e-03,20000,22044,0.000000000000e+00,4.595257649988e-03,4.595257649988e-03,0.000000000000e+00,41.3797
35,101,0.3945312500,0.1445312500,5.860483991216e-03,6.200000000000e-03,20000,22044,0.000000000000e+00,5.860483991216e-03,5.860483991216e-03,0.000000000000e+00,41.4854
35,102,0.3984375000,0.1484375000,3.951570787400e-03,4.400000000000e-03,20000,22044,0.000000000000e+00,3.951570787400e-03,3.951570787400e-03,0.000000000000e+00,41.3142
35,103,0.4023437500,0.1523437500,4.036798584818e-03,3.850000000000e-03,20000,22044,0.000000000000e+00,4.036798584818e-03,4.036798584818e-03,0.000000000000e+00,41.3235
35,104,0.4062500000,0.1562500000,3.587899184178e-03,2.950000000000e-03,20000,22044,0.000000000000e+00,3.587899184178e-03,3.587899184178e-03,0.000000000000e+00,41.2723
35,105,0.4101562500,0.1601562500,3.447341196314e-03,3.150000000000e-03,20000,22044,0.000000000000e+00,3.447341196314e-03,3.447341196314e-03,0.000000000000e+00,41.2549
35,106,0.4140625000,0.1640625000,2.635574092492e-03,2.050000000000e-03,20000,22044,0.000000000000e+00,2.635574092492e-03,2.635574092492e-03,0.000000000000e+00,41.1383
35,107,0.4179687500,0.1679687500,2.452832832899e-03,2.350000000000e-03,20000,22044,0.000000000000e+00,2.452832832899e-03,2.452832832899e-03,0.000000000000e+00,41.1071
35,108,0.4218750000,0.1718750000,1.417295214404e-03,1.500000000000e-03,20000,22044,0.000000000000e+00,1.417295214404e-03,1.417295214404e-03,0.000000000000e+00,40.8689
35,109,0.4257812500,0.1757812500,2.592247790399e-03,2.650000000000e-03,20000,22044,0.000000000000e+00,2.592247790399e-03,2.592247790399e-03,0.000000000000e+00,41.1311
35,110,0.4296875000,0.1796875000,1.476483455662e-03,1.150000000000e-03,20000,22044,0.000000000000e+00,1.476483455662e-03,1.476483455662e-03,0.000000000000e+00,40.8867
35,111,0.4335937500,0.1835937500,1.730570155711e-03,1.300000000000e-03,20000,22044,0.000000000000e+00,1.730570155711e-03,1.730570155711e-03,0.000000000000e+00,40.9556
35,112,0.4375000000,0.1875000000,1.089770767119e-03,1.250000000000e-03,20000,22044,0.000000000000e+00,1.089770767119e-03,1.089770767119e-03,0.000000000000e+00,40.7548
35,113,0.4414062500,0.1914062500,1.828051786525e-03,1.650000000000e-03,20000,22044,0.000000000000e+00,1.828051786525e-03,1.828051786525e-03,0.000000000000e+00,40.9794
35,114,0.4453125000,0.1953125000,6.376885745050e-04,7.500000000000e-04,20000,22044,0.000000000000e+00,6.376885745050e-04,6.376885745050e-04,0.000000000000e+00,40.5220
35,115,0.4492187500,0.1992187500,1.571847883476e-03,1.900000000000e-03,20000,22044,0.000000000000e+00,1.571847883476e-03,1.571847883476e-03,0.000000000000e+00,40.9138
35,116,0.4531250000,0.2031250000,6.484709239857e-04,7.500000000000e-04,20000,22044,0.000000000000e+00,6.484709239857e-04,6.484709239857e-04,0.000000000000e+00,40.5293
35,117,0.4570312500,0.2070312500,1.110660780439e-03,1.350000000000e-03,20000,22044,0.000000000000e+00,1.110660780439e-03,1.110660780439e-03,0.000000000000e+00,40.7630
35,118,0.4609375000,0.2109375000,1.285667418825e-03,1.350000000000e-03,20000,22044,0.000000000000e+00,1.285667418825e-03,1.285667418825e-03,0.000000000000e+00,40.8266
35,119,0.4648437500,0.2148437500,9.598623011399e-05,0.000000000000e+00,20000,22044,0.000000000000e+00,9.598623011399e-05,9.598623011399e-05,0.000000000000e+00,39.6996
35,120,0.4687500000,0.2187500000,9.231859774876e-04,8.000000000000e-04,20000,22044,0.000000000000e+00,9.231859774876e-04,9.231859774876e-04,0.000000000000e+00,40.6827
35,121,0.4726562500,0.2226562500,2.249966735142e-04,2.500000000000e-04,20000,22044,0.000000000000e+00,2.249966735142e-04,2.249966735142e-04,0.000000000000e+00,40.0696
35,122,0.4765625000,0.2265625000,4.742764760323e-04,3.000000000000e-04,20000,22044,0.000000000000e+00,4.742764760323e-04,4.742764760323e-04,0.000000000000e+00,40.3935
35,123,0.4804687500,0.2304687500,1.711896381523e-04,2.000000000000e-04,20000,22044,0.000000000000e+00,1.711896381523e-04,1.711896381523e-04,0.000000000000e+00,39.9509
35,124,0.4843750000,0.2343750000,2.921676642910e-04,3.000000000000e-04,20000,22044,0.000000000000e+00,2.921676642910e-04,2.921676642910e-04,0.000000000000e+00,40.1831
35,125,0.4882812500,0.2382812500,1.235804820269e-04,1.500000000000e-04,20000,22044,0.000000000000e+00,1.235804820269e-04,1.235804820269e-04,0.000000000000e+00,39.8094
35,126,0.4921875000,0.2421875000,1.680896965248e-04,5.000000000000e-05,20000,22044,0.000000000000e+00,1.680896965248e-04,1.680896965248e-04,0.000000000000e+00,39.9430
35,127,0.4960937500,0.2460937500,9.216052642392e-05,5.000000000000e-05,20000,22044,0.000000000000e+00,9.216052642392e-05,9.216052642392e-05,0.000000000000e+00,39.6820
35,128,0.5000000000,0.2500000000,8.336139587261e-05,0.000000000000e+00,20000,22044,0.000000000000e+00,8.336139587261e-05,8.336139587261e-05,0.000000000000e+00,39.6384
35,129,0.5039062500,0.2539062500,4.838079090982e-05,0.000000000000e+00,20000,22044,0.000000000000e+00,4.838079090982e-05,4.838079090982e-05,0.000000000000e+00,39.4021
35,130,0.5078125000,0.2578125000,4.578470390384e-05,0.000000000000e+00,20000,22044,0.000000000000e+00,4.578470390384e-05,4.578470390384e-05,0.000000000000e+00,39.3782
35,131,0.5117187500,0.2617187500,4.369852319781e-05,2.000000000000e-04,20000,22044,0.000000000000e+00,4.369852319781e-05,4.369852319781e-05,0.000000000000e+00,39.3579
35,132,0.5156250000,0.2656250000,3.512550101195e-06,0.000000000000e+00,20000,22044,0.000000000000e+00,3.512550101195e-06,3.512550101195e-06,0.000000000000e+00,38.2631
35,133,0.5195312500,0.2695312500,1.993530224596e-05,0.000000000000e+00,20000,22044,0.000000000000e+00,1.993530224596e-05,1.993530224596e-05,0.000000000000e+00,39.0171
35,134,0.5234375000,0.2734375000,1.606181251657e-06,0.000000000000e+00,20000,22044,0.000000000000e+00,1.606181251657e-06,1.606181251657e-06,0.000000000000e+00,37.9232
35,135,0.5273437500,0.2773437500,8.064712715867e-06,0.000000000000e+00,20000,22044,0.000000000000e+00,8.064712715867e-06,8.064712715867e-06,0.000000000000e+00,38.6240
35,136,0.5312500000,0.2812500000,7.920342212571e-07,0.000000000000e+00,20000,22044,0.000000000000e+00,7.920342212571e-07,7.920342212571e-07,0.000000000000e+00,37.6162
35,137,0.5351562500,0.2851562500,2.855912414327e-06,0.000000000000e+00,20000,22044,0.000000000000e+00,2.855912414327e-06,2.855912414327e-06,0.000000000000e+00,38.1732
35,138,0.5390625000,0.2890625000,3.332266189564e-07,0.000000000000e+00,20000,22044,0.000000000000e+00,3.332266189564e-07,3.332266189564e-07,0.000000000000e+00,37.2402
35,139,0.5429687500,0.2929687500,8.867228073575e-07,0.000000000000e+00,20000,22044,0.000000000000e+00,8.867228073575e-07,8.867228073575e-07,0.000000000000e+00,37.6652
35,140,0.5468750000,0.2968750000,1.386388441615e-07,0.000000000000e+00,20000,22044,0.000000000000e+00,1.386388441615e-07,1.386388441615e-07,0.000000000000e+00,36.8593
35,141,0.5507812500,0.3007812500,2.163686294969e-07,0.000000000000e+00,20000,22044,0.000000000000e+00,2.163686294969e-07,2.163686294969e-07,0.000000000000e+00,37.0526
35,142,0.5546875000,0.3046875000,4.146525620183e-08,0.000000000000e+00,20000,22044,0.000000000000e+00,4.146525620183e-08,4.146525620183e-08,0.000000000000e+00,36.3351
35,143,0.5585937500,0.3085937500,4.798859372719e-08,0.000000000000e+00,20000,22044,0.000000000000e+00,4.798859372719e-08,4.798859372719e-08,0.000000000000e+00,36.3986
35,144,0.5625000000,0.3125000000,1.113526255719e-08,0.000000000000e+00,20000,22044,0.000000000000e+00,1.113526255719e-08,1.113526255719e-08,0.000000000000e+00,35.7641
35,145,0.5664062500,0.3164062500,7.947495604504e-09,0.000000000000e+00,20000,22044,0.000000000000e+00,7.947495604504e-09,7.947495604504e-09,0.000000000000e+00,35.6177
35,146,0.5703125000,0.3203125000,3.315084751320e-09,0.000000000000e+00,20000,22044,0.000000000000e+00,3.315084751320e-09,3.315084751320e-09,0.000000000000e+00,35.2379
35,147,0.5742187500,0.3242187500,5.134954914093e-11,0.000000000000e+00,20000,22044,0.000000000000e+00,5.134954914093e-11,5.134954914093e-11,0.000000000000e+00,33.4280
35,148,0.5781250000,0.3281250000,4.768746925695e-10,0.000000000000e+00,20000,22044,0.000000000000e+00,4.768746925695e-10,4.768746925695e-10,0.000000000000e+00,34.3958
35,150,0.5859375000,0.3359375000,5.202107765001e-11,0.000000000000e+00,20000,22044,0.000000000000e+00,5.202107765001e-11,5.202107765001e-11,0.000000000000e+00,33.4336
35,152,0.5937500000,0.3437500000,4.094043840650e-12,0.000000000000e+00,20000,22044,0.000000000000e+00,4.094043840650e-12,4.094043840650e-12,0.000000000000e+00,32.3296
35,154,0.6015625000,0.3515625000,2.065247704507e-13,0.000000000000e+00,20000,22044,0.000000000000e+00,2.065247704507e-13,2.065247704507e-13,0.000000000000e+00,31.0324
35,156,0.6093750000,0.3593750000,5.007194179038e-15,0.000000000000e+00,20000,22044,0.000000000000e+00,5.007194179038e-15,5.007194179038e-15,0.000000000000e+00,29.4170
36,0,0.0000000000,-0.2500000000,4.956014891997e-02,4.750000000000e-02,20000,22044,0.000000000000e+00,4.956014891997e-02,0.000000000000e+00,4.956014891997e-02,43.2161
36,1,0.0039062500,-0.2460937500,1.955971756076e-02,1.935000000000e-02,20000,22044,0.000000000000e+00,1.955971756076e-02,0.000000000000e+00,1.955971756076e-02,42.8123
36,2,0.0078125000,-0.2421875000,2.926503848282e-03,2.950000000000e-03,20000,22044,0.000000000000e+00,2.926503848282e-03,0.000000000000e+00,2.926503848282e-03,41.9873
36,3,0.0117187500,-0.2382812500,6.748610669309e-03,6.150000000000e-03,20000,22044,0.000000000000e+00,6.748610669309e-03,0.000000000000e+00,6.748610669309e-03,42.3502
36,4,0.0156250000,-0.2343750000,3.548408665578e-03,4.250000000000e-03,20000,22044,0.000000000000e+00,3.548408665578e-03,0.000000000000e+00,3.548408665578e-03,42.0710
36,5,0.0195312500,-0.2304687500,4.081893815986e-03,4.000000000000e-03,20000,22044,0.000000000000e+00,4.081893815986e-03,0.000000000000e+00,4.081893815986e-03,42.1318
36,6,0.0234375000,-0.2265625000,1.366805860014e-03,1.450000000000e-03,20000,22044,0.000000000000e+00,1.366805860014e-03,0.000000000000e+00,1.366805860014e-03,41.6567
36,7,0.0273437500,-0.2226562500,4.072257027701e-03,4.600000000000e-03,20000,22044,0.000000000000e+00,4.072257027701e-03,0.000000000000e+00,4.072257027701e-03,42.1308
36,8,0.0312500000,-0.2187500000,2.481893158082e-03,2.950000000000e-03,20000,22044,0.000000000000e+00,2.481893158082e-03,0.000000000000e+00,2.481893158082e-03,41.9158
36,9,0.0351562500,-0.2148437500,4.018661561365e-03,3.850000000000e-03,20000,22044,0.000000000000e+00,4.018661561365e-03,0.000000000000e+00,4.018661561365e-03,42.1250
36,10,0.0390625000,-0.2109375000,1.367564297497e-03,1.250000000000e-03,20000,22044,0.000000000000e+00,1.367564297497e-03,0.000000000000e+00,1.367564297497e-03,41.6569
36,11,0.0429687500,-0.2070312500,1.328831425365e-03,1.600000000000e-03,20000,22044,0.000000000000e+00,1.328831425365e-03,0.000000000000e+00,1.328831425365e-03,41.6444
36,12,0.0468750000,-0.2031250000,2.988386782041e-04,1.000000000000e-04,20000,22044,0.000000000000e+00,2.988386782041e-04,0.000000000000e+00,2.988386782041e-04,40.9964
36,13,0.0507812500,-0.1992187500,7.522326951358e-04,9.000000000000e-04,20000,22044,0.000000000000e+00,7.522326951358e-04,0.000000000000e+00,7.522326951358e-04,41.3973
36,14,0.0546875000,-0.1953125000,2.200100959795e-04,2.000000000000e-04,20000,22044,0.000000000000e+00,2.200100959795e-04,0.000000000000e+00,2.200100959795e-04,40.8634
36,15,0.0585937500,-0.1914062500,3.406274325249e-03,3.350000000000e-03,20000,22044,0.000000000000e+00,3.406274325249e-03,0.000000000000e+00,3.406274325249e-03,42.0532
36,16,0.0625000000,-0.1875000000,2.450421618721e-03,2.350000000000e-03,20000,22044,0.000000000000e+00,2.450421618721e-03,0.000000000000e+00,2.450421618721e-03,41.9102
36,17,0.0664062500,-0.1835937500,3.924226717730e-03,4.300000000000e-03,20000,22044,0.000000000000e+00,3.924226717730e-03,0.000000000000e+00,3.924226717730e-03,42.1147
36,18,0.0703125000,-0.1796875000,1.426883009084e-03,1.000000000000e-03,20000,22044,0.000000000000e+00,1.426883009084e-03,0.000000000000e+00,1.426883009084e-03,41.6754
36,19,0.0742187500,-0.1757812500,1.206199894248e-03,1.200000000000e-03,20000,22044,0.000000000000e+00,1.206199894248e-03,0.000000000000e+00,1.206199894248e-03,41.6024
36,20,0.0781250000,-0.1718750000,3.343214243577e-04,4.000000000000e-04,20000,22044,0.000000000000e+00,3.343214243577e-04,0.000000000000e+00,3.343214243577e-04,41.0451
36,21,0.0820312500,-0.1679687500,6.833706486281e-04,7.500000000000e-04,20000,22044,0.000000000000e+00,6.833706486281e-04,0.000000000000e+00,6.833706486281e-04,41.3556
36,22,0.0859375000,-0.1640625000,3.271237794663e-04,3.000000000000e-04,20000,22044,0.000000000000e+00,3.271237794663e-04,0.000000000000e+00,3.271237794663e-04,41.0357
36,23,0.0898437500,-0.1601562500,6.586012107283e-04,6.000000000000e-04,20000,22044,0.000000000000e+00,6.586012107283e-04,0.000000000000e+00,6.586012107283e-04,41.3396
36,24,0.0937500000,-0.1562500000,1.704584460861e-04,3.500000000000e-04,20000,22044,0.000000000000e+00,1.704584460861e-04,0.000000000000e+00,1.704584460861e-04,40.7526
36,25,0.0976562500,-0.1523437500,6.493455441917e-04,7.000000000000e-04,20000,22044,0.000000000000e+00,6.493455441917e-04,0.000000000000e+00,6.493455441917e-04,41.3334
36,26,0.1015625000,-0.1484375000,2.559122678409e-04,1.500000000000e-04,20000,22044,0.000000000000e+00,2.559122678409e-04,0.000000000000e+00,2.559122678409e-04,40.9291
36,27,0.1054687500,-0.1445312500,1.679215799822e-04,1.500000000000e-04,20000,22044,0.000000000000e+00,1.679215799822e-04,0.000000000000e+00,1.679215799822e-04,40.7461
36,28,0.1093750000,-0.1406250000,1.017827199102e-04,1.000000000000e-04,20000,22044,0.000000000000e+00,1.017827199102e-04,0.000000000000e+00,1.017827199102e-04,40.5286
36,29,0.1132812500,-0.1367187500,4.362919658885e-04,7.000000000000e-04,20000,22044,0.000000000000e+00,4.362919658885e-04,0.000000000000e+00,4.362919658885e-04,41.1607
36,30,0.1171875000,-0.1328125000,6.751489463010e-04,6.000000000000e-04,20000,22044,0.000000000000e+00,6.751489463010e-04,0.000000000000e+00,6.751489463010e-04,41.3504
36,31,0.1210937500,-0.1289062500,2.612364844187e-03,2.600000000000e-03,20000,22044,0.000000000000e+00,2.612364844187e-03,0.000000000000e+00,2.612364844187e-03,41.9380
36,32,0.1250000000,-0.1250000000,2.499505703677e-03,2.300000000000e-03,20000,22044,0.000000000000e+00,2.499505703677e-03,0.000000000000e+00,2.499505703677e-03,41.9188
36,33,0.1289062500,-0.1210937500,3.001543581165e-03,2.850000000000e-03,20000,22044,0.000000000000e+00,3.001543581165e-03,0.000000000000e+00,3.001543581165e-03,41.9983
36,34,0.1328125000,-0.1171875000,1.721662987322e-03,1.850000000000e-03,20000,22044,0.000000000000e+00,1.721662987322e-03,0.000000000000e+00,1.721662987322e-03,41.7569
36,35,0.1367187500,-0.1132812500,1.201897897881e-03,1.600000000000e-03,20000,22044,0.000000000000e+00,1.201897897881e-03,0.000000000000e+00,1.201897897881e-03,41.6008
36,36,0.1406250000,-0.1093750000,5.876503674375e-04,3.500000000000e-04,20000,22044,0.000000000000e+00,5.876503674375e-04,0.000000000000e+00,5.876503674375e-04,41.2901
36,37,0.1445312500,-0.1054687500,5.195120743092e-04,5.000000000000e-04,20000,22044,0.000000000000e+00,5.195120743092e-04,0.000000000000e+00,5.195120743092e-04,41.2366
36,38,0.1484375000,-0.1015625000,6.013851308756e-04,3.500000000000e-04,20000,22044,0.000000000000e+00,6.013851308756e-04,0.000000000000e+00,6.013851308756e-04,41.3001
36,39,0.1523437500,-0.0976562500,5.182031942097e-04,3.500000000000e-04,20000,22044,0.000000000000e+00,5.182031942097e-04,0.000000000000e+00,5.182031942097e-04,41.2355
36,40,0.1562500000,-0.0937500000,2.457737019801e-04,3.000000000000e-04,20000,22044,0.000000000000e+00,2.457737019801e-04,0.000000000000e+00,2.457737019801e-04,40.9115
36,41,0.1601562500,-0.0898437500,4.608030150800e-04,5.000000000000e-04,20000,22044,0.000000000000e+00,4.608030150800e-04,0.000000000000e+00,4.608030150800e-04,41.1845
36,42,0.1640625000,-0.0859375000,3.282423983562e-04,3.500000000000e-04,20000,22044,0.000000000000e+00,3.282423983562e-04,0.000000000000e+00,3.282423983562e-04,41.0372
36,43,0.1679687500,-0.0820312500,1.499417047064e-04,1.000000000000e-04,20000,22044,0.000000000000e+00,1.499417047064e-04,0.000000000000e+00,1.499417047064e-04,40.6969
36,44,0.1718750000,-0.0781250000,2.622160274288e-04,2.500000000000e-04,20000,22044,0.000000000000e+00,2.622160274288e-04,0.000000000000e+00,2.622160274288e-04,40.9396
36,45,0.1757812500,-0.0742187500,8.676042566489e-05,1.000000000000e-04,20000,22044,0.000000000000e+00,8.676042566489e-05,0.000000000000e+00,8.676042566489e-05,40.4593
36,46,0.1796875000,-0.0703125000,2.805124934136e-04,3.500000000000e-04,20000,22044,2.511261625945e-13,2.805124931624e-04,2.511261625945e-13,2.805124931624e-04,40.9689
36,47,0.1835937500,-0.0664062500,4.457829045313e-04,5.000000000000e-04,20000,22044,1.244289631436e-11,4.457828920884e-04,1.244289631436e-11,4.457828920884e-04,41.1701
36,48,0.1875000000,-0.0625000000,1.015235701270e-04,2.000000000000e-04,20000,22044,2.941950750921e-10,1.015232759319e-04,3.084218806603e-10,1.015232617051e-04,40.5275
36,49,0.1914062500,-0.0585937500,4.290908045730e-04,3.000000000000e-04,20000,22044,4.422216497174e-09,4.290863823565e-04,4.423947011615e-09,4.290863806259e-04,41.1535
36,50,0.1953125000,-0.0546875000,3.125698054891e-04,2.000000000000e-04,20000,22044,4.750427877824e-08,3.125223012103e-04,5.242481528947e-08,3.125173806738e-04,41.0159
36,51,0.1992187500,-0.0507812500,1.370255398050e-04,5.000000000000e-05,20000,22044,3.886535632826e-07,1.366368862418e-04,3.892275607636e-07,1.366363122443e-04,40.6578
36,52,0.2031250000,-0.0468750000,1.766389696528e-04,1.500000000000e-04,20000,22044,2.520299382307e-06,1.741186702705e-04,2.943741554360e-06,1.736952280984e-04,40.7681
36,53,0.2070312500,-0.0429687500,1.023747707419e-04,2.000000000000e-04,20000,22044,1.331067206240e-05,8.906409867954e-05,1.335791937293e-05,8.901685136900e-05,40.5312
36,54,0.2109375000,-0.0390625000,1.559638136712e-04,1.000000000000e-04,20000,22044,5.838393533370e-05,9.757987833753e-05,7.269271816622e-05,8.327109550502e-05,40.7140
36,55,0.2148437500,-0.0351562500,2.793746503328e-04,4.000000000000e-04,20000,22044,2.158086058539e-04,6.356604447888e-05,2.173322432098e-04,6.204240712304e-05,40.9672
36,56,0.2187500000,-0.0312500000,9.738764575158e-04,8.000000000000e-04,20000,22044,6.797971084399e-04,2.940793490760e-04,9.109348288289e-04,6.294162868690e-05,41.5095
36,57,0.2226562500,-0.0273437500,1.914086891492e-03,2.450000000000e-03,20000,22044,1.840792170074e-03,7.329472141790e-05,1.864264813450e-03,4.982207804144e-05,41.8029
36,58,0.2265625000,-0.0234375000,6.344172579337e-03,6.200000000000e-03,20000,22044,4.314356648610e-03,2.029815930726e-03,6.303989205183e-03,4.018337415365e-05,42.3233
36,59,0.2304687500,-0.0195312500,9.026116189596e-03,8.250000000000e-03,20000,22044,8.799391142660e-03,2.267250469359e-04,8.992833635540e-03,3.328255405514e-05,42.4765
36,60,0.2343750000,-0.0156250000,2.547232768547e-02,2.635000000000e-02,20000,22044,1.568355092475e-02,9.788776760716e-03,2.545235496632e-02,1.997271914786e-05,42.9270
36,61,0.2382812500,-0.0117187500,2.544876173392e-02,2.545000000000e-02,20000,22044,2.450738051046e-02,9.413812234571e-04,2.542830154196e-02,2.046019195451e-05,42.9266
36,62,0.2421875000,-0.0078125000,6.233767744696e-02,6.465000000000e-02,20000,22044,3.365510066627e-02,2.868257678069e-02,6.233178104190e-02,5.896405053182e-06,43.3157
36,63,0.2460937500,-0.0039062500,4.338990663709e-02,4.230000000000e-02,20000,22044,4.068398569479e-02,2.705920942305e-03,4.338197208936e-02,7.934547732248e-06,43.1584
36,64,0.2500000000,0.0000000000,8.864038144676e-02,8.810000000000e-02,20000,22044,4.333460900521e-02,4.530577244155e-02,8.863893143583e-02,1.450010930696e-06,43.4686
36,65,0.2539062500,0.0039062500,5.171773508933e-02,5.565000000000e-02,20000,22044,4.068398569479e-02,1.103374939454e-02,5.171537406496e-02,2.361024365602e-06,43.2346
36,66,0.2578125000,0.0078125000,7.327592134454e-02,7.410000000000e-02,20000,22044,3.365510066627e-02,3.962082067827e-02,7.327541752166e-02,5.038228709734e-07,43.3859
36,67,0.2617187500,0.0117187500,4.602986417688e-02,4.270000000000e-02,20000,22044,2.450738051046e-02,2.152248366642e-02,4.602942102873e-02,4.431481502325e-07,43.1840
36,68,0.2656250000,0.0156250000,4.906875410105e-02,4.885000000000e-02,20000,22044,1.568355092475e-02,3.338520317630e-02,4.906864368906e-02,1.104119890685e-07,43.2118
36,69,0.2695312500,0.0195312500,2.350894038311e-02,2.270000000000e-02,20000,22044,8.799391142660e-03,1.470954924045e-02,2.350889283741e-02,4.754570297187e-08,42.8922
36,70,0.2734375000,0.0234375000,3.704677315117e-02,3.725000000000e-02,20000,22044,4.314356648610e-03,3.273241650256e-02,3.704675878166e-02,1.436951321433e-08,43.0897
36,71,0.2773437500,0.0273437500,1.679081788093e-02,1.605000000000e-02,20000,22044,1.840792170074e-03,1.495002571086e-02,1.679081598102e-02,1.899910883374e-09,42.7460
36,72,0.2812500000,0.0312500000,1.958965849220e-02,2.050000000000e-02,20000,22044,6.797971084399e-04,1.890986138376e-02,1.958965766399e-02,8.282143999101e-10,42.8130
36,73,0.2851562500,0.0351562500,1.434897426147e-02,1.350000000000e-02,20000,22044,2.158086058539e-04,1.413316565561e-02,1.434897421784e-02,4.363022081063e-11,42.6778
36,74,0.2890625000,0.0390625000,1.782110898241e-02,1.775000000000e-02,20000,22044,5.838393533370e-05,1.776272504708e-02,1.782110895823e-02,2.418475370458e-11,42.7719
36,75,0.2929687500,0.0429687500,4.740824486779e-03,3.850000000000e-03,20000,22044,1.331067206240e-05,4.727513814717e-03,4.740824486188e-03,5.910839148629e-13,42.1968
36,76,0.2968750000,0.0468750000,2.369815307606e-02,2.400000000000e-02,20000,22044,2.520299382307e-06,2.369563277668e-02,2.369815307582e-02,2.370106933578e-13,42.8957
36,77,0.3007812500,0.0507812500,4.562689250910e-03,4.700000000000e-03,20000,22044,3.886535632826e-07,4.562300597347e-03,4.562689250908e-03,1.913776638044e-15,42.1802
36,78,0.3046875000,0.0546875000,1.549080658132e-02,1.495000000000e-02,20000,22044,4.750427877824e-08,1.549075907704e-02,1.549080658132e-02,3.224668880955e-16,42.7110
36,79,0.3085937500,0.0585937500,1.307404400657e-02,1.230000000000e-02,20000,22044,4.422216497174e-09,1.307403958436e-02,1.307404400657e-02,0.000000000000e+00,42.6374
36,80,0.3125000000,0.0625000000,4.089427134339e-03,3.950000000000e-03,20000,22044,2.941950750921e-10,4.089426840144e-03,4.089427134339e-03,0.000000000000e+00,42.1326
36,81,0.3164062500,0.0664062500,1.239939520863e-02,1.130000000000e-02,20000,22044,1.244289631436e-11,1.239939519618e-02,1.239939520863e-02,0.000000000000e+00,42.6144
36,82,0.3203125000,0.0703125000,1.008904715460e-02,1.110000000000e-02,20000,22044,2.511261625945e-13,1.008904715435e-02,1.008904715460e-02,0.000000000000e+00,42.5248
36,83,0.3242187500,0.0742187500,3.082190782895e-03,2.900000000000e-03,20000,22044,0.000000000000e+00,3.082190782895e-03,3.082190782895e-03,0.000000000000e+00,42.0098
36,84,0.3281250000,0.0781250000,1.401347879496e-02,1.505000000000e-02,20000,22044,0.000000000000e+00,1.401347879496e-02,1.401347879496e-02,0.000000000000e+00,42.6675
36,85,0.3320312500,0.0820312500,4.162749726684e-03,3.950000000000e-03,20000,22044,0.000000000000e+00,4.162749726684e-03,4.162749726684e-03,0.000000000000e+00,42.1403
36,86,0.3359375000,0.0859375000,7.654004851053e-03,7.750000000000e-03,20000,22044,0.000000000000e+00,7.654004851053e-03,7.654004851053e-03,0.000000000000e+00,42.4049
36,87,0.3398437500,0.0898437500,2.697478049452e-03,2.650000000000e-03,20000,22044,0.000000000000e+00,2.697478049452e-03,2.697478049452e-03,0.000000000000e+00,41.9519
36,88,0.3437500000,0.0937500000,5.216443968073e-03,5.850000000000e-03,20000,22044,0.000000000000e+00,5.216443968073e-03,5.216443968073e-03,0.000000000000e+00,42.2383
36,89,0.3476562500,0.0976562500,3.650965883883e-03,3.300000000000e-03,20000,22044,0.000000000000e+00,3.650965883883e-03,3.650965883883e-03,0.000000000000e+00,42.0834
36,90,0.3515625000,0.1015625000,2.836239920530e-03,2.800000000000e-03,20000,22044,0.000000000000e+00,2.836239920530e-03,2.836239920530e-03,0.000000000000e+00,41.9737
36,91,0.3554687500,0.1054687500,6.842871360025e-03,7.150000000000e-03,20000,22044,0.000000000000e+00,6.842871360025e-03,6.842871360025e-03,0.000000000000e+00,42.3562
36,92,0.3593750000,0.1093750000,6.001555114256e-03,6.100000000000e-03,20000,22044,0.000000000000e+00,6.001555114256e-03,6.001555114256e-03,0.000000000000e+00,42.2992
36,93,0.3632812500,0.1132812500,3.423148300138e-03,3.350000000000e-03,20000,22044,0.000000000000e+00,3.423148300138e-03,3.423148300138e-03,0.000000000000e+00,42.0554
36,94,0.3671875000,0.1171875000,1.014304478692e-02,9.550000000000e-03,20000,22044,0.000000000000e+00,1.014304478692e-02,1.014304478692e-02,0.000000000000e+00,42.5271
36,95,0.3710937500,0.1210937500,1.075840614628e-02,1.115000000000e-02,20000,22044,0.000000000000e+00,1.075840614628e-02,1.075840614628e-02,0.000000000000e+00,42.5527
36,96,0.3750000000,0.1250000000,3.080249691972e-03,3.350000000000e-03,20000,22044,0.000000000000e+00,3.080249691972e-03,3.080249691972e-03,0.000000000000e+00,42.0096
36,97,0.3789062500,0.1289062500,1.037706760358e-02,1.115000000000e-02,20000,22044,0.000000000000e+00,1.037706760358e-02,1.037706760358e-02,0.000000000000e+00,42.5370
36,98,0.3828125000,0.1328125000,9.238696947064e-03,1.015000000000e-02,20000,22044,0.000000000000e+00,9.238696947064e-03,9.238696947064e-03,0.000000000000e+00,42.4866
36,99,0.3867187500,0.1367187500,3.415117391022e-03,3.450000000000e-03,20000,22044,0.000000000000e+00,3.415117391022e-03,3.415117391022e-03,0.000000000000e+00,42.0544
36,100,0.3906250000,0.1406250000,1.096979502722e-02,9.950000000000e-03,20000,22044,0.000000000000e+00,1.096979502722e-02,1.096979502722e-02,0.000000000000e+00,42.5612
36,101,0.3945312500,0.1445312500,4.860507700149e-03,4.750000000000e-03,20000,22044,0.000000000000e+00,4.860507700149e-03,4.860507700149e-03,0.000000000000e+00,42.2076
36,102,0.3984375000,0.1484375000,4.425724958333e-03,3.750000000000e-03,20000,22044,0.000000000000e+00,4.425724958333e-03,4.425724958333e-03,0.000000000000e+00,42.1670
36,103,0.4023437500,0.1523437500,4.171825632254e-03,4.300000000000e-03,20000,22044,0.000000000000e+00,4.171825632254e-03,4.171825632254e-03,0.000000000000e+00,42.1413
36,104,0.4062500000,0.1562500000,4.065121696446e-03,4.400000000000e-03,20000,22044,0.000000000000e+00,4.065121696446e-03,4.065121696446e-03,0.000000000000e+00,42.1300
36,105,0.4101562500,0.1601562500,2.834303376561e-03,3.400000000000e-03,20000,22044,0.000000000000e+00,2.834303376561e-03,2.834303376561e-03,0.000000000000e+00,41.9734
36,106,0.4140625000,0.1640625000,2.420570732318e-03,2.550000000000e-03,20000,22044,0.000000000000e+00,2.420570732318e-03,2.420570732318e-03,0.000000000000e+00,41.9049
36,107,0.4179687500,0.1679687500,2.666157817190e-03,3.250000000000e-03,20000,22044,0.000000000000e+00,2.666157817190e-03,2.666157817190e-03,0.000000000000e+00,41.9469
36,108,0.4218750000,0.1718750000,2.626907031964e-03,2.250000000000e-03,20000,22044,0.000000000000e+00,2.626907031964e-03,2.626907031964e-03,0.000000000000e+00,41.9404
36,109,0.4257812500,0.1757812500,1.748114837310e-03,1.650000000000e-03,20000,22044,0.000000000000e+00,1.748114837310e-03,1.748114837310e-03,0.000000000000e+00,41.7635
36,110,0.4296875000,0.1796875000,1.957258881940e-03,2.000000000000e-03,20000,22044,0.000000000000e+00,1.957258881940e-03,1.957258881940e-03,0.000000000000e+00,41.8126
36,111,0.4335937500,0.1835937500,1.411814536990e-03,1.050000000000e-03,20000,22044,0.000000000000e+00,1.411814536990e-03,1.411814536990e-03,0.000000000000e+00,41.6707
36,112,0.4375000000,0.1875000000,1.708960961127e-03,1.450000000000e-03,20000,22044,0.000000000000e+00,1.708960961127e-03,1.708960961127e-03,0.000000000000e+00,41.7537
36,113,0.4414062500,0.1914062500,1.027832507546e-03,1.250000000000e-03,20000,22044,0.000000000000e+00,1.027832507546e-03,1.027832507546e-03,0.000000000000e+00,41.5329
36,114,0.4453125000,0.1953125000,1.825191794947e-03,1.950000000000e-03,20000,22044,0.000000000000e+00,1.825191794947e-03,1.825191794947e-03,0.000000000000e+00,41.7823
36,115,0.4492187500,0.1992187500,6.910033658508e-04,4.000000000000e-04,20000,22044,0.000000000000e+00,6.910033658508e-04,6.910033658508e-04,0.000000000000e+00,41.3604
36,116,0.4531250000,0.2031250000,1.362104432836e-03,1.550000000000e-03,20000,22044,0.000000000000e+00,1.362104432836e-03,1.362104432836e-03,0.000000000000e+00,41.6552
36,117,0.4570312500,0.2070312500,1.324821850781e-03,1.300000000000e-03,20000,22044,0.000000000000e+00,1.324821850781e-03,1.324821850781e-03,0.000000000000e+00,41.6431
36,118,0.4609375000,0.2109375000,3.366393721554e-04,3.000000000000e-04,20000,22044,0.000000000000e+00,3.366393721554e-04,3.366393721554e-04,0.000000000000e+00,41.0481
36,119,0.4648437500,0.2148437500,1.180526518552e-03,1.400000000000e-03,20000,22044,0.000000000000e+00,1.180526518552e-03,1.180526518552e-03,0.000000000000e+00,41.5930
36,120,0.4687500000,0.2187500000,9.330338940043e-05,2.000000000000e-04,20000,22044,0.000000000000e+00,9.330338940043e-05,9.330338940043e-05,0.000000000000e+00,40.4909
36,121,0.4726562500,0.2226562500,8.147462773301e-04,1.050000000000e-03,20000,22044,0.000000000000e+00,8.147462773301e-04,8.147462773301e-04,0.000000000000e+00,41.4320
36,122,0.4765625000,0.2265625000,2.389439898879e-04,2.000000000000e-04,20000,22044,0.000000000000e+00,2.389439898879e-04,2.389439898879e-04,0.000000000000e+00,40.8993
36,123,0.4804687500,0.2304687500,3.836103709270e-04,3.000000000000e-04,20000,22044,0.000000000000e+00,3.836103709270e-04,3.836103709270e-04,0.000000000000e+00,41.1049
36,124,0.4843750000,0.2343750000,1.707385271544e-04,3.500000000000e-04,20000,22044,0.000000000000e+00,1.707385271544e-04,1.707385271544e-04,0.000000000000e+00,40.7533
36,125,0.4882812500,0.2382812500,2.355311958887e-04,2.500000000000e-04,20000,22044,0.000000000000e+00,2.355311958887e-04,2.355311958887e-04,0.000000000000e+00,40.8930
36,126,0.4921875000,0.2421875000,1.294645809326e-04,3.000000000000e-04,20000,22044,0.000000000000e+00,1.294645809326e-04,1.294645809326e-04,0.000000000000e+00,40.6331
36,127,0.4960937500,0.2460937500,1.215241223123e-04,5.000000000000e-05,20000,22044,0.000000000000e+00,1.215241223123e-04,1.215241223123e-04,0.000000000000e+00,40.6056
36,128,0.5000000000,0.2500000000,7.836849127559e-05,0.000000000000e+00,20000,22044,0.000000000000e+00,7.836849127559e-05,7.836849127559e-05,0.000000000000e+00,40.4151
36,129,0.5039062500,0.2539062500,6.983586782346e-05,5.000000000000e-05,20000,22044,0.000000000000e+00,6.983586782346e-05,6.983586782346e-05,0.000000000000e+00,40.3650
36,130,0.5078125000,0.2578125000,6.182327640635e-05,5.000000000000e-05,20000,22044,0.000000000000e+00,6.182327640635e-05,6.182327640635e-05,0.000000000000e+00,40.3121
36,131,0.5117187500,0.2617187500,1.455906603027e-05,0.000000000000e+00,20000,22044,0.000000000000e+00,1.455906603027e-05,1.455906603027e-05,0.000000000000e+00,39.6841
36,132,0.5156250000,0.2656250000,3.457711810006e-05,0.000000000000e+00,20000,22044,0.000000000000e+00,3.457711810006e-05,3.457711810006e-05,0.000000000000e+00,40.0598
36,133,0.5195312500,0.2695312500,2.609490432803e-06,0.000000000000e+00,20000,22044,0.000000000000e+00,2.609490432803e-06,2.609490432803e-06,0.000000000000e+00,38.9375
36,134,0.5234375000,0.2734375000,1.516128915240e-05,0.000000000000e+00,20000,22044,0.000000000000e+00,1.516128915240e-05,1.516128915240e-05,0.000000000000e+00,39.7017
36,135,0.5273437500,0.2773437500,1.362169690227e-06,0.000000000000e+00,20000,22044,0.000000000000e+00,1.362169690227e-06,1.362169690227e-06,0.000000000000e+00,38.6552
36,136,0.5312500000,0.2812500000,5.900876500735e-06,0.000000000000e+00,20000,22044,0.000000000000e+00,5.900876500735e-06,5.900876500735e-06,0.000000000000e+00,39.2919
36,137,0.5351562500,0.2851562500,6.440033642855e-07,0.000000000000e+00,20000,22044,0.000000000000e+00,6.440033642855e-07,6.440033642855e-07,0.000000000000e+00,38.3299
36,138,0.5390625000,0.2890625000,2.010690772931e-06,0.000000000000e+00,20000,22044,0.000000000000e+00,2.010690772931e-06,2.010690772931e-06,0.000000000000e+00,38.8243
36,139,0.5429687500,0.2929687500,2.538752445077e-07,0.000000000000e+00,20000,22044,0.000000000000e+00,2.538752445077e-07,2.538752445077e-07,0.000000000000e+00,37.9256
36,140,0.5468750000,0.2968750000,6.004304238917e-07,0.000000000000e+00,20000,22044,0.000000000000e+00,6.004304238917e-07,6.004304238917e-07,0.000000000000e+00,38.2994
36,141,0.5507812500,0.3007812500,1.047664708386e-07,0.000000000000e+00,20000,22044,0.000000000000e+00,1.047664708386e-07,1.047664708386e-07,0.000000000000e+00,37.5412
36,142,0.5546875000,0.3046875000,1.361498863542e-07,0.000000000000e+00,20000,22044,0.000000000000e+00,1.361498863542e-07,1.361498863542e-07,0.000000000000e+00,37.6550
36,143,0.5585937500,0.3085937500,3.138818496942e-08,0.000000000000e+00,20000,22044,0.000000000000e+00,3.138818496942e-08,3.138818496942e-08,0.000000000000e+00,37.0177
36,144,0.5625000000,0.3125000000,2.723802303848e-08,0.000000000000e+00,20000,22044,0.000000000000e+00,2.723802303848e-08,2.723802303848e-08,0.000000000000e+00,36.9561
36,145,0.5664062500,0.3164062500,1.027364168431e-08,0.000000000000e+00,20000,22044,0.000000000000e+00,1.027364168431e-08,1.027364168431e-08,0.000000000000e+00,36.5327
36,146,0.5703125000,0.3203125000,1.786150493037e-09,0.000000000000e+00,20000,22044,0.000000000000e+00,1.786150493037e-09,1.786150493037e-09,0.000000000000e+00,35.7729
36,147,0.5742187500,0.3242187500,2.050821646429e-09,0.000000000000e+00,20000,22044,0.000000000000e+00,2.050821646429e-09,2.050821646429e-09,0.000000000000e+00,35.8329
36,148,0.5781250000,0.3281250000,7.855701531066e-15,0.000000000000e+00,20000,22044,0.000000000000e+00,7.855701531066e-15,7.855701531066e-15,0.000000000000e+00,30.4162
36,149,0.5820312500,0.3320312500,2.800007868781e-10,0.000000000000e+00,20000,22044,0.000000000000e+00,2.800007868781e-10,2.800007868781e-10,0.000000000000e+00,34.9681
36,151,0.5898437500,0.3398437500,2.943937430020e-11,0.000000000000e+00,20000,22044,0.000000000000e+00,2.943937430020e-11,2.943937430020e-11,0.000000000000e+00,33.9899
36,153,0.5976562500,0.3476562500,2.233275460811e-12,0.000000000000e+00,20000,22044,0.000000000000e+00,2.233275460811e-12,2.233275460811e-12,0.000000000000e+00,32.8699
36,155,0.6054687500,0.3554687500,1.086118184612e-13,0.000000000000e+00,20000,22044,0.000000000000e+00,1.086118184612e-13,1.086118184612e-13,0.000000000000e+00,31.5568
36,157,0.6132812500,0.3632812500,2.539216656506e-15,0.000000000000e+00,20000,22044,0.000000000000e+00,2.539216656506e-15,2.539216656506e-15,0.000000000000e+00,29.9257
