BitsFlipped,OutputOnes,OutputFraction,ErrorPerN,Probability,MC_Probability,MC_Trials,LevelRealTrials,Log10TrialCount
0,64,0.2500000000,0.0000000000,1.000000000000e+00,1.000000000000e+00,20000,20006,0.0000
1,63,0.2460937500,-0.0039062500,2.500000000000e-01,2.491000000000e-01,20000,20018,2.1072
1,64,0.2500000000,0.0000000000,5.000000000000e-01,5.039500000000e-01,20000,20018,2.4082
1,65,0.2539062500,0.0039062500,2.500000000000e-01,2.469500000000e-01,20000,20018,2.1072
2,62,0.2421875000,-0.0078125000,6.164383561644e-02,6.135000000000e-02,20000,20030,3.9066
2,63,0.2460937500,-0.0039062500,2.509784735812e-01,2.535000000000e-01,20000,20030,4.5163
2,64,0.2500000000,0.0000000000,3.752446183953e-01,3.763000000000e-01,20000,20030,4.6910
2,65,0.2539062500,0.0039062500,2.500000000000e-01,2.481000000000e-01,20000,20030,4.5146
2,66,0.2578125000,0.0078125000,6.213307240704e-02,6.075000000000e-02,20000,20030,3.9100
3,61,0.2382812500,-0.0117187500,1.498791297341e-02,1.480000000000e-02,20000,20042,5.5229
3,62,0.2421875000,-0.0078125000,9.319097502014e-02,9.145000000000e-02,20000,20042,6.3165
3,63,0.2460937500,-0.0039062500,2.353862092782e-01,2.418500000000e-01,20000,20042,6.7189
3,64,0.2500000000,0.0000000000,3.136065385058e-01,3.141500000000e-01,20000,20042,6.8435
3,65,0.2539062500,0.0039062500,2.342753539772e-01,2.324000000000e-01,20000,20042,6.7168
3,66,0.2578125000,0.0078125000,9.320248647404e-02,9.035000000000e-02,20000,20042,6.3165
3,67,0.2617187500,0.0117187500,1.535052377115e-02,1.500000000000e-02,20000,20042,5.5332
4,60,0.2343750000,-0.0156250000,3.592387785375e-03,3.300000000000e-03,20000,20054,7.0072
4,61,0.2382812500,-0.0117187500,3.032917556505e-02,2.995000000000e-02,20000,20054,7.9336
4,62,0.2421875000,-0.0078125000,1.089995709778e-01,1.107000000000e-01,20000,20054,8.4892
4,63,0.2460937500,-0.0039062500,2.200371216118e-01,2.170500000000e-01,20000,20054,8.7943
4,64,0.2500000000,0.0000000000,2.750047097451e-01,2.730000000000e-01,20000,20054,8.8911
4,65,0.2539062500,0.0039062500,2.189241969630e-01,2.206500000000e-01,20000,20054,8.7921
4,66,0.2578125000,0.0078125000,1.086391426070e-01,1.102500000000e-01,20000,20054,8.4878
4,67,0.2617187500,0.0117187500,3.070391975182e-02,3.165000000000e-02,20000,20054,7.9390
4,68,0.2656250000,0.0156250000,3.769774992916e-03,3.450000000000e-03,20000,20054,7.0281
5,59,0.2304687500,-0.0195312500,8.485955398523e-04,9.500000000000e-04,20000,20066,8.3874
5,60,0.2343750000,-0.0156250000,9.122402053412e-03,9.600000000000e-03,20000,20066,9.4188
5,61,0.2382812500,-0.0117187500,4.288508559682e-02,4.445000000000e-02,20000,20066,10.0910
5,62,0.2421875000,-0.0078125000,1.170233144258e-01,1.167000000000e-01,20000,20066,10.5269
5,63,0.2460937500,-0.0039062500,2.066524920542e-01,2.054500000000e-01,20000,20066,10.7739
5,64,0.2500000000,0.0000000000,2.480126069537e-01,2.427500000000e-01,20000,20066,10.8531
5,65,0.2539062500,0.0039062500,2.055653347522e-01,2.067000000000e-01,20000,20066,10.7716
5,66,0.2578125000,0.0078125000,1.164154580888e-01,1.175000000000e-01,20000,20066,10.5247
5,67,0.2617187500,0.0117187500,4.312831075949e-02,4.475000000000e-02,20000,20066,10.0934
5,68,0.2656250000,0.0156250000,9.426218478349e-03,1.000000000000e-02,20000,20066,9.4330
5,69,0.2695312500,0.0195312500,9.201812974833e-04,1.150000000000e-03,20000,20066,8.4225
6,58,0.2265625000,-0.0234375000,1.975034984272e-04,2.000000000000e-04,20000,20078,9.6811
6,59,0.2304687500,-0.0195312500,2.595999373394e-03,2.850000000000e-03,20000,20078,10.7998
6,60,0.2343750000,-0.0156250000,1.518496441986e-02,1.495000000000e-02,20000,20078,11.5669
6,61,0.2382812500,-0.0117187500,5.260584601063e-02,5.185000000000e-02,20000,20078,12.1066
6,62,0.2421875000,-0.0078125000,1.209159986428e-01,1.224500000000e-01,20000,20078,12.4680
6,63,0.2460937500,-0.0039062500,1.952046568691e-01,1.974500000000e-01,20000,20078,12.6760
6,64,0.2500000000,0.0000000000,2.278030939804e-01,2.256000000000e-01,20000,20078,12.7431
6,65,0.2539062500,0.0039062500,1.941507295085e-01,1.934500000000e-01,20000,20078,12.6737
6,66,0.2578125000,0.0078125000,1.201414977307e-01,1.198500000000e-01,20000,20078,12.4652
6,67,0.2617187500,0.0117187500,5.268139770619e-02,5.425000000000e-02,20000,20078,12.1072
6,68,0.2656250000,0.0156250000,1.553365091471e-02,1.475000000000e-02,20000,20078,11.5768
6,69,0.2695312500,0.0195312500,2.761422095635e-03,2.100000000000e-03,20000,20078,10.8267
6,70,0.2734375000,0.0234375000,2.232392496853e-04,2.500000000000e-04,20000,20078,9.7343
7,57,0.2226562500,-0.0273437500,4.527748185287e-05,1.500000000000e-04,20000,20090,10.9005
7,58,0.2265625000,-0.0234375000,7.076558155108e-04,7.500000000000e-04,20000,20090,12.0944
7,59,0.2304687500,-0.0195312500,4.982511005466e-03,5.650000000000e-03,20000,20090,12.9420
7,60,0.2343750000,-0.0156250000,2.106083284011e-02,2.140000000000e-02,20000,20090,13.5680
7,61,0.2382812500,-0.0117187500,6.001281406233e-02,6.015000000000e-02,20000,20090,14.0228
7,62,0.2421875000,-0.0078125000,1.224954633732e-01,1.217000000000e-01,20000,20090,14.3327
7,63,0.2460937500,-0.0039062500,1.853870460509e-01,1.868000000000e-01,20000,20090,14.5126
7,64,0.2500000000,0.0000000000,2.119535288750e-01,2.097500000000e-01,20000,20090,14.5708
7,65,0.2539062500,0.0039062500,1.843670515779e-01,1.847500000000e-01,20000,20090,14.5103
7,66,0.2578125000,0.0078125000,1.216066512606e-01,1.227500000000e-01,20000,20090,14.3295
7,67,0.2617187500,0.0117187500,5.992311143331e-02,5.980000000000e-02,20000,20090,14.0222
7,68,0.2656250000,0.0156250000,2.139415384095e-02,2.065000000000e-02,20000,20090,13.5749
7,69,0.2695312500,0.0195312500,5.228363905121e-03,5.050000000000e-03,20000,20090,12.9629
7,70,0.2734375000,0.0234375000,7.817139946321e-04,6.000000000000e-04,20000,20090,12.1376
7,71,0.2773437500,0.0273437500,5.382448312570e-05,5.000000000000e-05,20000,20090,10.9756
8,56,0.2187500000,-0.0312500000,1.022105530936e-05,0.000000000000e+00,20000,20102,12.0543
8,57,0.2226562500,-0.0273437500,1.861307966862e-04,1.000000000000e-04,20000,20102,13.3146
8,58,0.2265625000,-0.0234375000,1.540752979516e-03,1.700000000000e-03,20000,20102,14.2325
8,59,0.2304687500,-0.0195312500,7.731660181985e-03,7.950000000000e-03,20000,20102,14.9330
8,60,0.2343750000,-0.0156250000,2.644404107099e-02,2.700000000000e-02,20000,20102,15.4671
8,61,0.2382812500,-0.0117187500,6.563510481452e-02,6.560000000000e-02,20000,20102,15.8619
8,62,0.2421875000,-0.0078125000,1.227311735850e-01,1.226000000000e-01,20000,20102,16.1337
8,63,0.2460937500,-0.0039062500,1.768959850274e-01,1.740500000000e-01,20000,20102,16.2925
8,64,0.2500000000,0.0000000000,1.991006263029e-01,2.001000000000e-01,20000,20102,16.3438
8,65,0.2539062500,0.0039062500,1.759082711093e-01,1.780000000000e-01,20000,20102,16.2901
8,66,0.2578125000,0.0078125000,1.217627119663e-01,1.197500000000e-01,20000,20102,16.1303
8,67,0.2617187500,0.0117187500,6.539543950012e-02,6.635000000000e-02,20000,20102,15.8603
8,68,0.2656250000,0.0156250000,2.672463203472e-02,2.735000000000e-02,20000,20102,15.4717
8,69,0.2695312500,0.0195312500,8.031963222585e-03,8.100000000000e-03,20000,20102,14.9496
8,70,0.2734375000,0.0234375000,1.672945090584e-03,1.050000000000e-03,20000,20102,14.2683
8,71,0.2773437500,0.0273437500,2.154447027214e-04,3.000000000000e-04,20000,20102,13.3781
8,72,0.2812500000,0.0312500000,1.289655932319e-05,0.000000000000e+00,20000,20102,12.1552
9,55,0.2148437500,-0.0351562500,2.271345624302e-06,0.000000000000e+00,20000,20114,13.1492
9,56,0.2187500000,-0.0312500000,4.745489965060e-05,0.000000000000e+00,20000,20114,14.4692
9,57,0.2226562500,-0.0273437500,4.537898794726e-04,2.500000000000e-04,20000,20114,15.4498
9,58,0.2265625000,-0.0234375000,2.649833708756e-03,2.600000000000e-03,20000,20114,16.2162
9,59,0.2304687500,-0.0195312500,1.063109665215e-02,1.110000000000e-02,20000,20114,16.8195
9,60,0.2343750000,-0.0156250000,3.123710498165e-02,3.330000000000e-02,20000,20114,17.2876
9,61,0.2382812500,-0.0117187500,6.990096081949e-02,7.100000000000e-02,20000,20114,17.6374
9,62,0.2421875000,-0.0078125000,1.221688335545e-01,1.242000000000e-01,20000,20114,17.8799
9,63,0.2460937500,-0.0039062500,1.694816996871e-01,1.667000000000e-01,20000,20114,18.0221
9,64,0.2500000000,0.0000000000,1.884111554049e-01,1.859500000000e-01,20000,20114,18.0681
9,65,0.2539062500,0.0039062500,1.685238859120e-01,1.669500000000e-01,20000,20114,18.0196
9,66,0.2578125000,0.0078125000,1.211442320123e-01,1.228500000000e-01,20000,20114,17.8763
9,67,0.2617187500,0.0117187500,6.952972592972e-02,6.600000000000e-02,20000,20114,17.6351
9,68,0.2656250000,0.0156250000,3.144411198985e-02,3.460000000000e-02,20000,20114,17.2905
9,69,0.2695312500,0.0195312500,1.095907823664e-02,1.095000000000e-02,20000,20114,16.8327
9,70,0.2734375000,0.0234375000,2.839185639811e-03,2.850000000000e-03,20000,20114,16.2462
9,71,0.2773437500,0.0273437500,5.144209284138e-04,6.000000000000e-04,20000,20114,15.5043
9,72,0.2812500000,0.0312500000,5.808780852180e-05,1.000000000000e-04,20000,20114,14.5570
9,73,0.2851562500,0.0351562500,3.070609362664e-06,0.000000000000e+00,20000,20114,13.2802
10,54,0.2109375000,-0.0390625000,4.967157428892e-07,0.000000000000e+00,20000,20126,14.1906
10,55,0.2148437500,-0.0351562500,1.176313191115e-05,0.000000000000e+00,20000,20126,15.5651
10,56,0.2187500000,-0.0312500000,1.281909636099e-04,2.000000000000e-04,20000,20126,16.6024
10,57,0.2226562500,-0.0273437500,8.578899758483e-04,9.000000000000e-04,20000,20126,17.4280
10,58,0.2265625000,-0.0234375000,3.968614855902e-03,3.900000000000e-03,20000,20126,18.0932
10,59,0.2304687500,-0.0195312500,1.353687705310e-02,1.370000000000e-02,20000,20126,18.6260
10,60,0.2343750000,-0.0156250000,3.544036962554e-02,3.710000000000e-02,20000,20126,19.0440
10,61,0.2382812500,-0.0117187500,7.313608429775e-02,7.305000000000e-02,20000,20126,19.3587
10,62,0.2421875000,-0.0078125000,1.211290533215e-01,1.217000000000e-01,20000,20126,19.5778
10,63,0.2460937500,-0.0039062500,1.629477088954e-01,1.602000000000e-01,20000,20126,19.7066
10,64,0.2500000000,0.0000000000,1.793435241343e-01,1.841500000000e-01,20000,20126,19.7482
10,65,0.2539062500,0.0039062500,1.620173018771e-01,1.617000000000e-01,20000,20126,19.7041
10,66,0.2578125000,0.0078125000,1.200646284702e-01,1.185000000000e-01,20000,20126,19.5739
10,67,0.2617187500,0.0117187500,7.265107052886e-02,7.075000000000e-02,20000,20126,19.3558
10,68,0.2656250000,0.0156250000,3.556368151343e-02,3.420000000000e-02,20000,20126,19.0455
10,69,0.2695312500,0.0195312500,1.386947045801e-02,1.390000000000e-02,20000,20126,18.6366
10,70,0.2734375000,0.0234375000,4.207594902991e-03,4.450000000000e-03,20000,20126,18.1186
10,71,0.2773437500,0.0273437500,9.564624314907e-04,1.300000000000e-03,20000,20126,17.4752
10,72,0.2812500000,0.0312500000,1.531190405224e-04,2.500000000000e-04,20000,20126,16.6796
10,73,0.2851562500,0.0351562500,1.537136058685e-05,5.000000000000e-05,20000,20126,15.6812
10,74,0.2890625000,0.0390625000,7.264463502127e-07,0.000000000000e+00,20000,20126,14.3557
11,53,0.2070312500,-0.0429687500,1.068631478726e-07,0.000000000000e+00,20000,20138,15.1827
11,54,0.2109375000,-0.0390625000,2.840778680946e-06,0.000000000000e+00,20000,20138,16.6073
11,55,0.2148437500,-0.0351562500,3.490170198990e-05,5.000000000000e-05,20000,20138,17.6967
11,56,0.2187500000,-0.0312500000,2.645077678623e-04,3.500000000000e-04,20000,20138,18.5763
11,57,0.2226562500,-0.0273437500,1.392262055594e-03,1.250000000000e-03,20000,20138,19.2976
11,58,0.2265625000,-0.0234375000,5.431519810988e-03,5.500000000000e-03,20000,20138,19.8888
11,59,0.2304687500,-0.0195312500,1.635862506042e-02,1.690000000000e-02,20000,20138,20.3676
11,60,0.2343750000,-0.0156250000,3.909636327355e-02,3.845000000000e-02,20000,20138,20.7460
11,61,0.2382812500,-0.0117187500,7.558379468275e-02,7.515000000000e-02,20000,20138,21.0323
11,62,0.2421875000,-0.0078125000,1.198066267195e-01,1.175500000000e-01,20000,20138,21.2323
11,63,0.2460937500,-0.0039062500,1.571406622775e-01,1.596000000000e-01,20000,20138,21.3501
11,64,0.2500000000,0.0000000000,1.715285137539e-01,1.668000000000e-01,20000,20138,21.3882
11,65,0.2539062500,0.0039062500,1.562352890159e-01,1.608000000000e-01,20000,20138,21.3476
11,66,0.2578125000,0.0078125000,1.187139365837e-01,1.154000000000e-01,20000,20138,21.2283
11,67,0.2617187500,0.0117187500,7.500092917232e-02,7.735000000000e-02,20000,20138,21.0289
11,68,0.2656250000,0.0156250000,3.913253457144e-02,3.900000000000e-02,20000,20138,20.7464
11,69,0.2695312500,0.0195312500,1.667757687240e-02,1.785000000000e-02,20000,20138,20.3760
11,70,0.2734375000,0.0234375000,5.709486495455e-03,6.000000000000e-03,20000,20138,19.9104
11,71,0.2773437500,0.0273437500,1.531338134280e-03,1.700000000000e-03,20000,20138,19.3389
11,72,0.2812500000,0.0312500000,3.096687704580e-04,2.000000000000e-04,20000,20138,18.6447
11,73,0.2851562500,0.0351562500,4.434340540173e-05,1.000000000000e-04,20000,20138,17.8007
11,74,0.2890625000,0.0390625000,4.001474393567e-06,0.000000000000e+00,20000,20138,16.7561
11,75,0.2929687500,0.0429687500,1.707583054285e-07,0.000000000000e+00,20000,20138,15.3862
12,52,0.2031250000,-0.0468750000,2.260976781336e-08,0.000000000000e+00,20000,20150,16.1288
12,53,0.2070312500,-0.0429687500,6.693344471540e-07,0.000000000000e+00,20000,20150,17.6001
12,54,0.2109375000,-0.0390625000,9.190177392117e-06,0.000000000000e+00,20000,20150,18.7378
12,55,0.2148437500,-0.0351562500,7.811912964176e-05,5.000000000000e-05,20000,20150,19.6673
12,56,0.2187500000,-0.0312500000,4.629376180783e-04,5.500000000000e-04,20000,20150,20.4400
12,57,0.2226562500,-0.0273437500,2.041579281549e-03,2.750000000000e-03,20000,20150,21.0845
12,58,0.2265625000,-0.0234375000,6.981966829234e-03,7.550000000000e-03,20000,20150,21.6185
12,59,0.2304687500,-0.0195312500,1.904363802612e-02,1.905000000000e-02,20000,20150,22.0542
12,60,0.2343750000,-0.0156250000,4.226265019663e-02,4.415000000000e-02,20000,20150,22.4005
12,61,0.2382812500,-0.0117187500,7.742557237991e-02,7.900000000000e-02,20000,20150,22.6634
12,62,0.2421875000,-0.0078125000,1.183229905849e-01,1.197500000000e-01,20000,20150,22.8476
12,63,0.2460937500,-0.0039062500,1.519403255390e-01,1.511000000000e-01,20000,20150,22.9562
12,64,0.2500000000,0.0000000000,1.647046467051e-01,1.629000000000e-01,20000,20150,22.9912
12,65,0.2539062500,0.0039062500,1.510578137412e-01,1.475500000000e-01,20000,20150,22.9536
12,66,0.2578125000,0.0078125000,1.172103665692e-01,1.182500000000e-01,20000,20150,22.8435
12,67,0.2617187500,0.0117187500,7.675864323929e-02,7.820000000000e-02,20000,20150,22.6596
12,68,0.2656250000,0.0156250000,4.221223227272e-02,4.145000000000e-02,20000,20150,22.3999
12,69,0.2695312500,0.0195312500,1.933524532041e-02,1.785000000000e-02,20000,20150,22.0608
12,70,0.2734375000,0.0234375000,7.287409135862e-03,7.350000000000e-03,20000,20150,21.6371
12,71,0.2773437500,0.0273437500,2.220423210399e-03,2.050000000000e-03,20000,20150,21.1209
12,72,0.2812500000,0.0312500000,5.330064233780e-04,2.000000000000e-04,20000,20150,20.5012
12,73,0.2851562500,0.0351562500,9.694434165393e-05,2.500000000000e-04,20000,20150,19.7610
12,74,0.2890625000,0.0390625000,1.254100024480e-05,0.000000000000e+00,20000,20150,18.8728
12,75,0.2929687500,0.0429687500,1.026456197495e-06,0.000000000000e+00,20000,20150,17.7858
12,76,0.2968750000,0.0468750000,3.987768809408e-08,0.000000000000e+00,20000,20150,16.3752
13,51,0.1992187500,-0.0507812500,4.702831705179e-09,0.000000000000e+00,20000,20162,17.0319
13,52,0.2031250000,-0.0468750000,1.540177383446e-07,0.000000000000e+00,20000,20162,18.5471
13,53,0.2070312500,-0.0429687500,2.346297086476e-06,0.000000000000e+00,20000,20162,19.7299
13,54,0.2109375000,-0.0390625000,2.219399688784e-05,5.000000000000e-05,20000,20162,20.7058
13,55,0.2148437500,-0.0351562500,1.468082528972e-04,5.000000000000e-05,20000,20162,21.5263
13,56,0.2187500000,-0.0312500000,7.250241860453e-04,5.000000000000e-04,20000,20162,22.2199
13,57,0.2226562500,-0.0273437500,2.786451753630e-03,2.700000000000e-03,20000,20162,22.8046
13,58,0.2265625000,-0.0234375000,8.574562451632e-03,9.900000000000e-03,20000,20162,23.2927
13,59,0.2304687500,-0.0195312500,2.156434789577e-02,2.160000000000e-02,20000,20162,23.6933
13,60,0.2343750000,-0.0156250000,4.499900055382e-02,4.535000000000e-02,20000,20162,24.0127
13,61,0.2382812500,-0.0117187500,7.879746368709e-02,7.595000000000e-02,20000,20162,24.2560
13,62,0.2421875000,-0.0078125000,1.167552916868e-01,1.139000000000e-01,20000,20162,24.4268
13,63,0.2460937500,-0.0039062500,1.472515696017e-01,1.475000000000e-01,20000,20162,24.5276
13,64,0.2500000000,0.0000000000,1.586808897349e-01,1.610500000000e-01,20000,20162,24.5600
13,65,0.2539062500,0.0039062500,1.463899645386e-01,1.482000000000e-01,20000,20162,24.5250
13,66,0.2578125000,0.0078125000,1.156288278888e-01,1.177000000000e-01,20000,20162,24.4226
13,67,0.2617187500,0.0117187500,7.805822637245e-02,7.815000000000e-02,20000,20162,24.2519
13,68,0.2656250000,0.0156250000,4.486484817383e-02,4.225000000000e-02,20000,20162,24.0114
13,69,0.2695312500,0.0195312500,2.181874424621e-02,2.220000000000e-02,20000,20162,23.6984
13,70,0.2734375000,0.0234375000,8.896380960859e-03,9.000000000000e-03,20000,20162,23.3087
13,71,0.2773437500,0.0273437500,3.001997679087e-03,2.900000000000e-03,20000,20162,22.8369
13,72,0.2812500000,0.0312500000,8.230876678624e-04,8.500000000000e-04,20000,20162,22.2750
13,73,0.2851562500,0.0351562500,1.785923720458e-04,2.000000000000e-04,20000,20162,21.6114
13,74,0.2890625000,0.0390625000,2.947889093196e-05,0.000000000000e+00,20000,20162,20.8290
13,75,0.2929687500,0.0429687500,3.473348912477e-06,0.000000000000e+00,20000,20162,19.9003
13,76,0.2968750000,0.0468750000,2.597898453702e-07,0.000000000000e+00,20000,20162,18.7741
13,77,0.3007812500,0.0507812500,9.251623637826e-09,0.000000000000e+00,20000,20162,17.3257
14,50,0.1953125000,-0.0546875000,9.613002683932e-10,0.000000000000e+00,20000,20174,17.8944
14,51,0.1992187500,-0.0507812500,3.463508319946e-08,0.000000000000e+00,20000,20174,19.4510
14,52,0.2031250000,-0.0468750000,5.818776441994e-07,0.000000000000e+00,20000,20174,20.6763
14,53,0.2070312500,-0.0429687500,6.084919127372e-06,0.000000000000e+00,20000,20174,21.6957
14,54,0.2109375000,-0.0390625000,4.461016973027e-05,1.500000000000e-04,20000,20174,22.5609
14,55,0.2148437500,-0.0351562500,2.448182012175e-04,3.000000000000e-04,20000,20174,23.3003
14,56,0.2187500000,-0.0312500000,1.048517373479e-03,6.500000000000e-04,20000,20174,23.9321
14,57,0.2226562500,-0.0273437500,3.606718645050e-03,3.850000000000e-03,20000,20174,24.4686
14,58,0.2265625000,-0.0234375000,1.017455831107e-02,8.800000000000e-03,20000,20174,24.9190
14,59,0.2304687500,-0.0195312500,2.390939543371e-02,2.500000000000e-02,20000,20174,25.2901
14,60,0.2343750000,-0.0156250000,4.736167673588e-02,4.625000000000e-02,20000,20174,25.5869
14,61,0.2382812500,-0.0117187500,7.980225893439e-02,7.755000000000e-02,20000,20174,25.8135
14,62,0.2421875000,-0.0078125000,1.151531521938e-01,1.174000000000e-01,20000,20174,25.9728
14,63,0.2460937500,-0.0039062500,1.429983308300e-01,1.425500000000e-01,20000,20174,26.0668
14,64,0.2500000000,0.0000000000,1.533140069615e-01,1.514500000000e-01,20000,20174,26.0971
14,65,0.2539062500,0.0039062500,1.421558862736e-01,1.431000000000e-01,20000,20174,26.0643
14,66,0.2578125000,0.0078125000,1.140173602309e-01,1.159500000000e-01,20000,20174,25.9685
14,67,0.2617187500,0.0117187500,7.900067161562e-02,7.810000000000e-02,20000,20174,25.8091
14,68,0.2656250000,0.0156250000,4.714788989292e-02,4.770000000000e-02,20000,20174,25.5850
14,69,0.2695312500,0.0195312500,2.411977314533e-02,2.555000000000e-02,20000,20174,25.2939
14,70,0.2734375000,0.0234375000,1.050270955080e-02,1.080000000000e-02,20000,20174,24.9328
14,71,0.2773437500,0.0273437500,3.854441807943e-03,3.350000000000e-03,20000,20174,24.4975
14,72,0.2812500000,0.0312500000,1.176096775406e-03,9.000000000000e-04,20000,20174,23.9819
14,73,0.2851562500,0.0351562500,2.927835139622e-04,4.500000000000e-04,20000,20174,23.3780
14,74,0.2890625000,0.0390625000,5.789275991134e-05,1.500000000000e-04,20000,20174,22.6741
14,75,0.2929687500,0.0429687500,8.737109039065e-06,0.000000000000e+00,20000,20174,21.8529
14,76,0.2968750000,0.0468750000,9.440735091088e-07,0.000000000000e+00,20000,20174,20.8865
14,77,0.3007812500,0.0507812500,6.493590027600e-08,0.000000000000e+00,20000,20174,19.7240
14,78,0.3046875000,0.0546875000,2.132137712124e-09,0.000000000000e+00,20000,20174,18.2403
15,49,0.1914062500,-0.0585937500,1.930321824083e-10,0.000000000000e+00,20000,20186,18.7183
15,50,0.1953125000,-0.0546875000,7.615119596007e-09,0.000000000000e+00,20000,20186,20.3143
15,51,0.1992187500,-0.0507812500,1.403687449845e-07,0.000000000000e+00,20000,20186,21.5799
15,52,0.2031250000,-0.0468750000,1.613853544892e-06,0.000000000000e+00,20000,20186,22.6405
15,53,0.2070312500,-0.0429687500,1.303529840028e-05,0.000000000000e+00,20000,20186,23.5478
15,54,0.2109375000,-0.0390625000,7.898562825373e-05,1.000000000000e-04,20000,20186,24.3302
15,55,0.2148437500,-0.0351562500,3.743621436550e-04,2.500000000000e-04,20000,20186,25.0059
15,56,0.2187500000,-0.0312500000,1.428623084023e-03,1.300000000000e-03,20000,20186,25.5876
15,57,0.2226562500,-0.0273437500,4.483328578910e-03,4.950000000000e-03,20000,20186,26.0842
15,58,0.2265625000,-0.0234375000,1.175629939619e-02,1.145000000000e-02,20000,20186,26.5029
15,59,0.2304687500,-0.0195312500,2.607756542534e-02,2.605000000000e-02,20000,20186,26.8489
15,60,0.2343750000,-0.0156250000,4.940122196271e-02,4.920000000000e-02,20000,20186,27.1264
15,61,0.2382812500,-0.0117187500,8.051831202864e-02,7.735000000000e-02,20000,20186,27.3385
15,62,0.2421875000,-0.0078125000,1.135486754488e-01,1.152500000000e-01,20000,20186,27.4878
15,63,0.2460937500,-0.0039062500,1.391191340004e-01,1.405000000000e-01,20000,20186,27.5760
15,64,0.2500000000,0.0000000000,1.484942164138e-01,1.501500000000e-01,20000,20186,27.6043
15,65,0.2539062500,0.0039062500,1.382942935585e-01,1.374000000000e-01,20000,20186,27.5734
15,66,0.2578125000,0.0078125000,1.124069277979e-01,1.113500000000e-01,20000,20186,27.4834
15,67,0.2617187500,0.0117187500,7.966279515256e-02,8.115000000000e-02,20000,20186,27.3339
15,68,0.2656250000,0.0156250000,4.911249198951e-02,4.880000000000e-02,20000,20186,27.1238
15,69,0.2695312500,0.0195312500,2.623947890439e-02,2.635000000000e-02,20000,20186,26.8516
15,70,0.2734375000,0.0234375000,1.208205403434e-02,1.135000000000e-02,20000,20186,26.5148
15,71,0.2773437500,0.0273437500,4.757927228672e-03,4.250000000000e-03,20000,20186,26.1101
15,72,0.2812500000,0.0312500000,1.585876224220e-03,2.000000000000e-03,20000,20186,25.6329
15,73,0.2851562500,0.0351562500,4.411481829663e-04,6.500000000000e-04,20000,20186,25.0772
15,74,0.2890625000,0.0390625000,1.004596609948e-04,1.000000000000e-04,20000,20186,24.4346
15,75,0.2929687500,0.0429687500,1.822619840117e-05,5.000000000000e-05,20000,20186,23.6933
15,76,0.2968750000,0.0468750000,2.530848758578e-06,0.000000000000e+00,20000,20186,22.8359
15,77,0.3007812500,0.0507812500,2.522492878257e-07,0.000000000000e+00,20000,20186,21.8345
15,78,0.3046875000,0.0546875000,1.604185120966e-08,0.000000000000e+00,20000,20186,20.6379
15,79,0.3085937500,0.0585937500,4.880797172333e-10,0.000000000000e+00,20000,20186,19.1211
16,48,0.1875000000,-0.0625000000,3.806268385515e-11,0.000000000000e+00,20000,20198,19.5054
16,49,0.1914062500,-0.0585937500,1.637472195238e-09,0.000000000000e+00,20000,20198,21.1390
16,50,0.1953125000,-0.0546875000,3.297199408689e-08,0.000000000000e+00,20000,20198,22.4430
16,51,0.1992187500,-0.0507812500,4.148266717626e-07,0.000000000000e+00,20000,20198,23.5427
16,52,0.2031250000,-0.0468750000,3.672900599103e-06,0.000000000000e+00,20000,20198,24.4899
16,53,0.2070312500,-0.0429687500,2.443993978239e-05,0.000000000000e+00,20000,20198,25.3130
16,54,0.2109375000,-0.0390625000,1.274451869003e-04,2.000000000000e-04,20000,20198,26.0302
16,55,0.2148437500,-0.0351562500,5.361698007308e-04,5.500000000000e-04,20000,20198,26.6542
16,56,0.2187500000,-0.0312500000,1.859061486512e-03,2.300000000000e-03,20000,20198,27.1942
16,57,0.2226562500,-0.0273437500,5.399268116667e-03,5.300000000000e-03,20000,20198,27.6572
16,58,0.2265625000,-0.0234375000,1.330147296423e-02,1.390000000000e-02,20000,20198,28.0488
16,59,0.2304687500,-0.0195312500,2.807376698409e-02,2.705000000000e-02,20000,20198,28.3732
16,60,0.2343750000,-0.0156250000,5.116193663880e-02,4.865000000000e-02,20000,20198,28.6338
16,61,0.2382812500,-0.0117187500,8.100588966122e-02,7.960000000000e-02,20000,20198,28.8334
16,62,0.2421875000,-0.0078125000,1.119625941409e-01,1.155500000000e-01,20000,20198,28.9739
16,63,0.2460937500,-0.0039062500,1.355637768373e-01,1.327500000000e-01,20000,20198,29.0570
16,64,0.2500000000,0.0000000000,1.441357773711e-01,1.420000000000e-01,20000,20198,29.0836
16,65,0.2539062500,0.0039062500,1.347551528451e-01,1.378000000000e-01,20000,20198,29.0544
16,66,0.2578125000,0.0078125000,1.108174304966e-01,1.113500000000e-01,20000,20198,28.9695
16,67,0.2617187500,0.0117187500,8.010356857761e-02,7.965000000000e-02,20000,20198,28.8285
16,68,0.2656250000,0.0156250000,5.080314745424e-02,5.175000000000e-02,20000,20198,28.6308
16,69,0.2695312500,0.0195312500,2.818455738288e-02,2.905000000000e-02,20000,20198,28.3749
16,70,0.2734375000,0.0234375000,1.361745533361e-02,1.275000000000e-02,20000,20198,28.0590
16,71,0.2773437500,0.0273437500,5.695155086800e-03,6.350000000000e-03,20000,20198,27.6804
16,72,0.2812500000,0.0312500000,2.045052752568e-03,2.550000000000e-03,20000,20198,27.2356
16,73,0.2851562500,0.0351562500,6.237308756198e-04,7.500000000000e-04,20000,20198,26.7199
16,74,0.2890625000,0.0390625000,1.592638607054e-04,1.500000000000e-04,20000,20198,26.1270
16,75,0.2929687500,0.0429687500,3.338548580298e-05,0.000000000000e+00,20000,20198,25.4484
16,76,0.2968750000,0.0468750000,5.589948859484e-06,0.000000000000e+00,20000,20198,24.6723
16,77,0.3007812500,0.0507812500,7.180230797321e-07,0.000000000000e+00,20000,20198,23.7810
16,78,0.3046875000,0.0546875000,6.634329953117e-08,0.000000000000e+00,20000,20198,22.7467
16,79,0.3085937500,0.0585937500,3.919110079371e-09,0.000000000000e+00,20000,20198,21.5181
16,80,0.3125000000,0.0625000000,1.109718471778e-10,0.000000000000e+00,20000,20198,19.9701
17,47,0.1835937500,-0.0664062500,7.366971068739e-12,0.000000000000e+00,20000,20210,20.2572
17,48,0.1875000000,-0.0625000000,3.444058974636e-10,0.000000000000e+00,20000,20210,21.9270
17,49,0.1914062500,-0.0585937500,7.547164299443e-09,0.000000000000e+00,20000,20210,23.2677
17,50,0.1953125000,-0.0546875000,1.034856069796e-07,0.000000000000e+00,20000,20210,24.4048
17,51,0.1992187500,-0.0507812500,1.000076020430e-06,0.000000000000e+00,20000,20210,25.3899
17,52,0.2031250000,-0.0468750000,7.274158065513e-06,0.000000000000e+00,20000,20210,26.2517
17,53,0.2070312500,-0.0429687500,4.152773024124e-05,0.000000000000e+00,20000,20210,27.0082
17,54,0.2109375000,-0.0390625000,1.915859871755e-04,2.500000000000e-04,20000,20210,27.6723
17,55,0.2148437500,-0.0351562500,7.297525193942e-04,6.500000000000e-04,20000,20210,28.2531
17,56,0.2187500000,-0.0312500000,2.332868960810e-03,2.550000000000e-03,20000,20210,28.7578
17,57,0.2226562500,-0.0273437500,6.339903120043e-03,6.650000000000e-03,20000,20210,29.1920
17,58,0.2265625000,-0.0234375000,1.479749701734e-02,1.350000000000e-02,20000,20210,29.5601
17,59,0.2304687500,-0.0195312500,2.990641165782e-02,3.030000000000e-02,20000,20210,29.8657
17,60,0.2343750000,-0.0156250000,5.268213061282e-02,5.210000000000e-02,20000,20210,30.1116
17,61,0.2382812500,-0.0117187500,8.131175320188e-02,8.295000000000e-02,20000,20210,30.3001
17,62,0.2421875000,-0.0078125000,1.104081437695e-01,1.159000000000e-01,20000,20210,30.4329
17,63,0.2460937500,-0.0039062500,1.322908603126e-01,1.306000000000e-01,20000,20210,30.5114
17,64,0.2500000000,0.0000000000,1.401706233719e-01,1.401500000000e-01,20000,20210,30.5366
17,65,0.2539062500,0.0039062500,1.314972133515e-01,1.301000000000e-01,20000,20210,30.5088
17,66,0.2578125000,0.0078125000,1.092614866760e-01,1.082000000000e-01,20000,20210,30.4284
17,67,0.2617187500,0.0117187500,8.036867022809e-02,8.275000000000e-02,20000,20210,30.2950
17,68,0.2656250000,0.0156250000,5.225812052518e-02,4.805000000000e-02,20000,20210,30.1081
17,69,0.2695312500,0.0195312500,2.996475082267e-02,3.140000000000e-02,20000,20210,29.8665
17,70,0.2734375000,0.0234375000,1.509761004171e-02,1.475000000000e-02,20000,20210,29.5688
17,71,0.2773437500,0.0273437500,6.651538469729e-03,6.200000000000e-03,20000,20210,29.2128
17,72,0.2812500000,0.0312500000,2.545842959407e-03,2.200000000000e-03,20000,20210,28.7957
17,73,0.2851562500,0.0351562500,8.393466793136e-04,4.500000000000e-04,20000,20210,28.3138
17,74,0.2890625000,0.0390625000,2.357300590198e-04,2.500000000000e-04,20000,20210,27.7623
17,75,0.2929687500,0.0429687500,5.557277658121e-05,5.000000000000e-05,20000,20210,27.1348
17,76,0.2968750000,0.0468750000,1.078121948666e-05,0.000000000000e+00,20000,20210,26.4226
17,77,0.3007812500,0.0507812500,1.674280773569e-06,0.000000000000e+00,20000,20210,25.6137
17,78,0.3046875000,0.0546875000,1.998642318634e-07,0.000000000000e+00,20000,20210,24.6906
17,79,0.3085937500,0.0585937500,1.719375796327e-08,0.000000000000e+00,20000,20210,23.6253
17,80,0.3125000000,0.0625000000,9.472997848009e-10,0.000000000000e+00,20000,20210,22.3664
17,81,0.3164062500,0.0664062500,2.505815904015e-11,0.000000000000e+00,20000,20210,20.7889
18,46,0.1796875000,-0.0703125000,1.398980364569e-12,0.000000000000e+00,20000,20222,20.9750
18,47,0.1835937500,-0.0664062500,7.085686718842e-11,0.000000000000e+00,20000,20222,22.6796
18,48,0.1875000000,-0.0625000000,1.684307246823e-09,0.000000000000e+00,20000,20222,24.0557
18,49,0.1914062500,-0.0585937500,2.508290221286e-08,0.000000000000e+00,20000,20222,25.2286
18,50,0.1953125000,-0.0546875000,2.635879885671e-07,0.000000000000e+00,20000,20222,26.2502
18,51,0.1992187500,-0.0507812500,2.087428225936e-06,0.000000000000e+00,20000,20222,27.1488
18,52,0.2031250000,-0.0468750000,1.299156356837e-05,0.000000000000e+00,20000,20222,27.9429
18,53,0.2070312500,-0.0429687500,6.542875425504e-05,0.000000000000e+00,20000,20222,28.6450
18,54,0.2109375000,-0.0390625000,2.724538191079e-04,2.500000000000e-04,20000,20222,29.2645
18,55,0.2148437500,-0.0351562500,9.536960936038e-04,1.400000000000e-03,20000,20222,29.8086
18,56,0.2187500000,-0.0312500000,2.842960505966e-03,3.500000000000e-03,20000,20222,30.2830
18,57,0.2226562500,-0.0273437500,7.292984258202e-03,7.250000000000e-03,20000,20222,30.6921
18,58,0.2265625000,-0.0234375000,1.623616158272e-02,1.705000000000e-02,20000,20222,31.0397
18,59,0.2304687500,-0.0195312500,3.158572611353e-02,3.100000000000e-02,20000,20222,31.3287
18,60,0.2343750000,-0.0156250000,5.399469524777e-02,5.390000000000e-02,20000,20222,31.5616
18,61,0.2382812500,-0.0117187500,8.147248640161e-02,8.240000000000e-02,20000,20222,31.7402
18,62,0.2421875000,-0.0078125000,1.088935559918e-01,1.105000000000e-01,20000,20222,31.8662
18,63,0.2460937500,-0.0039062500,1.292659326554e-01,1.288000000000e-01,20000,20222,31.9407
18,64,0.2500000000,0.0000000000,1.365439410913e-01,1.330000000000e-01,20000,20222,31.9645
18,65,0.2539062500,0.0039062500,1.284861529004e-01,1.278000000000e-01,20000,20222,31.9381
18,66,0.2578125000,0.0078125000,1.077468651450e-01,1.101000000000e-01,20000,20222,31.8616
18,67,0.2617187500,0.0117187500,8.049378033062e-02,8.030000000000e-02,20000,20222,31.7350
18,68,0.2656250000,0.0156250000,5.351011963902e-02,5.270000000000e-02,20000,20222,31.5577
18,69,0.2695312500,0.0195312500,3.159126334416e-02,3.075000000000e-02,20000,20222,31.3288
18,70,0.2734375000,0.0234375000,1.651545878445e-02,1.765000000000e-02,20000,20222,31.0471
18,71,0.2773437500,0.0273437500,7.615086559442e-03,7.050000000000e-03,20000,20222,30.7109
18,72,0.2812500000,0.0312500000,3.080587734081e-03,2.700000000000e-03,20000,20222,30.3179
18,73,0.2851562500,0.0351562500,1.085931788316e-03,1.450000000000e-03,20000,20222,29.8650
18,74,0.2890625000,0.0390625000,3.306426231039e-04,3.500000000000e-04,20000,20222,29.3486
18,75,0.2929687500,0.0429687500,8.597115091519e-05,0.000000000000e+00,20000,20222,28.7636
18,76,0.2968750000,0.0468750000,1.880588441361e-05,1.000000000000e-04,20000,20222,28.1035
18,77,0.3007812500,0.0507812500,3.392181167888e-06,0.000000000000e+00,20000,20222,27.3597
18,78,0.3046875000,0.0546875000,4.907137844835e-07,0.000000000000e+00,20000,20222,26.5201
18,79,0.3085937500,0.0585937500,5.465984013661e-08,0.000000000000e+00,20000,20222,25.5669
18,80,0.3125000000,0.0625000000,4.394690168026e-09,0.000000000000e+00,20000,20222,24.4722
18,81,0.3164062500,0.0664062500,2.266298955267e-10,0.000000000000e+00,20000,20222,23.1846
18,82,0.3203125000,0.0703125000,5.619102330215e-12,0.000000000000e+00,20000,20222,21.5789
19,45,0.1757812500,-0.0742187500,2.605388533205e-13,0.000000000000e+00,20000,20234,21.6601
19,46,0.1796875000,-0.0703125000,1.425883833118e-11,0.000000000000e+00,20000,20234,23.3983
19,47,0.1835937500,-0.0664062500,3.666221521360e-10,0.000000000000e+00,20000,20234,24.8084
19,48,0.1875000000,-0.0625000000,5.911811181664e-09,0.000000000000e+00,20000,20234,26.0159
19,49,0.1914062500,-0.0585937500,6.733836525873e-08,0.000000000000e+00,20000,20234,27.0725
19,50,0.1953125000,-0.0546875000,5.786220523610e-07,5.000000000000e-05,20000,20234,28.0066
19,51,0.1992187500,-0.0507812500,3.911600835573e-06,0.000000000000e+00,20000,20234,28.8366
19,52,0.2031250000,-0.0468750000,2.142176104932e-05,0.000000000000e+00,20000,20234,29.5751
19,53,0.2070312500,-0.0429687500,9.711548775633e-05,3.500000000000e-04,20000,20234,30.2315
19,54,0.2109375000,-0.0390625000,3.705740349249e-04,2.500000000000e-04,20000,20234,30.8131
19,55,0.2148437500,-0.0351562500,1.205934726706e-03,1.050000000000e-03,20000,20234,31.3255
19,56,0.2187500000,-0.0312500000,3.382497644534e-03,3.900000000000e-03,20000,20234,31.7734
19,57,0.2226562500,-0.0273437500,8.248477121332e-03,9.300000000000e-03,20000,20234,32.1606
19,58,0.2265625000,-0.0234375000,1.761253507714e-02,1.845000000000e-02,20000,20234,32.4900
19,59,0.2304687500,-0.0195312500,3.312268243026e-02,3.210000000000e-02,20000,20234,32.7643
19,60,0.2343750000,-0.0156250000,5.512777095013e-02,5.660000000000e-02,20000,20234,32.9856
19,61,0.2382812500,-0.0117187500,8.151693220612e-02,8.340000000000e-02,20000,20234,33.1555
19,62,0.2421875000,-0.0078125000,1.074236934695e-01,1.075500000000e-01,20000,20234,33.2753
19,63,0.2460937500,-0.0039062500,1.264600805496e-01,1.252000000000e-01,20000,20234,33.3462
19,64,0.2500000000,0.0000000000,1.332110293646e-01,1.369000000000e-01,20000,20234,33.3687
19,65,0.2539062500,0.0039062500,1.256931712986e-01,1.232000000000e-01,20000,20234,33.3435
19,66,0.2578125000,0.0078125000,1.062780777861e-01,1.010500000000e-01,20000,20234,33.2707
19,67,0.2617187500,0.0117187500,8.050698784275e-02,7.905000000000e-02,20000,20234,33.1500
19,68,0.2656250000,0.0156250000,5.458702816341e-02,5.580000000000e-02,20000,20234,32.9813
19,69,0.2695312500,0.0195312500,3.307577464251e-02,3.415000000000e-02,20000,20234,32.7637
19,70,0.2734375000,0.0234375000,1.786707472516e-02,1.700000000000e-02,20000,20234,32.4963
19,71,0.2773437500,0.0273437500,8.576147000785e-03,8.700000000000e-03,20000,20234,32.1775
19,72,0.2812500000,0.0312500000,3.642080035757e-03,4.250000000000e-03,20000,20234,31.8056
19,73,0.2851562500,0.0351562500,1.360848849735e-03,1.350000000000e-03,20000,20234,31.3780
19,74,0.2890625000,0.0390625000,4.442151210309e-04,2.500000000000e-04,20000,20234,30.8918
19,75,0.2929687500,0.0429687500,1.255374326755e-04,1.000000000000e-04,20000,20234,30.3430
19,76,0.2968750000,0.0468750000,3.036038030602e-05,0.000000000000e+00,20000,20234,29.7265
19,77,0.3007812500,0.0507812500,6.189025593907e-06,0.000000000000e+00,20000,20234,29.0358
19,78,0.3046875000,0.0546875000,1.042180286930e-06,0.000000000000e+00,20000,20234,28.2622
19,79,0.3085937500,0.0585937500,1.409695528870e-07,0.000000000000e+00,20000,20234,27.3933
19,80,0.3125000000,0.0625000000,1.470424116298e-08,0.000000000000e+00,20000,20234,26.4117
19,81,0.3164062500,0.0664062500,1.108610131974e-09,0.000000000000e+00,20000,20234,25.2890
19,82,0.3203125000,0.0703125000,5.367936633542e-11,0.000000000000e+00,20000,20234,23.9740
19,83,0.3242187500,0.0742187500,1.251217118064e-12,0.000000000000e+00,20000,20234,22.3415
20,44,0.1718750000,-0.0781250000,4.756287383133e-14,0.000000000000e+00,20000,20246,22.3133
20,45,0.1757812500,-0.0742187500,2.806209556048e-12,0.000000000000e+00,20000,20246,24.0841
20,46,0.1796875000,-0.0703125000,7.785315791172e-11,0.000000000000e+00,20000,20246,25.5273
20,47,0.1835937500,-0.0664062500,1.355742771659e-09,0.000000000000e+00,20000,20246,26.7682
20,48,0.1875000000,-0.0625000000,1.669144442086e-08,0.000000000000e+00,20000,20246,27.8585
20,49,0.1914062500,-0.0585937500,1.551592263575e-07,0.000000000000e+00,20000,20246,28.8268
20,50,0.1953125000,-0.0546875000,1.135721873760e-06,0.000000000000e+00,20000,20246,29.6913
20,51,0.1992187500,-0.0507812500,6.740707325929e-06,0.000000000000e+00,20000,20246,30.4647
20,52,0.2031250000,-0.0468750000,3.315073735774e-05,0.000000000000e+00,20000,20246,31.1565
20,53,0.2070312500,-0.0429687500,1.373692373814e-04,3.000000000000e-04,20000,20246,31.7739
20,54,0.2109375000,-0.0390625000,4.860136919080e-04,5.000000000000e-04,20000,20246,32.3227
20,55,0.2148437500,-0.0351562500,1.483985045697e-03,1.750000000000e-03,20000,20246,32.8075
20,56,0.2187500000,-0.0312500000,3.945110286121e-03,3.800000000000e-03,20000,20246,33.2321
20,57,0.2226562500,-0.0273437500,9.198314065361e-03,8.550000000000e-03,20000,20246,33.5997
20,58,0.2265625000,-0.0234375000,1.892410785442e-02,1.835000000000e-02,20000,20246,33.9130
20,59,0.2304687500,-0.0195312500,3.452833366619e-02,3.630000000000e-02,20000,20246,34.1742
20,60,0.2343750000,-0.0156250000,5.610540405549e-02,5.650000000000e-02,20000,20246,34.3850
20,61,0.2382812500,-0.0117187500,8.146799333804e-02,7.890000000000e-02,20000,20246,34.5470
20,62,0.2421875000,-0.0078125000,1.060011388540e-01,1.050000000000e-01,20000,20246,34.6613
20,63,0.2460937500,-0.0039062500,1.238488487044e-01,1.194000000000e-01,20000,20246,34.7289
20,64,0.2500000000,0.0000000000,1.301350222678e-01,1.330000000000e-01,20000,20246,34.7504
20,65,0.2539062500,0.0039062500,1.230939120586e-01,1.246500000000e-01,20000,20246,34.7263
20,66,0.2578125000,0.0078125000,1.048574389613e-01,1.075500000000e-01,20000,20246,34.6566
20,67,0.2617187500,0.0117187500,8.043056511469e-02,8.095000000000e-02,20000,20246,34.5414
20,68,0.2656250000,0.0156250000,5.551260063084e-02,5.880000000000e-02,20000,20246,34.3804
20,69,0.2695312500,0.0195312500,3.442984109821e-02,3.290000000000e-02,20000,20246,34.1730
20,70,0.2734375000,0.0234375000,1.915080819604e-02,1.835000000000e-02,20000,20246,33.9182
20,71,0.2773437500,0.0273437500,9.527096791291e-03,8.550000000000e-03,20000,20246,33.6150
20,72,0.2812500000,0.0312500000,4.223745083218e-03,3.550000000000e-03,20000,20246,33.2617
20,73,0.2851562500,0.0351562500,1.661133974768e-03,1.400000000000e-03,20000,20246,32.8564
20,74,0.2890625000,0.0390625000,5.761833868686e-04,7.000000000000e-04,20000,20246,32.3966
20,75,0.2929687500,0.0429687500,1.749809656380e-04,1.500000000000e-04,20000,20246,31.8790
20,76,0.2968750000,0.0468750000,4.609806184365e-05,1.000000000000e-04,20000,20246,31.2997
20,77,0.3007812500,0.0507812500,1.041158650215e-05,0.000000000000e+00,20000,20246,30.6535
20,78,0.3046875000,0.0546875000,1.985417077111e-06,0.000000000000e+00,20000,20246,29.9339
20,79,0.3085937500,0.0585937500,3.132208111947e-07,0.000000000000e+00,20000,20246,29.1319
20,80,0.3125000000,0.0625000000,3.974812206558e-08,0.000000000000e+00,20000,20246,28.2353
20,81,0.3164062500,0.0664062500,3.894727854983e-09,0.000000000000e+00,20000,20246,27.2265
20,82,0.3203125000,0.0703125000,2.761711196530e-10,0.000000000000e+00,20000,20246,26.0772
20,83,0.3242187500,0.0742187500,1.259107884326e-11,0.000000000000e+00,20000,20246,24.7361
20,84,0.3281250000,0.0781250000,2.766382674827e-13,0.000000000000e+00,20000,20246,23.0779
21,43,0.1679687500,-0.0820312500,8.507180685278e-15,0.000000000000e+00,20000,20258,22.9356
21,44,0.1718750000,-0.0781250000,5.400126284996e-13,0.000000000000e+00,20000,20258,24.7382
21,45,0.1757812500,-0.0742187500,1.613033962310e-11,0.000000000000e+00,20000,20258,26.2134
21,46,0.1796875000,-0.0703125000,3.026510103221e-10,0.000000000000e+00,20000,20258,27.4867
21,47,0.1835937500,-0.0664062500,4.017611166538e-09,0.000000000000e+00,20000,20258,28.6097
21,48,0.1875000000,-0.0625000000,4.029696057953e-08,0.000000000000e+00,20000,20258,29.6110
21,49,0.1914062500,-0.0585937500,3.184953788159e-07,0.000000000000e+00,20000,20258,30.5089
21,50,0.1953125000,-0.0546875000,2.042673473417e-06,0.000000000000e+00,20000,20258,31.3160
21,51,0.1992187500,-0.0507812500,1.086406370896e-05,0.000000000000e+00,20000,20258,32.0418
21,52,0.2031250000,-0.0468750000,4.872629095730e-05,1.000000000000e-04,20000,20258,32.6935
21,53,0.2070312500,-0.0429687500,1.867674747768e-04,2.500000000000e-04,20000,20258,33.2771
21,54,0.2109375000,-0.0390625000,6.184576428010e-04,6.000000000000e-04,20000,20258,33.7971
21,55,0.2148437500,-0.0351562500,1.785134190388e-03,1.400000000000e-03,20000,20258,34.2574
21,56,0.2187500000,-0.0312500000,4.525014673575e-03,4.350000000000e-03,20000,20258,34.6614
21,57,0.2226562500,-0.0273437500,1.013612370971e-02,9.850000000000e-03,20000,20258,35.0116
21,58,0.2265625000,-0.0234375000,2.017013312409e-02,1.890000000000e-02,20000,20258,35.3105
21,59,0.2304687500,-0.0195312500,3.581341390316e-02,3.555000000000e-02,20000,20258,35.5598
21,60,0.2343750000,-0.0156250000,5.694814711037e-02,5.705000000000e-02,20000,20258,35.7613
21,61,0.2382812500,-0.0117187500,8.134397506387e-02,8.005000000000e-02,20000,20258,35.9161
21,62,0.2421875000,-0.0078125000,1.046269299262e-01,1.047000000000e-01,20000,20258,36.0254
21,63,0.2460937500,-0.0039062500,1.214114027970e-01,1.230500000000e-01,20000,20258,36.0900
21,64,0.2500000000,0.0000000000,1.272852087676e-01,1.303500000000e-01,20000,20258,36.1105
21,65,0.2539062500,0.0039062500,1.206676273094e-01,1.209500000000e-01,20000,20258,36.0874
21,66,0.2578125000,0.0078125000,1.034857796166e-01,1.043000000000e-01,20000,20258,36.0207
21,67,0.2617187500,0.0117187500,8.028228892352e-02,7.990000000000e-02,20000,20258,35.9104
21,68,0.2656250000,0.0156250000,5.630708722047e-02,5.705000000000e-02,20000,20258,35.7563
21,69,0.2695312500,0.0195312500,3.566454641851e-02,3.410000000000e-02,20000,20258,35.5580
21,70,0.2734375000,0.0234375000,2.036663815543e-02,2.030000000000e-02,20000,20258,35.3147
21,71,0.2773437500,0.0273437500,1.046203091300e-02,1.035000000000e-02,20000,20258,35.0254
21,72,0.2812500000,0.0312500000,4.819720213258e-03,4.350000000000e-03,20000,20258,34.6888
21,73,0.2851562500,0.0351562500,1.983686032739e-03,1.850000000000e-03,20000,20258,34.3032
21,74,0.2890625000,0.0390625000,7.259043154488e-04,4.000000000000e-04,20000,20258,33.8666
21,75,0.2929687500,0.0429687500,2.347649319360e-04,1.500000000000e-04,20000,20258,33.3764
21,76,0.2968750000,0.0468750000,6.660091954259e-05,1.000000000000e-04,20000,20258,32.8293
21,77,0.3007812500,0.0507812500,1.641861060054e-05,0.000000000000e+00,20000,20258,32.2211
21,78,0.3046875000,0.0546875000,3.475501887942e-06,0.000000000000e+00,20000,20258,31.5468
21,79,0.3085937500,0.0585937500,6.220475555768e-07,0.000000000000e+00,20000,20258,30.7996
21,80,0.3125000000,0.0625000000,9.222873034970e-08,0.000000000000e+00,20000,20258,29.9706
21,81,0.3164062500,0.0664062500,1.101293868084e-08,0.000000000000e+00,20000,20258,29.0477
21,82,0.3203125000,0.0703125000,1.016536442527e-09,0.000000000000e+00,20000,20258,28.0129
21,83,0.3242187500,0.0742187500,6.797340331918e-11,0.000000000000e+00,20000,20258,26.8381
21,84,0.3281250000,0.0781250000,2.925284091839e-12,0.000000000000e+00,20000,20258,25.4719
21,85,0.3320312500,0.0820312500,6.072547334986e-14,0.000000000000e+00,20000,20258,23.7891
22,42,0.1640625000,-0.0859375000,1.490056087442e-15,0.000000000000e+00,20000,20270,23.5276
22,43,0.1679687500,-0.0820312500,1.015837074497e-13,0.000000000000e+00,20000,20270,25.3613
22,44,0.1718750000,-0.0781250000,3.260820982368e-12,0.000000000000e+00,20000,20270,26.8678
22,45,0.1757812500,-0.0742187500,6.578798574269e-11,0.000000000000e+00,20000,20270,28.1726
22,46,0.1796875000,-0.0703125000,9.396124798142e-10,0.000000000000e+00,20000,20270,29.3274
22,47,0.1835937500,-0.0664062500,1.014575272572e-08,0.000000000000e+00,20000,20270,30.3607
22,48,0.1875000000,-0.0625000000,8.637804931762e-08,0.000000000000e+00,20000,20270,31.2908
22,49,0.1914062500,-0.0585937500,5.971064066577e-07,0.000000000000e+00,20000,20270,32.1305
22,50,0.1953125000,-0.0546875000,3.425112342265e-06,0.000000000000e+00,20000,20270,32.8891
22,51,0.1992187500,-0.0507812500,1.657954646270e-05,0.000000000000e+00,20000,20270,33.5740
22,52,0.2031250000,-0.0468750000,6.863755206924e-05,1.500000000000e-04,20000,20270,34.1910
22,53,0.2070312500,-0.0429687500,2.456867590798e-04,1.500000000000e-04,20000,20270,34.7448
22,54,0.2109375000,-0.0390625000,7.672870530140e-04,8.500000000000e-04,20000,20270,35.2394
22,55,0.2148437500,-0.0351562500,2.106583999848e-03,2.200000000000e-03,20000,20270,35.6780
22,56,0.2187500000,-0.0312500000,5.117060595814e-03,4.800000000000e-03,20000,20270,36.0634
22,57,0.2226562500,-0.0273437500,1.105696836582e-02,1.145000000000e-02,20000,20270,36.3981
22,58,0.2265625000,-0.0234375000,2.135112578485e-02,2.090000000000e-02,20000,20270,36.6839
22,59,0.2304687500,-0.0195312500,3.698810984640e-02,3.825000000000e-02,20000,20270,36.9225
22,60,0.2343750000,-0.0156250000,5.767358674300e-02,6.080000000000e-02,20000,20270,37.1154
22,61,0.2382812500,-0.0117187500,8.115959568832e-02,7.915000000000e-02,20000,20270,37.2638
22,62,0.2421875000,-0.0078125000,1.033010614265e-01,1.028500000000e-01,20000,20270,37.3685
22,63,0.2460937500,-0.0039062500,1.191298745859e-01,1.234500000000e-01,20000,20270,37.4305
22,64,0.2500000000,0.0000000000,1.246357726476e-01,1.194500000000e-01,20000,20270,37.4501
22,65,0.2539062500,0.0039062500,1.183965246427e-01,1.193500000000e-01,20000,20270,37.4278
22,66,0.2578125000,0.0078125000,1.021629339402e-01,1.018500000000e-01,20000,20270,37.3637
22,67,0.2617187500,0.0117187500,8.007643303579e-02,7.835000000000e-02,20000,20270,37.2579
22,68,0.2656250000,0.0156250000,5.698777619101e-02,5.700000000000e-02,20000,20270,37.1102
22,69,0.2695312500,0.0195312500,3.679031189508e-02,3.850000000000e-02,20000,20270,36.9202
22,70,0.2734375000,0.0234375000,2.151568557908e-02,2.035000000000e-02,20000,20270,36.6872
22,71,0.2773437500,0.0273437500,1.137647339318e-02,1.065000000000e-02,20000,20270,36.4104
22,72,0.2812500000,0.0312500000,5.424869609462e-03,5.350000000000e-03,20000,20270,36.0888
22,73,0.2851562500,0.0351562500,2.325405130847e-03,3.050000000000e-03,20000,20270,35.7209
22,74,0.2890625000,0.0390625000,8.924497473660e-04,6.500000000000e-04,20000,20270,35.3050
22,75,0.2929687500,0.0429687500,3.051227612999e-04,2.500000000000e-04,20000,20270,34.8389
22,76,0.2968750000,0.0468750000,9.236129179356e-05,1.500000000000e-04,20000,20270,34.3199
22,77,0.3007812500,0.0507812500,2.456455373319e-05,5.000000000000e-05,20000,20270,33.7447
22,78,0.3046875000,0.0546875000,5.685731889652e-06,0.000000000000e+00,20000,20270,33.1092
22,79,0.3085937500,0.0585937500,1.131574082892e-06,0.000000000000e+00,20000,20270,32.4081
22,80,0.3125000000,0.0625000000,1.906552969243e-07,0.000000000000e+00,20000,20270,31.6347
22,81,0.3164062500,0.0664062500,2.664104222748e-08,0.000000000000e+00,20000,20270,30.7800
22,82,0.3203125000,0.0703125000,3.001294891161e-09,0.000000000000e+00,20000,20270,29.8317
22,83,0.3242187500,0.0742187500,2.616230231441e-10,0.000000000000e+00,20000,20270,28.7721
22,84,0.3281250000,0.0781250000,1.653630304257e-11,0.000000000000e+00,20000,20270,27.5729
22,85,0.3320312500,0.0820312500,6.732708398514e-13,0.000000000000e+00,20000,20270,26.1826
22,86,0.3359375000,0.0859375000,1.323345345913e-14,0.000000000000e+00,20000,20270,24.4761
23,41,0.1601562500,-0.0898437500,2.554381864186e-16,0.000000000000e+00,20000,20282,24.0902
23,42,0.1640625000,-0.0859375000,1.867435598567e-14,0.000000000000e+00,20000,20282,25.9541
23,43,0.1679687500,-0.0820312500,6.431250738979e-13,0.000000000000e+00,20000,20282,27.4912
23,44,0.1718750000,-0.0781250000,1.392736765197e-11,0.000000000000e+00,20000,20282,28.8268
23,45,0.1757812500,-0.0742187500,2.136143483495e-10,0.000000000000e+00,20000,20282,30.0125
23,46,0.1796875000,-0.0703125000,2.478160774650e-09,0.000000000000e+00,20000,20282,31.0770
23,47,0.1835937500,-0.0664062500,2.267869014523e-08,0.000000000000e+00,20000,20282,32.0385
23,48,0.1875000000,-0.0625000000,1.685957050786e-07,0.000000000000e+00,20000,20282,32.9097
23,49,0.1914062500,-0.0585937500,1.040567737686e-06,0.000000000000e+00,20000,20282,33.7002
23,50,0.1953125000,-0.0546875000,5.422566171210e-06,0.000000000000e+00,20000,20282,34.4171
23,51,0.1992187500,-0.0507812500,2.418178084303e-05,5.000000000000e-05,20000,20282,35.0664
23,52,0.2031250000,-0.0468750000,9.330149814347e-05,2.000000000000e-04,20000,20282,35.6528
23,53,0.2070312500,-0.0429687500,3.143162237899e-04,3.500000000000e-04,20000,20282,36.1803
23,54,0.2109375000,-0.0390625000,9.316533952180e-04,8.000000000000e-04,20000,20282,36.6522
23,55,0.2148437500,-0.0351562500,2.445556930246e-03,2.150000000000e-03,20000,20282,37.0713
23,56,0.2187500000,-0.0312500000,5.716732546339e-03,5.400000000000e-03,20000,20282,37.4400
23,57,0.2226562500,-0.0273437500,1.195710426228e-02,1.180000000000e-02,20000,20282,37.7605
23,58,0.2265625000,-0.0234375000,2.246848470411e-02,2.210000000000e-02,20000,20282,38.0345
23,59,0.2304687500,-0.0195312500,3.806194278287e-02,3.745000000000e-02,20000,20282,38.2634
23,60,0.2343750000,-0.0156250000,5.829679793249e-02,5.990000000000e-02,20000,20282,38.4485
23,61,0.2382812500,-0.0117187500,8.092675371774e-02,7.840000000000e-02,20000,20282,38.5910
23,62,0.2421875000,-0.0078125000,1.020228307183e-01,1.026500000000e-01,20000,20282,38.6916
23,63,0.2460937500,-0.0039062500,1.169888447430e-01,1.191500000000e-01,20000,20282,38.7510
23,64,0.2500000000,0.0000000000,1.221648339059e-01,1.166000000000e-01,20000,20282,38.7698
23,65,0.2539062500,0.0039062500,1.162652514424e-01,1.223500000000e-01,20000,20282,38.7483
23,66,0.2578125000,0.0078125000,1.008880739451e-01,9.975000000000e-02,20000,20282,38.6867
23,67,0.2617187500,0.0117187500,7.982452069486e-02,8.365000000000e-02,20000,20282,38.5850
23,68,0.2656250000,0.0156250000,5.756945658038e-02,5.605000000000e-02,20000,20282,38.4431
23,69,0.2695312500,0.0195312500,3.781680772108e-02,3.625000000000e-02,20000,20282,38.2606
23,70,0.2734375000,0.0234375000,2.259985130941e-02,2.245000000000e-02,20000,20282,38.0370
23,71,0.2773437500,0.0273437500,1.226712134061e-02,1.215000000000e-02,20000,20282,37.7716
23,72,0.2812500000,0.0312500000,6.034758942934e-03,5.700000000000e-03,20000,20282,37.4636
23,73,0.2851562500,0.0351562500,2.683289265746e-03,2.650000000000e-03,20000,20282,37.1116
23,74,0.2890625000,0.0390625000,1.074689890905e-03,1.050000000000e-03,20000,20282,36.7142
23,75,0.2929687500,0.0429687500,3.860834571194e-04,6.500000000000e-04,20000,20282,36.2696
23,76,0.2968750000,0.0468750000,1.237723575675e-04,2.500000000000e-04,20000,20282,35.7755
23,77,0.3007812500,0.0507812500,3.518578199335e-05,5.000000000000e-05,20000,20282,35.2293
23,78,0.3046875000,0.0546875000,8.801033083187e-06,0.000000000000e+00,20000,20282,34.6274
23,79,0.3085937500,0.0585937500,1.918341189428e-06,0.000000000000e+00,20000,20282,33.9658
23,80,0.3125000000,0.0625000000,3.599619942533e-07,0.000000000000e+00,20000,20282,33.2392
23,81,0.3164062500,0.0664062500,5.724440868650e-08,0.000000000000e+00,20000,20282,32.4406
23,82,0.3203125000,0.0703125000,7.557596455052e-09,0.000000000000e+00,20000,20282,31.5613
23,83,0.3242187500,0.0742187500,8.051802992620e-10,0.000000000000e+00,20000,20282,30.5888
23,84,0.3281250000,0.0781250000,6.643342877219e-11,0.000000000000e+00,20000,20282,29.5053
23,85,0.3320312500,0.0820312500,3.977634069943e-12,0.000000000000e+00,20000,20282,28.2825
23,86,0.3359375000,0.0859375000,1.535257282881e-13,0.000000000000e+00,20000,20282,26.8691
23,87,0.3398437500,0.0898437500,2.862747074833e-15,0.000000000000e+00,20000,20282,25.1397
24,40,0.1562500000,-0.0937500000,4.283421530946e-17,0.000000000000e+00,20000,20294,24.6238
24,41,0.1601562500,-0.0898437500,3.353605637643e-15,0.000000000000e+00,20000,20294,26.5175
24,42,0.1640625000,-0.0859375000,1.237327127830e-13,0.000000000000e+00,20000,20294,28.0845
24,43,0.1679687500,-0.0820312500,2.871718241537e-12,0.000000000000e+00,20000,20294,29.4501
24,44,0.1718750000,-0.0781250000,4.722225998679e-11,0.000000000000e+00,20000,20294,30.6661
24,45,0.1757812500,-0.0742187500,5.875551012889e-10,0.000000000000e+00,20000,20294,31.7610
24,46,0.1796875000,-0.0703125000,5.768993286918e-09,0.000000000000e+00,20000,20294,32.7531
24,47,0.1835937500,-0.0664062500,4.603152581784e-08,0.000000000000e+00,20000,20294,33.6551
24,48,0.1875000000,-0.0625000000,3.050544122399e-07,0.000000000000e+00,20000,20294,34.4764
24,49,0.1914062500,-0.0585937500,1.707627906040e-06,0.000000000000e+00,20000,20294,35.2244
24,50,0.1953125000,-0.0546875000,8.183870454524e-06,0.000000000000e+00,20000,20294,35.9050
24,51,0.1992187500,-0.0507812500,3.395196171108e-05,0.000000000000e+00,20000,20294,36.5229
24,52,0.2031250000,-0.0468750000,1.230556754679e-04,1.000000000000e-04,20000,20294,37.0821
24,53,0.2070312500,-0.0429687500,3.926774351559e-04,3.500000000000e-04,20000,20294,37.5860
24,54,0.2109375000,-0.0390625000,1.110544250579e-03,1.400000000000e-03,20000,20294,38.0375
24,55,0.2148437500,-0.0351562500,2.799370456762e-03,2.600000000000e-03,20000,20294,38.4391
24,56,0.2187500000,-0.0312500000,6.320122470648e-03,5.250000000000e-03,20000,20294,38.7927
24,57,0.2226562500,-0.0273437500,1.283377048757e-02,1.285000000000e-02,20000,20294,39.1003
24,58,0.2265625000,-0.0234375000,2.352421011182e-02,2.440000000000e-02,20000,20294,39.3635
24,59,0.2304687500,-0.0195312500,3.904372064421e-02,3.710000000000e-02,20000,20294,39.5835
24,60,0.2343750000,-0.0156250000,5.883073007734e-02,5.535000000000e-02,20000,20294,39.7616
24,61,0.2382812500,-0.0117187500,8.065511521417e-02,8.005000000000e-02,20000,20294,39.8986
24,62,0.2421875000,-0.0078125000,1.007910775327e-01,1.065000000000e-01,20000,20294,39.9954
24,63,0.2460937500,-0.0039062500,1.149749308237e-01,1.144000000000e-01,20000,20294,40.0526
24,64,0.2500000000,0.0000000000,1.198537099547e-01,1.211000000000e-01,20000,20294,40.0706
24,65,0.2539062500,0.0039062500,1.142604841334e-01,1.105000000000e-01,20000,20294,40.0499
24,66,0.2578125000,0.0078125000,9.965994102400e-02,1.027000000000e-01,20000,20294,39.9905
24,67,0.2617187500,0.0117187500,7.953590000524e-02,8.025000000000e-02,20000,20294,39.8926
24,68,0.2656250000,0.0156250000,5.806480881611e-02,5.725000000000e-02,20000,20294,39.7559
24,69,0.2695312500,0.0195312500,3.875292727260e-02,3.840000000000e-02,20000,20294,39.5803
24,70,0.2734375000,0.0234375000,2.362154845358e-02,2.370000000000e-02,20000,20294,39.3653
24,71,0.2773437500,0.0273437500,1.313162468418e-02,1.395000000000e-02,20000,20294,39.1103
24,72,0.2812500000,0.0312500000,6.645607132580e-03,6.250000000000e-03,20000,20294,38.8145
24,73,0.2851562500,0.0351562500,3.054498067888e-03,3.300000000000e-03,20000,20294,38.4769
24,74,0.2890625000,0.0390625000,1.271364052025e-03,1.550000000000e-03,20000,20294,38.0963
24,75,0.2929687500,0.0429687500,4.775011770703e-04,6.000000000000e-04,20000,20294,37.6710
24,76,0.2968750000,0.0468750000,1.611256933559e-04,5.000000000000e-05,20000,20294,37.1992
24,77,0.3007812500,0.0507812500,4.858979549753e-05,5.000000000000e-05,20000,20294,36.6785
24,78,0.3046875000,0.0546875000,1.301123071791e-05,0.000000000000e+00,20000,20294,36.1063
24,79,0.3085937500,0.0585937500,3.069426277842e-06,0.000000000000e+00,20000,20294,35.4791
24,80,0.3125000000,0.0625000000,6.317118768514e-07,0.000000000000e+00,20000,20294,34.7925
24,81,0.3164062500,0.0664062500,1.120405465655e-07,0.000000000000e+00,20000,20294,34.0414
24,82,0.3203125000,0.0703125000,1.685757363400e-08,0.000000000000e+00,20000,20294,33.2188
24,83,0.3242187500,0.0742187500,2.107527694721e-09,0.000000000000e+00,20000,20294,32.3158
24,84,0.3281250000,0.0781250000,2.127965293152e-10,0.000000000000e+00,20000,20294,31.3200
24,85,0.3320312500,0.0820312500,1.665206443471e-11,0.000000000000e+00,20000,20294,30.2135
24,86,0.3359375000,0.0859375000,9.462861148467e-13,0.000000000000e+00,20000,20294,28.9680
24,87,0.3398437500,0.0898437500,3.468831621641e-14,0.000000000000e+00,20000,20294,27.5322
24,88,0.3437500000,0.0937500000,6.147002921421e-16,0.000000000000e+00,20000,20294,25.7807
25,39,0.1523437500,-0.0976562500,7.022002509747e-18,0.000000000000e+00,20000,20306,25.1289
25,40,0.1562500000,-0.0937500000,5.880927101913e-16,0.000000000000e+00,20000,20306,27.0519
25,41,0.1601562500,-0.0898437500,2.321665636193e-14,0.000000000000e+00,20000,20306,28.6483
25,42,0.1640625000,-0.0859375000,5.767090799740e-13,0.000000000000e+00,20000,20306,30.0434
25,43,0.1679687500,-0.0820312500,1.015266086179e-11,0.000000000000e+00,20000,20306,31.2891
25,44,0.1718750000,-0.0781250000,1.352751528393e-10,0.000000000000e+00,20000,20306,32.4137
25,45,0.1757812500,-0.0742187500,1.422737687282e-09,0.000000000000e+00,20000,20306,33.4356
25,46,0.1796875000,-0.0703125000,1.216347049801e-08,0.000000000000e+00,20000,20306,34.3675
25,47,0.1835937500,-0.0664062500,8.639420549347e-08,0.000000000000e+00,20000,20306,35.2190
25,48,0.1875000000,-0.0625000000,5.184933350942e-07,0.000000000000e+00,20000,20306,35.9972
25,49,0.1914062500,-0.0585937500,2.665034186608e-06,0.000000000000e+00,20000,20306,36.7082
25,50,0.1953125000,-0.0546875000,1.186242136911e-05,5.000000000000e-05,20000,20306,37.3566
25,51,0.1992187500,-0.0507812500,4.614970259860e-05,1.500000000000e-04,20000,20306,37.9466
25,52,0.2031250000,-0.0468750000,1.581560065900e-04,2.000000000000e-04,20000,20306,38.4816
25,53,0.2070312500,-0.0429687500,4.806474023541e-04,4.000000000000e-04,20000,20306,38.9643
25,54,0.2109375000,-0.0390625000,1.302839427273e-03,9.500000000000e-04,20000,20306,39.3974
25,55,0.2148437500,-0.0351562500,3.165486535674e-03,3.400000000000e-03,20000,20306,39.7829
25,56,0.2187500000,-0.0312500000,6.923886327342e-03,8.700000000000e-03,20000,20306,40.1228
25,57,0.2226562500,-0.0273437500,1.368500760222e-02,1.325000000000e-02,20000,20306,40.4187
25,58,0.2265625000,-0.0234375000,2.452069359526e-02,2.455000000000e-02,20000,20306,40.6720
25,59,0.2304687500,-0.0195312500,3.994153373555e-02,3.860000000000e-02,20000,20306,40.8839
25,60,0.2343750000,-0.0156250000,5.928653276267e-02,5.765000000000e-02,20000,20306,41.0554
25,61,0.2382812500,-0.0117187500,8.035256710040e-02,8.120000000000e-02,20000,20306,41.1875
25,62,0.2421875000,-0.0078125000,9.960435103685e-02,9.945000000000e-02,20000,20306,41.2808
25,63,0.2460937500,-0.0039062500,1.130764562579e-01,1.159000000000e-01,20000,20306,41.3358
25,64,0.2500000000,0.0000000000,1.176863394526e-01,1.129000000000e-01,20000,20306,41.3532
25,65,0.2539062500,0.0039062500,1.123705982608e-01,1.137500000000e-01,20000,20306,41.3331
25,66,0.2578125000,0.0078125000,9.847700690109e-02,9.840000000000e-02,20000,20306,41.2758
25,67,0.2617187500,0.0117187500,7.921818748226e-02,7.920000000000e-02,20000,20306,41.1813
25,68,0.2656250000,0.0156250000,5.848473257703e-02,5.955000000000e-02,20000,20306,41.0495
25,69,0.2695312500,0.0195312500,3.960679961703e-02,3.935000000000e-02,20000,20306,40.8802
25,70,0.2734375000,0.0234375000,2.458350606629e-02,2.365000000000e-02,20000,20306,40.6731
25,71,0.2773437500,0.0273437500,1.396840026807e-02,1.440000000000e-02,20000,20306,40.4276
25,72,0.2812500000,0.0312500000,7.254226692938e-03,7.750000000000e-03,20000,20306,40.1431
25,73,0.2851562500,0.0351562500,3.436391534872e-03,4.300000000000e-03,20000,20306,39.8186
25,74,0.2890625000,0.0390625000,1.481138457103e-03,1.550000000000e-03,20000,20306,39.4531
25,75,0.2929687500,0.0429687500,5.790857983795e-04,5.000000000000e-04,20000,20306,39.0452
25,76,0.2968750000,0.0468750000,2.046141067663e-04,2.000000000000e-04,20000,20306,38.5934
25,77,0.3007812500,0.0507812500,6.504754657543e-05,5.000000000000e-05,20000,20306,38.0957
25,78,0.3046875000,0.0546875000,1.850473559016e-05,0.000000000000e+00,20000,20306,37.5498
25,79,0.3085937500,0.0585937500,4.680023855186e-06,0.000000000000e+00,20000,20306,36.9527
25,80,0.3125000000,0.0625000000,1.043892770591e-06,0.000000000000e+00,20000,20306,36.3011
25,81,0.3164062500,0.0664062500,2.033405902403e-07,0.000000000000e+00,20000,20306,35.5907
25,82,0.3203125000,0.0703125000,3.416547458200e-08,0.000000000000e+00,20000,20306,34.8161
25,83,0.3242187500,0.0742187500,4.873961322841e-09,0.000000000000e+00,20000,20306,33.9704
25,84,0.3281250000,0.0781250000,5.781927765985e-10,0.000000000000e+00,20000,20306,33.0445
25,85,0.3320312500,0.0820312500,5.543540491214e-11,0.000000000000e+00,20000,20306,32.0263
25,86,0.3359375000,0.0859375000,4.121941638338e-12,0.000000000000e+00,20000,20306,30.8976
25,87,0.3398437500,0.0898437500,2.227077552094e-13,0.000000000000e+00,20000,20306,29.6302
25,88,0.3437500000,0.0937500000,7.766529452241e-15,0.000000000000e+00,20000,20306,28.1727
25,89,0.3476562500,0.0976562500,1.310017016041e-16,0.000000000000e+00,20000,20306,26.3998
26,38,0.1484375000,-0.1015625000,1.124673913265e-18,0.000000000000e+00,20000,20318,25.6061
26,39,0.1523437500,-0.0976562500,1.006583152373e-16,0.000000000000e+00,20000,20318,27.5579
26,40,0.1562500000,-0.0937500000,4.247354464154e-15,0.000000000000e+00,20000,20318,29.1831
26,41,0.1601562500,-0.0898437500,1.127897078402e-13,0.000000000000e+00,20000,20318,30.6073
26,42,0.1640625000,-0.0859375000,2.123079276900e-12,0.000000000000e+00,20000,20318,31.8820
26,43,0.1679687500,-0.0820312500,3.025229946122e-11,0.000000000000e+00,20000,20318,33.0358
26,44,0.1718750000,-0.0781250000,3.403303845450e-10,0.000000000000e+00,20000,20318,34.0869
26,45,0.1757812500,-0.0742187500,3.112812869251e-09,0.000000000000e+00,20000,20318,35.0482
26,46,0.1796875000,-0.0703125000,2.365858155896e-08,0.000000000000e+00,20000,20318,35.9290
26,47,0.1835937500,-0.0664062500,1.519681987657e-07,0.000000000000e+00,20000,20318,36.7368
26,48,0.1875000000,-0.0625000000,8.362308454359e-07,0.000000000000e+00,20000,20318,37.4774
26,49,0.1914062500,-0.0585937500,3.985975741859e-06,0.000000000000e+00,20000,20318,38.1556
26,50,0.1953125000,-0.0546875000,1.661162823005e-05,0.000000000000e+00,20000,20318,38.7754
26,51,0.1992187500,-0.0507812500,6.100700487003e-05,0.000000000000e+00,20000,20318,39.3404
26,52,0.2031250000,-0.0468750000,1.987784944602e-04,1.500000000000e-04,20000,20318,39.8534
26,53,0.2070312500,-0.0429687500,5.779824284146e-04,4.000000000000e-04,20000,20318,40.3169
26,54,0.2109375000,-0.0390625000,1.507357259254e-03,1.550000000000e-03,20000,20318,40.7332
26,55,0.2148437500,-0.0351562500,3.541541938902e-03,3.550000000000e-03,20000,20318,41.1042
26,56,0.2187500000,-0.0312500000,7.525192693093e-03,9.150000000000e-03,20000,20318,41.4315
26,57,0.2226562500,-0.0273437500,1.450950428741e-02,1.415000000000e-02,20000,20318,41.7167
26,58,0.2265625000,-0.0234375000,2.546056316162e-02,2.600000000000e-02,20000,20318,41.9609
26,59,0.2304687500,-0.0195312500,4.076277681030e-02,4.070000000000e-02,20000,20318,42.1653
26,60,0.2343750000,-0.0156250000,5.967382959638e-02,6.005000000000e-02,20000,20318,42.3308
26,61,0.2382812500,-0.0117187500,8.002556967218e-02,8.230000000000e-02,20000,20318,42.4583
26,62,0.2421875000,-0.0078125000,9.846102653183e-02,9.770000000000e-02,20000,20318,42.5483
26,63,0.2460937500,-0.0039062500,1.112831823420e-01,1.094500000000e-01,20000,20318,42.6015
26,64,0.2500000000,0.0000000000,1.156488280980e-01,1.121500000000e-01,20000,20318,42.6182
26,65,0.2539062500,0.0039062500,1.105854014038e-01,1.094000000000e-01,20000,20318,42.5987
26,66,0.2578125000,0.0078125000,9.733758571593e-02,1.011000000000e-01,20000,20318,42.5433
26,67,0.2617187500,0.0117187500,7.887761260569e-02,7.840000000000e-02,20000,20318,42.4520
26,68,0.2656250000,0.0156250000,5.883862120520e-02,5.905000000000e-02,20000,20318,42.3247
26,69,0.2695312500,0.0195312500,4.038582424288e-02,3.975000000000e-02,20000,20318,42.1613
26,70,0.2734375000,0.0234375000,2.548862629883e-02,2.540000000000e-02,20000,20318,41.9614
26,71,0.2773437500,0.0273437500,1.477647705082e-02,1.520000000000e-02,20000,20318,41.7246
26,72,0.2812500000,0.0312500000,7.857960072312e-03,8.150000000000e-03,20000,20318,41.4503
26,73,0.2851562500,0.0351562500,3.826550310220e-03,3.650000000000e-03,20000,20318,41.1378
26,74,0.2890625000,0.0390625000,1.702652065829e-03,1.400000000000e-03,20000,20318,40.7862
26,75,0.2929687500,0.0429687500,6.904323362159e-04,7.000000000000e-04,20000,20318,40.3942
26,76,0.2968750000,0.0468750000,2.543381222836e-04,3.000000000000e-04,20000,20318,39.9604
26,77,0.3007812500,0.0507812500,8.478861909304e-05,1.000000000000e-04,20000,20318,39.4834
26,78,0.3046875000,0.0546875000,2.546300639824e-05,1.000000000000e-04,20000,20318,38.9609
26,79,0.3085937500,0.0585937500,6.850746744205e-06,0.000000000000e+00,20000,20318,38.3908
26,80,0.3125000000,0.0625000000,1.640355791159e-06,0.000000000000e+00,20000,20318,37.7700
26,81,0.3164062500,0.0664062500,3.467381143370e-07,0.000000000000e+00,20000,20318,37.0950
26,82,0.3203125000,0.0703125000,6.406355809934e-08,0.000000000000e+00,20000,20318,36.3616
26,83,0.3242187500,0.0742187500,1.021807029004e-08,0.000000000000e+00,20000,20318,35.5644
26,84,0.3281250000,0.0781250000,1.384782270413e-09,0.000000000000e+00,20000,20318,34.6964
26,85,0.3320312500,0.0820312500,1.561661139390e-10,0.000000000000e+00,20000,20318,33.7486
26,86,0.3359375000,0.0859375000,1.424258918233e-11,0.000000000000e+00,20000,20318,32.7086
26,87,0.3398437500,0.0898437500,1.007959570145e-12,0.000000000000e+00,20000,20318,31.5585
26,88,0.3437500000,0.0937500000,5.186212260207e-14,0.000000000000e+00,20000,20318,30.2699
26,89,0.3476562500,0.0976562500,1.723196920894e-15,0.000000000000e+00,20000,20318,28.7914
26,90,0.3515625000,0.1015625000,2.770672539059e-17,0.000000000000e+00,20000,20318,26.9976
27,37,0.1445312500,-0.1054687500,1.758749329386e-19,0.000000000000e+00,20000,20330,26.0555
27,38,0.1484375000,-0.1015625000,1.680762681491e-17,0.000000000000e+00,20000,20330,28.0358
27,39,0.1523437500,-0.0976562500,7.573429168162e-16,0.000000000000e+00,20000,20330,29.6896
27,40,0.1562500000,-0.0937500000,2.147841970570e-14,0.000000000000e+00,20000,20330,31.1423
27,41,0.1601562500,-0.0898437500,4.318187335945e-13,0.000000000000e+00,20000,20330,32.4456
27,42,0.1640625000,-0.0859375000,6.572660440578e-12,0.000000000000e+00,20000,20330,33.6280
27,43,0.1679687500,-0.0820312500,7.899104070313e-11,0.000000000000e+00,20000,20330,34.7079
27,44,0.1718750000,-0.0781250000,7.719226822733e-10,0.000000000000e+00,20000,20330,35.6979
27,45,0.1757812500,-0.0742187500,6.269124178312e-09,0.000000000000e+00,20000,20330,36.6075
27,46,0.1796875000,-0.0703125000,4.303568423853e-08,0.000000000000e+00,20000,20330,37.4441
27,47,0.1835937500,-0.0664062500,2.531221733254e-07,0.000000000000e+00,20000,20330,38.2136
27,48,0.1875000000,-0.0625000000,1.289882151736e-06,0.000000000000e+00,20000,20330,38.9209
27,49,0.1914062500,-0.0585937500,5.748297866484e-06,0.000000000000e+00,20000,20330,39.5698
27,50,0.1953125000,-0.0546875000,2.258081744575e-05,5.000000000000e-05,20000,20330,40.1640
27,51,0.1992187500,-0.0507812500,7.872423588556e-05,1.000000000000e-04,20000,20330,40.7064
27,52,0.2031250000,-0.0468750000,2.450237168635e-04,2.500000000000e-04,20000,20330,41.1995
27,53,0.2070312500,-0.0429687500,6.843412497313e-04,6.000000000000e-04,20000,20330,41.6456
27,54,0.2109375000,-0.0390625000,1.722891718309e-03,1.250000000000e-03,20000,20330,42.0466
27,55,0.2148437500,-0.0351562500,3.925364315452e-03,4.300000000000e-03,20000,20330,42.4042
27,56,0.2187500000,-0.0312500000,8.121668783775e-03,8.150000000000e-03,20000,20330,42.7199
27,57,0.2226562500,-0.0273437500,1.530646920824e-02,1.470000000000e-02,20000,20330,42.9952
27,58,0.2265625000,-0.0234375000,2.634656988186e-02,2.715000000000e-02,20000,20330,43.2310
27,59,0.2304687500,-0.0195312500,4.151418619995e-02,4.280000000000e-02,20000,20330,43.4285
27,60,0.2343750000,-0.0156250000,6.000094801062e-02,6.175000000000e-02,20000,20330,43.5885
27,61,0.2382812500,-0.0117187500,7.967943269875e-02,7.925000000000e-02,20000,20330,43.7116
27,62,0.2421875000,-0.0078125000,9.735938693781e-02,9.835000000000e-02,20000,20330,43.7987
27,63,0.2460937500,-0.0039062500,1.095860896389e-01,1.093000000000e-01,20000,20330,43.8501
27,64,0.2500000000,0.0000000000,1.137290870103e-01,1.155500000000e-01,20000,20330,43.8662
27,65,0.2539062500,0.0039062500,1.088959153584e-01,1.103000000000e-01,20000,20330,43.8473
27,66,0.2578125000,0.0078125000,9.623991199698e-02,9.360000000000e-02,20000,20330,43.7937
27,67,0.2617187500,0.0117187500,7.851928741372e-02,7.925000000000e-02,20000,20330,43.7053
27,68,0.2656250000,0.0156250000,5.913459116353e-02,5.805000000000e-02,20000,20330,43.5821
27,69,0.2695312500,0.0195312500,4.109671772272e-02,4.030000000000e-02,20000,20330,43.4241
27,70,0.2734375000,0.0234375000,2.633988149592e-02,2.460000000000e-02,20000,20330,43.2309
27,71,0.2773437500,0.0273437500,1.555536846201e-02,1.425000000000e-02,20000,20330,43.0022
27,72,0.2812500000,0.0312500000,8.454616576451e-03,8.450000000000e-03,20000,20330,42.7374
27,73,0.2851562500,0.0351562500,4.222782731613e-03,4.150000000000e-03,20000,20330,42.4359
27,74,0.2890625000,0.0390625000,1.934551801483e-03,2.300000000000e-03,20000,20330,42.0969
27,75,0.2929687500,0.0429687500,8.110479472902e-04,6.000000000000e-04,20000,20330,41.7193
27,76,0.2968750000,0.0468750000,3.103147603723e-04,4.500000000000e-04,20000,20330,41.3021
27,77,0.3007812500,0.0507812500,1.079988723619e-04,5.000000000000e-05,20000,20330,40.8437
27,78,0.3046875000,0.0546875000,3.405598058642e-05,1.000000000000e-04,20000,20330,40.3425
27,79,0.3085937500,0.0585937500,9.684872337303e-06,0.000000000000e+00,20000,20330,39.7964
27,80,0.3125000000,0.0625000000,2.469973054475e-06,0.000000000000e+00,20000,20330,39.2030
27,81,0.3164062500,0.0664062500,5.611358185497e-07,0.000000000000e+00,20000,20330,38.5594
27,82,0.3203125000,0.0703125000,1.126364549580e-07,0.000000000000e+00,20000,20330,37.8620
27,83,0.3242187500,0.0742187500,1.977772582748e-08,0.000000000000e+00,20000,20330,37.1065
27,84,0.3281250000,0.0781250000,3.000084764819e-09,0.000000000000e+00,20000,20330,36.2874
27,85,0.3320312500,0.0820312500,3.869281229982e-10,0.000000000000e+00,20000,20330,35.3979
27,86,0.3359375000,0.0859375000,4.155089977777e-11,0.000000000000e+00,20000,20330,34.4289
27,87,0.3398437500,0.0898437500,3.610492629981e-12,0.000000000000e+00,20000,20330,33.3679
27,88,0.3437500000,0.0937500000,2.435704455517e-13,0.000000000000e+00,20000,20330,32.1969
27,89,0.3476562500,0.0976562500,1.195196998500e-14,0.000000000000e+00,20000,20330,30.8877
27,90,0.3515625000,0.1015625000,3.788976890793e-16,0.000000000000e+00,20000,20330,29.3888
27,91,0.3554687500,0.1054687500,5.814991748643e-18,0.000000000000e+00,20000,20330,27.5749
28,36,0.1406250000,-0.1093750000,2.683452585043e-20,0.000000000000e+00,20000,20342,26.4776
28,37,0.1445312500,-0.1054687500,2.736396379289e-18,0.000000000000e+00,20000,20342,28.4861
28,38,0.1484375000,-0.1015625000,1.315674329008e-16,0.000000000000e+00,20000,20342,30.1680
28,39,0.1523437500,-0.0976562500,3.981503425085e-15,0.000000000000e+00,20000,20342,31.6489
28,40,0.1562500000,-0.0937500000,8.541701963824e-14,0.000000000000e+00,20000,20342,32.9804
28,41,0.1601562500,-0.0898437500,1.387375801421e-12,0.000000000000e+00,20000,20342,34.1911
28,42,0.1640625000,-0.0859375000,1.779323621520e-11,0.000000000000e+00,20000,20342,35.2991
28,43,0.1679687500,-0.0820312500,1.855633575353e-10,0.000000000000e+00,20000,20342,36.3174
28,44,0.1718750000,-0.0781250000,1.608377087408e-09,0.000000000000e+00,20000,20342,37.2553
28,45,0.1757812500,-0.0742187500,1.178418666488e-08,0.000000000000e+00,20000,20342,38.1202
28,46,0.1796875000,-0.0703125000,7.398211890571e-08,0.000000000000e+00,20000,20342,38.9180
28,47,0.1835937500,-0.0664062500,4.024569256025e-07,0.000000000000e+00,20000,20342,39.6536
28,48,0.1875000000,-0.0625000000,1.914886791376e-06,0.000000000000e+00,20000,20342,40.3310
28,49,0.1914062500,-0.0585937500,8.032627096256e-06,0.000000000000e+00,20000,20342,40.9537
28,50,0.1953125000,-0.0546875000,2.991173925586e-05,0.000000000000e+00,20000,20342,41.5247
28,51,0.1992187500,-0.0507812500,9.946788619019e-05,5.000000000000e-05,20000,20342,42.0466
28,52,0.2031250000,-0.0468750000,2.969231609172e-04,2.500000000000e-04,20000,20342,42.5215
28,53,0.2070312500,-0.0429687500,7.993065022647e-04,7.000000000000e-04,20000,20342,42.9516
28,54,0.2109375000,-0.0390625000,1.948241355770e-03,2.000000000000e-03,20000,20342,43.3385
28,55,0.2148437500,-0.0351562500,4.314977884722e-03,3.850000000000e-03,20000,20342,43.6839
28,56,0.2187500000,-0.0312500000,8.711347266598e-03,7.850000000000e-03,20000,20342,43.9890
28,57,0.2226562500,-0.0273437500,1.607552487131e-02,1.475000000000e-02,20000,20342,44.2551
28,58,0.2265625000,-0.0234375000,2.718150582329e-02,2.685000000000e-02,20000,20342,44.4832
28,59,0.2304687500,-0.0195312500,4.220188469591e-02,4.070000000000e-02,20000,20342,44.6742
28,60,0.2343750000,-0.0156250000,6.027511206570e-02,6.170000000000e-02,20000,20342,44.8290
28,61,0.2382812500,-0.0117187500,7.931853313945e-02,8.200000000000e-02,20000,20342,44.9483
28,62,0.2421875000,-0.0078125000,9.629767948504e-02,9.925000000000e-02,20000,20342,45.0325
28,63,0.2460937500,-0.0039062500,1.079771984413e-01,1.060000000000e-01,20000,20342,45.0822
28,64,0.2500000000,0.0000000000,1.119165421954e-01,1.086500000000e-01,20000,20342,45.0978
28,65,0.2539062500,0.0039062500,1.072941972649e-01,1.069500000000e-01,20000,20342,45.0795
28,66,0.2578125000,0.0078125000,9.518219465761e-02,9.635000000000e-02,20000,20342,45.0274
28,67,0.2617187500,0.0117187500,7.814741888531e-02,7.855000000000e-02,20000,20342,44.9418
28,68,0.2656250000,0.0156250000,5.937967396238e-02,6.225000000000e-02,20000,20342,44.8225
28,69,0.2695312500,0.0195312500,4.174556576768e-02,4.205000000000e-02,20000,20342,44.6695
28,70,0.2734375000,0.0234375000,2.714024104461e-02,2.575000000000e-02,20000,20342,44.4825
28,71,0.2773437500,0.0273437500,1.630496792735e-02,1.605000000000e-02,20000,20342,44.2612
28,72,0.2812500000,0.0312500000,9.042412575646e-03,9.700000000000e-03,20000,20342,44.0052
28,73,0.2851562500,0.0351562500,4.623122689884e-03,4.900000000000e-03,20000,20342,43.7138
28,74,0.2890625000,0.0390625000,2.175518799181e-03,1.650000000000e-03,20000,20342,43.3864
28,75,0.2929687500,0.0429687500,9.403758695696e-04,7.500000000000e-04,20000,20342,43.0222
28,76,0.2968750000,0.0468750000,3.724875401082e-04,4.500000000000e-04,20000,20342,42.6200
28,77,0.3007812500,0.0507812500,1.348200902429e-04,0.000000000000e+00,20000,20342,42.1786
28,78,0.3046875000,0.0546875000,4.443853648431e-05,0.000000000000e+00,20000,20342,41.6966
28,79,0.3085937500,0.0585937500,1.328570885234e-05,0.000000000000e+00,20000,20342,41.1723
28,80,0.3125000000,0.0625000000,3.585600970809e-06,0.000000000000e+00,20000,20342,40.6034
28,81,0.3164062500,0.0664062500,8.686173984339e-07,0.000000000000e+00,20000,20342,39.9877
28,82,0.3203125000,0.0703125000,1.875995639078e-07,0.000000000000e+00,20000,20342,39.3221
28,83,0.3242187500,0.0742187500,3.582608676023e-08,0.000000000000e+00,20000,20342,38.6031
28,84,0.3281250000,0.0781250000,5.988997699678e-09,0.000000000000e+00,20000,20342,37.8262
28,85,0.3320312500,0.0820312500,8.654527375760e-10,0.000000000000e+00,20000,20342,36.9861
28,86,0.3359375000,0.0859375000,1.063953630330e-10,0.000000000000e+00,20000,20342,36.0758
28,87,0.3398437500,0.0898437500,1.089642406919e-11,0.000000000000e+00,20000,20342,35.0862
28,88,0.3437500000,0.0937500000,9.034207450097e-13,0.000000000000e+00,20000,20342,34.0048
28,89,0.3476562500,0.0976562500,5.817812083040e-14,0.000000000000e+00,20000,20342,32.8136
28,90,0.3515625000,0.1015625000,2.726230180660e-15,0.000000000000e+00,20000,20342,31.4844
28,91,0.3554687500,0.1054687500,8.256512480656e-17,0.000000000000e+00,20000,20342,29.9657
28,92,0.3593750000,0.1093750000,1.210957044563e-18,0.000000000000e+00,20000,20342,28.1320
29,35,0.1367187500,-0.1132812500,3.991912936428e-21,0.000000000000e+00,20000,20354,26.8725
29,36,0.1406250000,-0.1093750000,4.341205318365e-19,0.000000000000e+00,20000,20354,28.9089
29,37,0.1445312500,-0.1054687500,2.225810710201e-17,0.000000000000e+00,20000,20354,30.6188
29,38,0.1484375000,-0.1015625000,7.182349725368e-16,0.000000000000e+00,20000,20354,32.1276
29,39,0.1523437500,-0.0976562500,1.642932134855e-14,0.000000000000e+00,20000,20354,33.4870
29,40,0.1562500000,-0.0937500000,2.845149193586e-13,0.000000000000e+00,20000,20354,34.7254
29,41,0.1601562500,-0.0898437500,3.890315971178e-12,0.000000000000e+00,20000,20354,35.8613
29,42,0.1640625000,-0.0859375000,4.325416316579e-11,0.000000000000e+00,20000,20354,36.9074
29,43,0.1679687500,-0.0820312500,3.996873218999e-10,0.000000000000e+00,20000,20354,37.8731
29,44,0.1718750000,-0.0781250000,3.121947901446e-09,0.000000000000e+00,20000,20354,38.7658
29,45,0.1757812500,-0.0742187500,2.089540185378e-08,0.000000000000e+00,20000,20354,39.5914
29,46,0.1796875000,-0.0703125000,1.211869038813e-07,0.000000000000e+00,20000,20354,40.3548
29,47,0.1835937500,-0.0664062500,6.147787358434e-07,0.000000000000e+00,20000,20354,41.0601
29,48,0.1875000000,-0.0625000000,2.749891669530e-06,5.000000000000e-05,20000,20354,41.7106
29,49,0.1914062500,-0.0585937500,1.092052311320e-05,0.000000000000e+00,20000,20354,42.3096
29,50,0.1953125000,-0.0546875000,3.873574610565e-05,1.000000000000e-04,20000,20354,42.8594
29,51,0.1992187500,-0.0507812500,1.233698199037e-04,1.000000000000e-04,20000,20354,43.3625
29,52,0.2031250000,-0.0468750000,3.544466275303e-04,2.000000000000e-04,20000,20354,43.8209
29,53,0.2070312500,-0.0429687500,9.224039876481e-04,1.050000000000e-03,20000,20354,44.2363
29,54,0.2109375000,-0.0390625000,2.182231230040e-03,2.000000000000e-03,20000,20354,44.6102
29,55,0.2148437500,-0.0351562500,4.708601817909e-03,4.300000000000e-03,20000,20354,44.9442
29,56,0.2187500000,-0.0312500000,9.292615869904e-03,9.800000000000e-03,20000,20354,45.2395
29,57,0.2226562500,-0.0273437500,1.681662028537e-02,1.680000000000e-02,20000,20354,45.4971
29,58,0.2265625000,-0.0234375000,2.796814545425e-02,2.895000000000e-02,20000,20354,45.7180
29,59,0.2304687500,-0.0195312500,4.283142952176e-02,4.305000000000e-02,20000,20354,45.9031
29,60,0.2343750000,-0.0156250000,6.050260433312e-02,6.110000000000e-02,20000,20354,46.0531
29,61,0.2382812500,-0.0117187500,7.894648791679e-02,8.070000000000e-02,20000,20354,46.1687
29,62,0.2421875000,-0.0078125000,9.527415484487e-02,9.665000000000e-02,20000,20354,46.2503
29,63,0.2460937500,-0.0039062500,1.064494203571e-01,1.036500000000e-01,20000,20354,46.2985
29,64,0.2500000000,0.0000000000,1.102018991571e-01,1.089000000000e-01,20000,20354,46.3135
29,65,0.2539062500,0.0039062500,1.057731917584e-01,1.053000000000e-01,20000,20354,46.2957
29,66,0.2578125000,0.0078125000,9.416265404305e-02,9.510000000000e-02,20000,20354,46.2452
29,67,0.2617187500,0.0117187500,7.776547732618e-02,8.015000000000e-02,20000,20354,46.1621
29,68,0.2656250000,0.0156250000,5.957997687925e-02,5.810000000000e-02,20000,20354,46.0464
29,69,0.2695312500,0.0195312500,4.233787658643e-02,4.180000000000e-02,20000,20354,45.8981
29,70,0.2734375000,0.0234375000,2.789262031287e-02,2.765000000000e-02,20000,20354,45.7168
29,71,0.2773437500,0.0273437500,1.702546385223e-02,1.545000000000e-02,20000,20354,45.5024
29,72,0.2812500000,0.0312500000,9.619916437730e-03,9.000000000000e-03,20000,20354,45.2545
29,73,0.2851562500,0.0351562500,5.025821353399e-03,5.400000000000e-03,20000,20354,44.9725
29,74,0.2890625000,0.0390625000,2.424287242150e-03,2.700000000000e-03,20000,20354,44.6559
29,75,0.2929687500,0.0429687500,1.077816070252e-03,1.350000000000e-03,20000,20354,44.3039
29,76,0.2968750000,0.0468750000,4.407369053112e-04,5.000000000000e-04,20000,20354,43.9155
29,77,0.3007812500,0.0507812500,1.653511779184e-04,5.000000000000e-05,20000,20354,43.4897
29,78,0.3046875000,0.0546875000,5.674795827764e-05,5.000000000000e-05,20000,20354,43.0253
29,79,0.3085937500,0.0585937500,1.775420514233e-05,0.000000000000e+00,20000,20354,42.5206
29,80,0.3125000000,0.0625000000,5.042933522906e-06,0.000000000000e+00,20000,20354,41.9740
29,81,0.3164062500,0.0664062500,1.294183953167e-06,0.000000000000e+00,20000,20354,41.3833
29,82,0.3203125000,0.0703125000,2.983635919217e-07,0.000000000000e+00,20000,20354,40.7461
29,83,0.3242187500,0.0742187500,6.136928263017e-08,0.000000000000e+00,20000,20354,40.0593
29,84,0.3281250000,0.0781250000,1.116893802404e-08,0.000000000000e+00,20000,20354,39.3193
29,85,0.3320312500,0.0820312500,1.780433395171e-09,0.000000000000e+00,20000,20354,38.5219
29,86,0.3359375000,0.0859375000,2.454799330781e-10,0.000000000000e+00,20000,20354,37.6614
29,87,0.3398437500,0.0898437500,2.880821663657e-11,0.000000000000e+00,20000,20354,36.7309
29,88,0.3437500000,0.0937500000,2.817724802863e-12,0.000000000000e+00,20000,20354,35.7212
29,89,0.3476562500,0.0976562500,2.232067269556e-13,0.000000000000e+00,20000,20354,34.6200
29,90,0.3515625000,0.1015625000,1.373868613129e-14,0.000000000000e+00,20000,20354,33.4093
29,91,0.3554687500,0.1054687500,6.155565800267e-16,0.000000000000e+00,20000,20354,32.0606
29,92,0.3593750000,0.1093750000,1.783042839243e-17,0.000000000000e+00,20000,20354,30.5225
29,93,0.3632812500,0.1132812500,2.501977364799e-19,0.000000000000e+00,20000,20354,28.6696
30,34,0.1328125000,-0.1171875000,5.785381067286e-22,0.000000000000e+00,20000,20366,27.2405
30,35,0.1367187500,-0.1132812500,6.706909623004e-20,0.000000000000e+00,20000,20366,29.3047
30,36,0.1406250000,-0.1093750000,3.665137050983e-18,0.000000000000e+00,20000,20366,31.0423
30,37,0.1445312500,-0.1054687500,1.260363027215e-16,0.000000000000e+00,20000,20366,32.5787
30,38,0.1484375000,-0.1015625000,3.071989541872e-15,0.000000000000e+00,20000,20366,33.9656
30,39,0.1523437500,-0.0976562500,5.667940360451e-14,0.000000000000e+00,20000,20366,35.2316
30,40,0.1562500000,-0.0937500000,8.256172676592e-13,0.000000000000e+00,20000,20366,36.3949
30,41,0.1601562500,-0.0898437500,9.778072777490e-12,0.000000000000e+00,20000,20366,37.4684
30,42,0.1640625000,-0.0859375000,9.623646371907e-11,0.000000000000e+00,20000,20366,38.4615
30,43,0.1679687500,-0.0820312500,8.005842008694e-10,0.000000000000e+00,20000,20366,39.3816
30,44,0.1718750000,-0.0781250000,5.706495794108e-09,0.000000000000e+00,20000,20366,40.2345
30,45,0.1757812500,-0.0742187500,3.524490281578e-08,0.000000000000e+00,20000,20366,41.0253
30,46,0.1796875000,-0.0703125000,1.904044725723e-07,0.000000000000e+00,20000,20366,41.7578
30,47,0.1835937500,-0.0664062500,9.069874951141e-07,0.000000000000e+00,20000,20366,42.4358
30,48,0.1875000000,-0.0625000000,3.836037631695e-06,0.000000000000e+00,20000,20366,43.0620
30,49,0.1914062500,-0.0585937500,1.449274583104e-05,5.000000000000e-05,20000,20366,43.6393
30,50,0.1953125000,-0.0546875000,4.917164951795e-05,0.000000000000e+00,20000,20366,44.1699
30,51,0.1992187500,-0.0507812500,1.505277199827e-04,1.000000000000e-04,20000,20366,44.6558
30,52,0.2031250000,-0.0468750000,4.175101109623e-04,4.000000000000e-04,20000,20366,45.0988
30,53,0.2070312500,-0.0429687500,1.053119518273e-03,1.050000000000e-03,20000,20366,45.5006
30,54,0.2109375000,-0.0390625000,2.423728971135e-03,2.200000000000e-03,20000,20366,45.8626
30,55,0.2148437500,-0.0351562500,5.104643648028e-03,5.500000000000e-03,20000,20366,46.1861
30,56,0.2187500000,-0.0312500000,9.864170878946e-03,1.045000000000e-02,20000,20366,46.4722
30,57,0.2226562500,-0.0273437500,1.752995947606e-02,1.625000000000e-02,20000,20366,46.7219
30,58,0.2265625000,-0.0234375000,2.870920460299e-02,2.820000000000e-02,20000,20366,46.9362
30,59,0.2304687500,-0.0195312500,4.340786047989e-02,4.115000000000e-02,20000,20366,47.1157
30,60,0.2343750000,-0.0156250000,6.068890200735e-02,6.030000000000e-02,20000,20366,47.2613
30,61,0.2382812500,-0.0117187500,7.856629184651e-02,8.100000000000e-02,20000,20366,47.3734
30,62,0.2421875000,-0.0078125000,9.428709376990e-02,9.555000000000e-02,20000,20366,47.4526
30,63,0.2460937500,-0.0039062500,1.049964348691e-01,1.067000000000e-01,20000,20366,47.4993
30,64,0.2500000000,0.0000000000,1.085769506977e-01,1.063000000000e-01,20000,20366,47.5139
30,65,0.2539062500,0.0039062500,1.043266080103e-01,9.970000000000e-02,20000,20366,47.4966
30,66,0.2578125000,0.0078125000,9.317954694760e-02,9.505000000000e-02,20000,20366,47.4475
30,67,0.2617187500,0.0117187500,7.737633067804e-02,7.625000000000e-02,20000,20366,47.3668
30,68,0.2656250000,0.0156250000,5.974081777824e-02,5.955000000000e-02,20000,20366,47.2544
30,69,0.2695312500,0.0195312500,4.287863306754e-02,4.295000000000e-02,20000,20366,47.1104
30,70,0.2734375000,0.0234375000,2.859984593309e-02,2.995000000000e-02,20000,20366,46.9345
30,71,0.2773437500,0.0273437500,1.771727077160e-02,1.890000000000e-02,20000,20366,46.7266
30,72,0.2812500000,0.0312500000,1.018599881831e-02,1.185000000000e-02,20000,20366,46.4862
30,73,0.2851562500,0.0351562500,5.429335020819e-03,5.900000000000e-03,20000,20366,46.2129
30,74,0.2890625000,0.0390625000,2.679657219550e-03,2.800000000000e-03,20000,20366,45.9062
30,75,0.2929687500,0.0429687500,1.222742645456e-03,1.200000000000e-03,20000,20366,45.5655
30,76,0.2968750000,0.0468750000,5.148905054753e-04,5.000000000000e-04,20000,20366,45.1899
30,77,0.3007812500,0.0507812500,1.996504880743e-04,0.000000000000e+00,20000,20366,44.7784
30,78,0.3046875000,0.0546875000,7.110231728128e-05,2.000000000000e-04,20000,20366,44.3300
30,79,0.3085937500,0.0585937500,2.318688088527e-05,0.000000000000e+00,20000,20366,43.8434
30,80,0.3125000000,0.0625000000,6.899320420792e-06,0.000000000000e+00,20000,20366,43.3170
30,81,0.3164062500,0.0664062500,1.865381486442e-06,0.000000000000e+00,20000,20366,42.7489
30,82,0.3203125000,0.0703125000,4.560334827336e-07,0.000000000000e+00,20000,20366,42.1372
30,83,0.3242187500,0.0742187500,1.002240574607e-07,0.000000000000e+00,20000,20366,41.4791
30,84,0.3281250000,0.0781250000,1.966461462337e-08,0.000000000000e+00,20000,20366,40.7718
30,85,0.3320312500,0.0820312500,3.415957620437e-09,0.000000000000e+00,20000,20366,40.0117
30,86,0.3359375000,0.0859375000,5.200284864112e-10,0.000000000000e+00,20000,20366,39.1942
30,87,0.3398437500,0.0898437500,6.850637686378e-11,0.000000000000e+00,20000,20366,38.3139
30,88,0.3437500000,0.0937500000,7.684887995730e-12,0.000000000000e+00,20000,20366,37.3638
30,89,0.3476562500,0.0976562500,7.187865037888e-13,0.000000000000e+00,20000,20366,36.3348
30,90,0.3515625000,0.1015625000,5.446857157201e-14,0.000000000000e+00,20000,20366,35.2143
30,91,0.3554687500,0.1054687500,3.208215115154e-15,0.000000000000e+00,20000,20366,33.9844
30,92,0.3593750000,0.1093750000,1.375925430811e-16,0.000000000000e+00,20000,20366,32.6168
30,93,0.3632812500,0.1132812500,3.816059389441e-18,0.000000000000e+00,20000,20366,31.0598
30,94,0.3671875000,0.1171875000,5.128276586234e-20,0.000000000000e+00,20000,20366,29.1881
31,33,0.1289062500,-0.1210937500,8.161948393682e-23,0.000000000000e+00,20000,20378,27.5816
31,34,0.1328125000,-0.1171875000,1.008360712578e-20,0.000000000000e+00,20000,20378,29.6735
31,35,0.1367187500,-0.1132812500,5.870950351250e-19,0.000000000000e+00,20000,20378,31.4386
31,36,0.1406250000,-0.1093750000,2.150514012615e-17,0.000000000000e+00,20000,20378,33.0024
31,37,0.1445312500,-0.1054687500,5.582219374296e-16,0.000000000000e+00,20000,20378,34.4167
31,38,0.1484375000,-0.1015625000,1.096659661261e-14,0.000000000000e+00,20000,20378,35.7099
31,39,0.1523437500,-0.0976562500,1.700628246152e-13,0.000000000000e+00,20000,20378,36.9005
31,40,0.1562500000,-0.0937500000,2.143866418149e-12,0.000000000000e+00,20000,20378,38.0010
31,41,0.1601562500,-0.0898437500,2.245603423389e-11,0.000000000000e+00,20000,20378,39.0212
31,42,0.1640625000,-0.0859375000,1.987881119793e-10,0.000000000000e+00,20000,20378,39.9682
31,43,0.1679687500,-0.0820312500,1.507616767457e-09,0.000000000000e+00,20000,20378,40.8481
31,44,0.1718750000,-0.0781250000,9.906322971634e-09,0.000000000000e+00,20000,20378,41.6658
31,45,0.1757812500,-0.0742187500,5.693182479866e-08,0.000000000000e+00,20000,20378,42.4252
31,46,0.1796875000,-0.0703125000,2.884833172910e-07,0.000000000000e+00,20000,20378,43.1300
31,47,0.1835937500,-0.0664062500,1.297891035223e-06,0.000000000000e+00,20000,20378,43.7831
31,48,0.1875000000,-0.0625000000,5.216195072166e-06,0.000000000000e+00,20000,20378,44.3872
31,49,0.1914062500,-0.0585937500,1.882769901720e-05,0.000000000000e+00,20000,20378,44.9446
31,50,0.1953125000,-0.0546875000,6.132421943185e-05,1.000000000000e-04,20000,20378,45.4575
31,51,0.1992187500,-0.0507812500,1.810064448043e-04,2.500000000000e-04,20000,20378,45.9275
31,52,0.2031250000,-0.0468750000,4.859837143627e-04,5.500000000000e-04,20000,20378,46.3565
31,53,0.2070312500,-0.0429687500,1.190913325196e-03,1.450000000000e-03,20000,20378,46.7457
31,54,0.2109375000,-0.0390625000,2.671656049522e-03,2.450000000000e-03,20000,20378,47.0966
31,55,0.2148437500,-0.0351562500,5.501689467398e-03,5.400000000000e-03,20000,20378,47.4103
31,56,0.2187500000,-0.0312500000,1.042497500335e-02,1.145000000000e-02,20000,20378,47.6879
31,57,0.2226562500,-0.0273437500,1.821594323797e-02,1.805000000000e-02,20000,20378,47.9303
31,58,0.2265625000,-0.0234375000,2.940731249943e-02,3.185000000000e-02,20000,20378,48.1383
31,59,0.2304687500,-0.0195312500,4.393574650927e-02,4.540000000000e-02,20000,20378,48.3127
31,60,0.2343750000,-0.0156250000,6.083879156112e-02,6.195000000000e-02,20000,20378,48.4540
31,61,0.2382812500,-0.0117187500,7.818042837314e-02,7.910000000000e-02,20000,20378,48.5629
31,62,0.2421875000,-0.0078125000,9.333482482424e-02,9.225000000000e-02,20000,20378,48.6399
31,63,0.2460937500,-0.0039062500,1.036125860745e-01,1.011000000000e-01,20000,20378,48.6853
31,64,0.2500000000,0.0000000000,1.070344188488e-01,1.082000000000e-01,20000,20378,48.6994
31,65,0.2539062500,0.0039062500,1.029488168796e-01,1.026000000000e-01,20000,20378,48.6825
31,66,0.2578125000,0.0078125000,9.223118307254e-02,9.105000000000e-02,20000,20378,48.6347
31,67,0.2617187500,0.0117187500,7.698235225493e-02,7.800000000000e-02,20000,20378,48.5562
31,68,0.2656250000,0.0156250000,5.986683844246e-02,5.905000000000e-02,20000,20378,48.4470
31,69,0.2695312500,0.0195312500,4.337234234939e-02,4.030000000000e-02,20000,20378,48.3071
31,70,0.2734375000,0.0234375000,2.926463312897e-02,2.870000000000e-02,20000,20378,48.1362
31,71,0.2773437500,0.0273437500,1.838097382674e-02,1.895000000000e-02,20000,20378,47.9342
31,72,0.2812500000,0.0312500000,1.073978843112e-02,1.120000000000e-02,20000,20378,47.7008
31,73,0.2851562500,0.0351562500,5.832310747087e-03,5.800000000000e-03,20000,20378,47.4357
31,74,0.2890625000,0.0390625000,2.940502857328e-03,2.400000000000e-03,20000,20378,47.1383
31,75,0.2929687500,0.0429687500,1.374518177832e-03,1.150000000000e-03,20000,20378,46.8080
31,76,0.2968750000,0.0468750000,5.947329501706e-04,7.000000000000e-04,20000,20378,46.4442
31,77,0.3007812500,0.0507812500,2.377389157212e-04,4.000000000000e-04,20000,20378,46.0459
31,78,0.3046875000,0.0546875000,8.759965107415e-05,5.000000000000e-05,20000,20378,45.6123
31,79,0.3085937500,0.0585937500,2.967411517686e-05,5.000000000000e-05,20000,20378,45.1422
31,80,0.3125000000,0.0625000000,9.212611619358e-06,0.000000000000e+00,20000,20378,44.6342
31,81,0.3164062500,0.0664062500,2.611849077903e-06,0.000000000000e+00,20000,20378,44.0868
31,82,0.3203125000,0.0703125000,6.733450520028e-07,5.000000000000e-05,20000,20378,43.4981
31,83,0.3242187500,0.0742187500,1.570707333125e-07,0.000000000000e+00,20000,20378,42.8659
31,84,0.3281250000,0.0781250000,3.295899891138e-08,0.000000000000e+00,20000,20378,42.1878
31,85,0.3320312500,0.0820312500,6.177914325680e-09,0.000000000000e+00,20000,20378,41.4607
31,86,0.3359375000,0.0859375000,1.025773509906e-09,0.000000000000e+00,20000,20378,40.6809
31,87,0.3398437500,0.0898437500,1.493328613552e-10,0.000000000000e+00,20000,20378,39.8440
31,88,0.3437500000,0.0937500000,1.882066871278e-11,0.000000000000e+00,20000,20378,38.9445
31,89,0.3476562500,0.0976562500,2.020622634376e-12,0.000000000000e+00,20000,20378,37.9753
31,90,0.3515625000,0.1015625000,1.809429952247e-13,0.000000000000e+00,20000,20378,36.9274
31,91,0.3554687500,0.1054687500,1.313157768216e-14,0.000000000000e+00,20000,20378,35.7882
31,92,0.3593750000,0.1093750000,7.409420654498e-16,0.000000000000e+00,20000,20378,34.5396
31,93,0.3632812500,0.1132812500,3.044905972216e-17,0.000000000000e+00,20000,20378,33.1534
31,94,0.3671875000,0.1171875000,8.093752657205e-19,0.000000000000e+00,20000,20378,31.5780
31,95,0.3710937500,0.1210937500,1.042678642014e-20,0.000000000000e+00,20000,20378,29.6880
32,32,0.1250000000,-0.1250000000,1.119934706825e-23,0.000000000000e+00,20000,20390,27.8960
32,33,0.1289062500,-0.1210937500,1.474241323167e-21,0.000000000000e+00,20000,20390,30.0154
32,34,0.1328125000,-0.1171875000,9.142653855841e-20,0.000000000000e+00,20000,20390,31.8079
32,35,0.1367187500,-0.1132812500,3.566050220925e-18,0.000000000000e+00,20000,20390,33.3990
32,36,0.1406250000,-0.1093750000,9.854028698597e-17,0.000000000000e+00,20000,20390,34.8405
32,37,0.1445312500,-0.1054687500,2.060295189483e-15,0.000000000000e+00,20000,20390,36.1608
32,38,0.1484375000,-0.1015625000,3.399489370658e-14,0.000000000000e+00,20000,20390,37.3783
32,39,0.1523437500,-0.0976562500,4.558806702737e-13,0.000000000000e+00,20000,20390,38.5057
32,40,0.1562500000,-0.0937500000,5.078602818689e-12,0.000000000000e+00,20000,20390,39.5526
32,41,0.1601562500,-0.0898437500,4.780510948124e-11,0.000000000000e+00,20000,20390,40.5263
32,42,0.1640625000,-0.0859375000,3.854515041408e-10,0.000000000000e+00,20000,20390,41.4328
32,43,0.1679687500,-0.0820312500,2.692257752945e-09,0.000000000000e+00,20000,20390,42.2770
32,44,0.1718750000,-0.0781250000,1.644466213952e-08,0.000000000000e+00,20000,20390,43.0629
32,45,0.1757812500,-0.0742187500,8.855400278033e-08,0.000000000000e+00,20000,20390,43.7940
32,46,0.1796875000,-0.0703125000,4.233590940117e-07,0.000000000000e+00,20000,20390,44.4735
32,47,0.1835937500,-0.0664062500,1.807960116984e-06,0.000000000000e+00,20000,20390,45.1040
32,48,0.1875000000,-0.0625000000,6.934188567599e-06,0.000000000000e+00,20000,20390,45.6878
32,49,0.1914062500,-0.0585937500,2.400008777524e-05,0.000000000000e+00,20000,20390,46.2271
32,50,0.1953125000,-0.0546875000,7.528326317411e-05,1.500000000000e-04,20000,20390,46.7235
32,51,0.1992187500,-0.0507812500,2.148400425478e-04,1.000000000000e-04,20000,20390,47.1790
32,52,0.2031250000,-0.0468750000,5.596992926739e-04,2.500000000000e-04,20000,20390,47.5948
32,53,0.2070312500,-0.0429687500,1.335232141893e-03,1.000000000000e-03,20000,20390,47.9724
32,54,0.2109375000,-0.0390625000,2.924995195292e-03,3.000000000000e-03,20000,20390,48.3130
32,55,0.2148437500,-0.0351562500,5.898492211019e-03,6.300000000000e-03,20000,20390,48.6176
32,56,0.2187500000,-0.0312500000,1.097421971761e-02,1.130000000000e-02,20000,20390,48.8872
32,57,0.2226562500,-0.0273437500,1.887512186112e-02,1.760000000000e-02,20000,20390,49.1227
32,58,0.2265625000,-0.0234375000,3.006499352572e-02,2.990000000000e-02,20000,20390,49.3249
32,59,0.2304687500,-0.0195312500,4.441922964635e-02,4.480000000000e-02,20000,20390,49.4944
32,60,0.2343750000,-0.0156250000,6.095646553486e-02,6.095000000000e-02,20000,20390,49.6319
32,61,0.2382812500,-0.0117187500,7.779095894474e-02,8.170000000000e-02,20000,20390,49.7378
32,62,0.2421875000,-0.0078125000,9.241573575071e-02,9.205000000000e-02,20000,20390,49.8126
32,63,0.2460937500,-0.0039062500,1.022927958345e-01,9.760000000000e-02,20000,20390,49.8567
32,64,0.2500000000,0.0000000000,1.055678239952e-01,1.061500000000e-01,20000,20390,49.8704
32,65,0.2539062500,0.0039062500,1.016347644158e-01,1.004000000000e-01,20000,20390,49.8539
32,66,0.2578125000,0.0078125000,9.131593539020e-02,9.185000000000e-02,20000,20390,49.8074
32,67,0.2617187500,0.0117187500,7.658550762481e-02,7.735000000000e-02,20000,20390,49.7310
32,68,0.2656250000,0.0156250000,5.996210006946e-02,6.075000000000e-02,20000,20390,49.6247
32,69,0.2695312500,0.0195312500,4.382308201785e-02,4.245000000000e-02,20000,20390,49.4885
32,70,0.2734375000,0.0234375000,2.988957186842e-02,3.130000000000e-02,20000,20390,49.3224
32,71,0.2773437500,0.0273437500,1.901728416661e-02,1.980000000000e-02,20000,20390,49.1260
32,72,0.2812500000,0.0312500000,1.128063311612e-02,1.140000000000e-02,20000,20390,48.8992
32,73,0.2851562500,0.0351562500,6.233570914380e-03,6.100000000000e-03,20000,20390,48.6416
32,74,0.2890625000,0.0390625000,3.205776781329e-03,2.900000000000e-03,20000,20390,48.3528
32,75,0.2929687500,0.0429687500,1.532505345381e-03,1.600000000000e-03,20000,20390,48.0322
32,76,0.2968750000,0.0468750000,6.800148009289e-04,6.500000000000e-04,20000,20390,47.6794
32,77,0.3007812500,0.0507812500,2.796034640592e-04,4.000000000000e-04,20000,20390,47.2934
32,78,0.3046875000,0.0546875000,1.063178092750e-04,1.000000000000e-04,20000,20390,46.8734
32,79,0.3085937500,0.0585937500,3.729880159156e-05,5.000000000000e-05,20000,20390,46.4185
32,80,0.3125000000,0.0625000000,1.204007506037e-05,5.000000000000e-05,20000,20390,45.9275
32,81,0.3164062500,0.0664062500,3.564817104771e-06,0.000000000000e+00,20000,20390,45.3989
32,82,0.3203125000,0.0703125000,9.645463782934e-07,0.000000000000e+00,20000,20390,44.8312
32,83,0.3242187500,0.0742187500,2.374790276607e-07,0.000000000000e+00,20000,20390,44.2225
32,84,0.3281250000,0.0781250000,5.293746114732e-08,0.000000000000e+00,20000,20390,43.5706
32,85,0.3320312500,0.0820312500,1.062102908593e-08,0.000000000000e+00,20000,20390,42.8730
32,86,0.3359375000,0.0859375000,1.904502796035e-09,0.000000000000e+00,20000,20390,42.1266
32,87,0.3398437500,0.0898437500,3.026493582466e-10,0.000000000000e+00,20000,20390,41.3278
32,88,0.3437500000,0.0937500000,4.218652297126e-11,0.000000000000e+00,20000,20390,40.4720
32,89,0.3476562500,0.0976562500,5.092678805698e-12,0.000000000000e+00,20000,20390,39.5538
32,90,0.3515625000,0.1015625000,5.238834765328e-13,0.000000000000e+00,20000,20390,38.5661
32,91,0.3554687500,0.1054687500,4.496335650450e-14,0.000000000000e+00,20000,20390,37.4997
32,92,0.3593750000,0.1093750000,3.128353058600e-15,0.000000000000e+00,20000,20390,36.3422
32,93,0.3632812500,0.1132812500,1.692645975736e-16,0.000000000000e+00,20000,20390,35.0754
32,94,0.3671875000,0.1171875000,6.671570509406e-18,0.000000000000e+00,20000,20390,33.6711
32,95,0.3710937500,0.1210937500,1.701199947876e-19,0.000000000000e+00,20000,20390,32.0776
32,96,0.3750000000,0.1250000000,2.102699132545e-21,0.000000000000e+00,20000,20390,30.1696
33,31,0.1210937500,-0.1289062500,1.493246275767e-24,0.000000000000e+00,20000,20402,28.1837
33,32,0.1250000000,-0.1250000000,2.094277901764e-22,0.000000000000e+00,20000,20402,30.3306
33,33,0.1289062500,-0.1210937500,1.383203358032e-20,0.000000000000e+00,20000,20402,32.1505
33,34,0.1328125000,-0.1171875000,5.743614816734e-19,0.000000000000e+00,20000,20402,33.7688
33,35,0.1367187500,-0.1132812500,1.689056897537e-17,0.000000000000e+00,20000,20402,35.2372
33,36,0.1406250000,-0.1093750000,3.757087992627e-16,0.000000000000e+00,20000,20402,36.5844
33,37,0.1445312500,-0.1054687500,6.593176330029e-15,0.000000000000e+00,20000,20402,37.8287
33,38,0.1484375000,-0.1015625000,9.400838679236e-14,0.000000000000e+00,20000,20402,38.9827
33,39,0.1523437500,-0.0976562500,1.113208705452e-12,0.000000000000e+00,20000,20402,40.0561
33,40,0.1562500000,-0.0937500000,1.113558957087e-11,0.000000000000e+00,20000,20402,41.0563
33,41,0.1601562500,-0.0898437500,9.539209201870e-11,0.000000000000e+00,20000,20402,41.9891
33,42,0.1640625000,-0.0859375000,7.077315250068e-10,0.000000000000e+00,20000,20402,42.8594
33,43,0.1679687500,-0.0820312500,4.590935836169e-09,0.000000000000e+00,20000,20402,43.6715
33,44,0.1718750000,-0.0781250000,2.625033808327e-08,0.000000000000e+00,20000,20402,44.4287
33,45,0.1757812500,-0.0742187500,1.332369699353e-07,0.000000000000e+00,20000,20402,45.1342
33,46,0.1796875000,-0.0703125000,6.040139889884e-07,0.000000000000e+00,20000,20402,45.7906
33,47,0.1835937500,-0.0664062500,2.459039775193e-06,0.000000000000e+00,20000,20402,46.4003
33,48,0.1875000000,-0.0625000000,9.034043449994e-06,0.000000000000e+00,20000,20402,46.9655
33,49,0.1914062500,-0.0585937500,3.007980733637e-05,1.000000000000e-04,20000,20402,47.4878
33,50,0.1953125000,-0.0546875000,9.112320700715e-05,1.000000000000e-04,20000,20402,47.9692
33,51,0.1992187500,-0.0507812500,2.520342067405e-04,3.000000000000e-04,20000,20402,48.4110
33,52,0.2031250000,-0.0468750000,6.384576189579e-04,7.500000000000e-04,20000,20402,48.8147
33,53,0.2070312500,-0.0429687500,1.485519151688e-03,1.500000000000e-03,20000,20402,49.1814
33,54,0.2109375000,-0.0390625000,3.182794780771e-03,3.400000000000e-03,20000,20402,49.5124
33,55,0.2148437500,-0.0351562500,6.293958966693e-03,6.150000000000e-03,20000,20402,49.8085
33,56,0.2187500000,-0.0312500000,1.151129194070e-02,1.170000000000e-02,20000,20402,50.0707
33,57,0.2226562500,-0.0273437500,1.950815690833e-02,1.875000000000e-02,20000,20402,50.2998
33,58,0.2265625000,-0.0234375000,3.068465613218e-02,2.910000000000e-02,20000,20402,50.4965
33,59,0.2304687500,-0.0195312500,4.486206587331e-02,4.360000000000e-02,20000,20402,50.6614
33,60,0.2343750000,-0.0156250000,6.104560443664e-02,6.020000000000e-02,20000,20402,50.7952
33,61,0.2382812500,-0.0117187500,7.739959550793e-02,7.915000000000e-02,20000,20402,50.8983
33,62,0.2421875000,-0.0078125000,9.152828029822e-02,8.880000000000e-02,20000,20402,50.9711
33,63,0.2460937500,-0.0039062500,1.010324903514e-01,9.860000000000e-02,20000,20402,51.0140
33,64,0.2500000000,0.0000000000,1.041713758325e-01,1.073500000000e-01,20000,20402,51.0273
33,65,0.2539062500,0.0039062500,1.003798987399e-01,1.050500000000e-01,20000,20402,51.0112
33,66,0.2578125000,0.0078125000,9.043224617587e-02,9.130000000000e-02,20000,20402,50.9659
33,67,0.2617187500,0.0117187500,7.618742502413e-02,7.665000000000e-02,20000,20402,50.8915
33,68,0.2656250000,0.0156250000,6.003016394092e-02,5.840000000000e-02,20000,20402,50.7879
33,69,0.2695312500,0.0195312500,4.423454260332e-02,4.320000000000e-02,20000,20402,50.6553
33,70,0.2734375000,0.0234375000,3.047711943824e-02,3.095000000000e-02,20000,20402,50.4935
33,71,0.2773437500,0.0273437500,1.962700326679e-02,1.990000000000e-02,20000,20402,50.3024
33,72,0.2812500000,0.0312500000,1.180806585176e-02,1.145000000000e-02,20000,20402,50.0817
33,73,0.2851562500,0.0351562500,6.632097563475e-03,6.700000000000e-03,20000,20402,49.8312
33,74,0.2890625000,0.0390625000,3.474511788906e-03,3.250000000000e-03,20000,20402,49.5505
33,75,0.2929687500,0.0429687500,1.696076111222e-03,1.550000000000e-03,20000,20402,49.2390
33,76,0.2968750000,0.0468750000,7.704606731952e-04,1.050000000000e-03,20000,20402,48.8963
33,77,0.3007812500,0.0507812500,3.252010450974e-04,6.500000000000e-04,20000,20402,48.5217
33,78,0.3046875000,0.0546875000,1.273148350077e-04,2.000000000000e-04,20000,20402,48.1144
33,79,0.3085937500,0.0585937500,4.613535621939e-05,1.500000000000e-04,20000,20402,47.6736
33,80,0.3125000000,0.0625000000,1.543742043770e-05,0.000000000000e+00,20000,20402,47.1981
33,81,0.3164062500,0.0664062500,4.756582482412e-06,0.000000000000e+00,20000,20402,46.6869
33,82,0.3203125000,0.0703125000,1.345233371227e-06,0.000000000000e+00,20000,20402,46.1384
33,83,0.3242187500,0.0742187500,3.479062711800e-07,0.000000000000e+00,20000,20402,45.5510
33,84,0.3281250000,0.0781250000,8.192266622279e-08,0.000000000000e+00,20000,20402,44.9230
33,85,0.3320312500,0.0820312500,1.747512030815e-08,0.000000000000e+00,20000,20402,44.2520
33,86,0.3359375000,0.0859375000,3.356750797866e-09,0.000000000000e+00,20000,20402,43.5355
33,87,0.3398437500,0.0898437500,5.765358180823e-10,0.000000000000e+00,20000,20402,42.7704
33,88,0.3437500000,0.0937500000,8.779177987454e-11,0.000000000000e+00,20000,20402,41.9530
33,89,0.3476562500,0.0976562500,1.173048510372e-11,0.000000000000e+00,20000,20402,41.0789
33,90,0.3515625000,0.1015625000,1.357869124644e-12,0.000000000000e+00,20000,20402,40.1424
33,91,0.3554687500,0.1054687500,1.339801845354e-13,0.000000000000e+00,20000,20402,39.1366
33,92,0.3593750000,0.1093750000,1.103236125146e-14,0.000000000000e+00,20000,20402,38.0522
33,93,0.3632812500,0.1132812500,7.365886849949e-16,0.000000000000e+00,20000,20402,36.8768
33,94,0.3671875000,0.1171875000,3.825233149261e-17,0.000000000000e+00,20000,20402,35.5922
33,95,0.3710937500,0.1210937500,1.447351296483e-18,0.000000000000e+00,20000,20402,34.1701
33,96,0.3750000000,0.1250000000,3.543373197997e-20,0.000000000000e+00,20000,20402,32.5590
33,97,0.3789062500,0.1289062500,4.205398265089e-22,0.000000000000e+00,20000,20402,30.6334
34,30,0.1171875000,-0.1328125000,1.932803112684e-25,0.000000000000e+00,20000,20414,28.4446
34,31,0.1210937500,-0.1289062500,2.888293683713e-23,0.000000000000e+00,20000,20414,30.6191
34,32,0.1250000000,-0.1250000000,2.031550257518e-21,0.000000000000e+00,20000,20414,32.4663
34,33,0.1289062500,-0.1210937500,8.979715330679e-20,0.000000000000e+00,20000,20414,34.1117
34,34,0.1328125000,-0.1171875000,2.809786055477e-18,0.000000000000e+00,20000,20414,35.6071
34,35,0.1367187500,-0.1132812500,6.647532115414e-17,0.000000000000e+00,20000,20414,36.9811
34,36,0.1406250000,-0.1093750000,1.240288823387e-15,0.000000000000e+00,20000,20414,38.2519
34,37,0.1445312500,-0.1054687500,1.879585080145e-14,0.000000000000e+00,20000,20414,39.4325
34,38,0.1484375000,-0.1015625000,2.364807629753e-13,0.000000000000e+00,20000,20414,40.5322
34,39,0.1523437500,-0.0976562500,2.512585844894e-12,0.000000000000e+00,20000,20414,41.5585
34,40,0.1562500000,-0.0937500000,2.285500491238e-11,0.000000000000e+00,20000,20414,42.5174
34,41,0.1601562500,-0.0898437500,1.800031798560e-10,0.000000000000e+00,20000,20414,43.4137
34,42,0.1640625000,-0.0859375000,1.239214526282e-09,0.000000000000e+00,20000,20414,44.2516
34,43,0.1679687500,-0.0820312500,7.518226470633e-09,0.000000000000e+00,20000,20414,45.0345
34,44,0.1718750000,-0.0781250000,4.048126547679e-08,0.000000000000e+00,20000,20414,45.7657
34,45,0.1757812500,-0.0742187500,1.946490485084e-07,0.000000000000e+00,20000,20414,46.4477
34,46,0.1796875000,-0.0703125000,8.404058463937e-07,0.000000000000e+00,20000,20414,47.0829
34,47,0.1835937500,-0.0664062500,3.274032565999e-06,0.000000000000e+00,20000,20414,47.6735
34,48,0.1875000000,-0.0625000000,1.155927969884e-05,0.000000000000e+00,20000,20414,48.2214
34,49,0.1914062500,-0.0585937500,3.713106516649e-05,0.000000000000e+00,20000,20414,48.7282
34,50,0.1953125000,-0.0546875000,1.089030982110e-04,1.000000000000e-04,20000,20414,49.1955
34,51,0.1992187500,-0.0507812500,2.925689945851e-04,2.500000000000e-04,20000,20414,49.6247
34,52,0.2031250000,-0.0468750000,7.220349512060e-04,6.000000000000e-04,20000,20414,50.0170
34,53,0.2070312500,-0.0429687500,1.641222023610e-03,1.450000000000e-03,20000,20414,50.3736
34,54,0.2109375000,-0.0390625000,3.444170849545e-03,3.750000000000e-03,20000,20414,50.6955
34,55,0.2148437500,-0.0351562500,6.687137979498e-03,7.050000000000e-03,20000,20414,50.9837
34,56,0.2187500000,-0.0312500000,1.203574478515e-02,1.310000000000e-02,20000,20414,51.2389
34,57,0.2226562500,-0.0273437500,2.011579042748e-02,1.975000000000e-02,20000,20414,51.4620
34,58,0.2265625000,-0.0234375000,3.126858700301e-02,3.150000000000e-02,20000,20414,51.6535
34,59,0.2304687500,-0.0195312500,4.526766265307e-02,4.415000000000e-02,20000,20414,51.8142
34,60,0.2343750000,-0.0156250000,6.110944621506e-02,6.300000000000e-02,20000,20414,51.9445
34,61,0.2382812500,-0.0117187500,7.700775958738e-02,7.795000000000e-02,20000,20414,52.0450
34,62,0.2421875000,-0.0078125000,9.067098182053e-02,9.250000000000e-02,20000,20414,52.1159
34,63,0.2460937500,-0.0039062500,9.982753779629e-02,1.002500000000e-01,20000,20414,52.1577
34,64,0.2500000000,0.0000000000,1.028398819812e-01,1.028000000000e-01,20000,20414,52.1706
34,65,0.2539062500,0.0039062500,9.918010793373e-02,9.790000000000e-02,20000,20414,52.1548
34,66,0.2578125000,0.0078125000,8.957862997250e-02,8.785000000000e-02,20000,20414,52.1106
34,67,0.2617187500,0.0117187500,7.578945269525e-02,7.570000000000e-02,20000,20414,52.0380
34,68,0.2656250000,0.0156250000,6.007415974716e-02,5.930000000000e-02,20000,20414,51.9371
34,69,0.2695312500,0.0195312500,4.461006631870e-02,4.470000000000e-02,20000,20414,51.8079
34,70,0.2734375000,0.0234375000,3.102959764596e-02,3.135000000000e-02,20000,20414,51.6502
34,71,0.2773437500,0.0273437500,2.021099450406e-02,1.895000000000e-02,20000,20414,51.4640
34,72,0.2812500000,0.0312500000,1.232177527392e-02,1.200000000000e-02,20000,20414,51.2491
34,73,0.2851562500,0.0351562500,7.027017036494e-03,6.700000000000e-03,20000,20414,51.0052
34,74,0.2890625000,0.0390625000,3.745820440857e-03,4.150000000000e-03,20000,20414,50.7320
34,75,0.2929687500,0.0429687500,1.864618828000e-03,1.800000000000e-03,20000,20414,50.4290
34,76,0.2968750000,0.0468750000,8.657763991617e-04,7.000000000000e-04,20000,20414,50.0958
34,77,0.3007812500,0.0507812500,3.744623340913e-04,4.500000000000e-04,20000,20414,49.7318
34,78,0.3046875000,0.0546875000,1.506297595833e-04,2.000000000000e-04,20000,20414,49.3363
34,79,0.3085937500,0.0585937500,5.624905088677e-05,5.000000000000e-05,20000,20414,48.9085
34,80,0.3125000000,0.0625000000,1.945794931953e-05,0.000000000000e+00,20000,20414,48.4475
34,81,0.3164062500,0.0664062500,6.219984160247e-06,0.000000000000e+00,20000,20414,47.9522
34,82,0.3203125000,0.0703125000,1.832150101618e-06,0.000000000000e+00,20000,20414,47.4214
34,83,0.3242187500,0.0742187500,4.956692613823e-07,0.000000000000e+00,20000,20414,46.8536
34,84,0.3281250000,0.0781250000,1.226985627199e-07,0.000000000000e+00,20000,20414,46.2473
34,85,0.3320312500,0.0820312500,2.766923890395e-08,0.000000000000e+00,20000,20414,45.6004
34,86,0.3359375000,0.0859375000,5.655117468611e-09,0.000000000000e+00,20000,20414,44.9109
34,87,0.3398437500,0.0898437500,1.041265407059e-09,0.000000000000e+00,20000,20414,44.1760
34,88,0.3437500000,0.0937500000,1.714995726634e-10,0.000000000000e+00,20000,20414,43.3927
34,89,0.3476562500,0.0976562500,2.505188004574e-11,0.000000000000e+00,20000,20414,42.5573
34,90,0.3515625000,0.1015625000,3.212107860080e-12,0.000000000000e+00,20000,20414,41.6652
34,91,0.3554687500,0.1054687500,3.568956468211e-13,0.000000000000e+00,20000,20414,40.7110
34,92,0.3593750000,0.1093750000,3.380953016908e-14,0.000000000000e+00,20000,20414,39.6875
34,93,0.3632812500,0.1132812500,2.673461089636e-15,0.000000000000e+00,20000,20414,38.5855
34,94,0.3671875000,0.1171875000,1.714413350772e-16,0.000000000000e+00,20000,20414,37.3925
34,95,0.3710937500,0.1210937500,8.552628675891e-18,0.000000000000e+00,20000,20414,36.0905
34,96,0.3750000000,0.1250000000,3.109009143422e-19,0.000000000000e+00,20000,20414,34.6510
34,97,0.3789062500,0.1289062500,7.313354394195e-21,0.000000000000e+00,20000,20414,33.0225
34,98,0.3828125000,0.1328125000,8.340560233475e-23,0.000000000000e+00,20000,20414,31.0796
35,29,0.1132812500,-0.1367187500,2.426112693746e-26,0.000000000000e+00,20000,20426,28.6787
35,30,0.1171875000,-0.1328125000,3.863584464790e-24,0.000000000000e+00,20000,20426,30.8808
35,31,0.1210937500,-0.1289062500,2.894323747682e-22,0.000000000000e+00,20000,20426,32.7553
35,32,0.1250000000,-0.1250000000,1.361813986777e-20,0.000000000000e+00,20000,20426,34.4279
35,33,0.1289062500,-0.1210937500,4.533636235091e-19,0.000000000000e+00,20000,20426,35.9502
35,34,0.1328125000,-0.1171875000,1.140641720301e-17,0.000000000000e+00,20000,20426,37.3509
35,35,0.1367187500,-0.1132812500,2.262230136626e-16,0.000000000000e+00,20000,20426,38.6483
35,36,0.1406250000,-0.1093750000,3.642686425754e-15,0.000000000000e+00,20000,20426,39.8552
35,37,0.1445312500,-0.1054687500,4.867791662905e-14,0.000000000000e+00,20000,20426,40.9811
35,38,0.1484375000,-0.1015625000,5.491274250355e-13,0.000000000000e+00,20000,20426,42.0335
35,39,0.1523437500,-0.0976562500,5.301493936991e-12,0.000000000000e+00,20000,20426,43.0182
35,40,0.1562500000,-0.0937500000,4.430162785829e-11,0.000000000000e+00,20000,20426,43.9402
35,41,0.1601562500,-0.0898437500,3.235013620524e-10,0.000000000000e+00,20000,20426,44.8037
35,42,0.1640625000,-0.0859375000,2.081197293983e-09,0.000000000000e+00,20000,20426,45.6121
35,43,0.1679687500,-0.0820312500,1.187982186620e-08,0.000000000000e+00,20000,20426,46.3686
35,44,0.1718750000,-0.0781250000,6.054367858817e-08,0.000000000000e+00,20000,20426,47.0759
35,45,0.1757812500,-0.0742187500,2.770021928151e-07,0.000000000000e+00,20000,20426,47.7363
35,46,0.1796875000,-0.0703125000,1.143371692329e-06,0.000000000000e+00,20000,20426,48.3520
35,47,0.1835937500,-0.0664062500,4.276568117328e-06,0.000000000000e+00,20000,20426,48.9249
35,48,0.1875000000,-0.0625000000,1.455227128953e-05,0.000000000000e+00,20000,20426,49.4567
35,49,0.1914062500,-0.0585937500,4.521172712481e-05,0.000000000000e+00,20000,20426,49.9490
35,50,0.1953125000,-0.0546875000,1.286669470338e-04,1.500000000000e-04,20000,20426,50.4033
35,51,0.1992187500,-0.0507812500,3.364016659839e-04,1.000000000000e-04,20000,20426,50.8206
35,52,0.2031250000,-0.0468750000,8.101889373285e-04,6.500000000000e-04,20000,20426,51.2024
35,53,0.2070312500,-0.0429687500,1.801799273139e-03,1.650000000000e-03,20000,20426,51.5495
35,54,0.2109375000,-0.0390625000,3.708307355427e-03,3.550000000000e-03,20000,20426,51.8630
35,55,0.2148437500,-0.0351562500,7.077205812083e-03,6.700000000000e-03,20000,20426,52.1436
35,56,0.2187500000,-0.0312500000,1.254727203699e-02,1.120000000000e-02,20000,20426,52.3923
35,57,0.2226562500,-0.0273437500,2.069882025285e-02,2.065000000000e-02,20000,20426,52.6097
35,58,0.2265625000,-0.0234375000,3.181894903082e-02,3.195000000000e-02,20000,20426,52.7965
35,59,0.2304687500,-0.0195312500,4.563911314845e-02,4.370000000000e-02,20000,20426,52.9531
35,60,0.2343750000,-0.0156250000,6.115084534108e-02,6.100000000000e-02,20000,20426,53.0802
35,61,0.2382812500,-0.0117187500,7.661663064536e-02,7.680000000000e-02,20000,20426,53.1781
35,62,0.2421875000,-0.0078125000,8.984243459340e-02,9.190000000000e-02,20000,20426,53.2473
35,63,0.2460937500,-0.0039062500,9.867419508033e-02,9.690000000000e-02,20000,20426,53.2880
35,64,0.2500000000,0.0000000000,1.015686709768e-01,1.012500000000e-01,20000,20426,53.3005
35,65,0.2539062500,0.0039062500,9.803166703835e-02,1.008000000000e-01,20000,20426,53.2852
35,66,0.2578125000,0.0078125000,8.875367440020e-02,9.230000000000e-02,20000,20426,53.2420
35,67,0.2617187500,0.0117187500,7.539270578192e-02,7.470000000000e-02,20000,20426,53.1711
35,68,0.2656250000,0.0156250000,6.009684361084e-02,5.915000000000e-02,20000,20426,53.0726
35,69,0.2695312500,0.0195312500,4.495268214384e-02,4.515000000000e-02,20000,20426,52.9465
35,70,0.2734375000,0.0234375000,3.154919331083e-02,3.120000000000e-02,20000,20426,52.7928
35,71,0.2773437500,0.0273437500,2.077016061974e-02,2.120000000000e-02,20000,20426,52.6112
35,72,0.2812500000,0.0312500000,1.282158023495e-02,1.250000000000e-02,20000,20426,52.4017
35,73,0.2851562500,0.0351562500,7.417585288135e-03,6.800000000000e-03,20000,20426,52.1640
35,74,0.2890625000,0.0390625000,4.018893143337e-03,3.750000000000e-03,20000,20426,51.8979
35,75,0.2929687500,0.0429687500,2.037543574901e-03,2.500000000000e-03,20000,20426,51.6029
35,76,0.2968750000,0.0468750000,9.656552564738e-04,1.250000000000e-03,20000,20426,51.2786
35,77,0.3007812500,0.0507812500,4.272955444528e-04,2.500000000000e-04,20000,20426,50.9245
35,78,0.3046875000,0.0546875000,1.762837010030e-04,2.500000000000e-04,20000,20426,50.5400
35,79,0.3085937500,0.0585937500,6.769563533871e-05,5.000000000000e-05,20000,20426,50.1243
35,80,0.3125000000,0.0625000000,2.415184157956e-05,0.000000000000e+00,20000,20426,49.6767
35,81,0.3164062500,0.0664062500,7.987897767198e-06,0.000000000000e+00,20000,20426,49.1962
35,82,0.3203125000,0.0703125000,2.442964664592e-06,0.000000000000e+00,20000,20426,48.6817
35,83,0.3242187500,0.0742187500,6.888922773388e-07,0.000000000000e+00,20000,20426,48.1319
35,84,0.3281250000,0.0781250000,1.785225575781e-07,0.000000000000e+00,20000,20426,47.5455
35,85,0.3320312500,0.0820312500,4.235252415295e-08,0.000000000000e+00,20000,20426,46.9207
35,86,0.3359375000,0.0859375000,9.157642984861e-09,0.000000000000e+00,20000,20426,46.2556
35,87,0.3398437500,0.0898437500,1.795409648115e-09,0.000000000000e+00,20000,20426,45.5479
35,88,0.3437500000,0.0937500000,3.172407972537e-10,0.000000000000e+00,20000,20426,44.7952
35,89,0.3476562500,0.0976562500,5.015898213494e-11,0.000000000000e+00,20000,20426,43.9941
35,90,0.3515625000,0.1015625000,7.035895420422e-12,0.000000000000e+00,20000,20426,43.1411
35,91,0.3554687500,0.1054687500,8.665257787413e-13,0.000000000000e+00,20000,20426,42.2316
35,92,0.3593750000,0.1093750000,9.250140019924e-14,0.000000000000e+00,20000,20426,41.2599
35,93,0.3632812500,0.1132812500,8.420745740327e-15,0.000000000000e+00,20000,20426,40.2191
35,94,0.3671875000,0.1171875000,6.399772713634e-16,0.000000000000e+00,20000,20426,39.0999
35,95,0.3710937500,0.1210937500,3.945005441422e-17,0.000000000000e+00,20000,20426,37.8898
35,96,0.3750000000,0.1250000000,1.892010080183e-18,0.000000000000e+00,20000,20426,36.5707
35,97,0.3789062500,0.1289062500,6.612676819559e-20,0.000000000000e+00,20000,20426,35.1142
35,98,0.3828125000,0.1328125000,1.495662101678e-21,0.000000000000e+00,20000,20426,33.4686
35,99,0.3867187500,0.1367187500,1.640193853445e-23,0.000000000000e+00,20000,20426,31.5087
36,28,0.1093750000,-0.1406250000,2.949990277511e-27,0.000000000000e+00,20000,20438,28.8858
36,29,0.1132812500,-0.1367187500,5.007862805581e-25,0.000000000000e+00,20000,20438,31.1157
36,30,0.1171875000,-0.1328125000,3.996368359062e-23,0.000000000000e+00,20000,20438,33.0177
36,31,0.1210937500,-0.1289062500,2.001797672335e-21,0.000000000000e+00,20000,20438,34.7174
36,32,0.1250000000,-0.1250000000,7.090563859895e-20,0.000000000000e+00,20000,20438,36.2667
36,33,0.1289062500,-0.1210937500,1.897055304141e-18,0.000000000000e+00,20000,20438,37.6941
36,34,0.1328125000,-0.1171875000,3.998930587445e-17,0.000000000000e+00,20000,20438,39.0179
36,35,0.1367187500,-0.1132812500,6.840656546020e-16,0.000000000000e+00,20000,20438,40.2511
36,36,0.1406250000,-0.1093750000,9.706908172904e-15,0.000000000000e+00,20000,20438,41.4031
36,37,0.1445312500,-0.1054687500,1.162276722193e-13,0.000000000000e+00,20000,20438,42.4813
36,38,0.1484375000,-0.1015625000,1.190547340487e-12,0.000000000000e+00,20000,20438,43.4917
36,39,0.1523437500,-0.0976562500,1.055150741657e-11,0.000000000000e+00,20000,20438,44.4393
36,40,0.1562500000,-0.0937500000,8.168869392412e-11,0.000000000000e+00,20000,20438,45.3282
36,41,0.1601562500,-0.0898437500,5.569874680515e-10,0.000000000000e+00,20000,20438,46.1618
36,42,0.1640625000,-0.0859375000,3.368645331909e-09,0.000000000000e+00,20000,20438,46.9435
36,43,0.1679687500,-0.0820312500,1.818472561333e-08,0.000000000000e+00,20000,20438,47.6757
36,44,0.1718750000,-0.0781250000,8.810627183331e-08,0.000000000000e+00,20000,20438,48.3610
36,45,0.1757812500,-0.0742187500,3.850389996708e-07,0.000000000000e+00,20000,20438,49.0015
36,46,0.1796875000,-0.0703125000,1.524510912143e-06,0.000000000000e+00,20000,20438,49.5991
36,47,0.1835937500,-0.0664062500,5.490671611534e-06,0.000000000000e+00,20000,20438,50.1556
36,48,0.1875000000,-0.0625000000,1.805368264170e-05,0.000000000000e+00,20000,20438,50.6726
36,49,0.1914062500,-0.0585937500,5.437287077195e-05,1.500000000000e-04,20000,20438,51.1514
36,50,0.1953125000,-0.0546875000,1.504443332882e-04,1.000000000000e-04,20000,20438,51.5934
36,51,0.1992187500,-0.0507812500,3.834695337373e-04,4.500000000000e-04,20000,20438,51.9997
36,52,0.2031250000,-0.0468750000,9.026638399192e-04,1.050000000000e-03,20000,20438,52.3715
36,53,0.2070312500,-0.0429687500,1.966725179700e-03,1.300000000000e-03,20000,20438,52.7097
36,54,0.2109375000,-0.0390625000,3.974455069491e-03,4.550000000000e-03,20000,20438,53.0153
36,55,0.2148437500,-0.0351562500,7.463454968798e-03,8.200000000000e-03,20000,20438,53.2889
36,56,0.2187500000,-0.0312500000,1.304568600070e-02,1.310000000000e-02,20000,20438,53.5315
36,57,0.2226562500,-0.0273437500,2.125808028078e-02,2.115000000000e-02,20000,20438,53.7435
36,58,0.2265625000,-0.0234375000,3.233778201741e-02,3.315000000000e-02,20000,20438,53.9257
36,59,0.2304687500,-0.0195312500,4.597922724303e-02,4.385000000000e-02,20000,20438,54.0786
36,60,0.2343750000,-0.0156250000,6.117232318279e-02,6.225000000000e-02,20000,20438,54.2026
36,61,0.2382812500,-0.0117187500,7.622718583108e-02,7.340000000000e-02,20000,20438,54.2981
36,62,0.2421875000,-0.0078125000,8.904130353613e-02,9.275000000000e-02,20000,20438,54.3656
36,63,0.2460937500,-0.0039062500,9.756906223219e-02,9.540000000000e-02,20000,20438,54.4053
36,64,0.2500000000,0.0000000000,1.003535270380e-01,9.920000000000e-02,20000,20438,54.4175
36,65,0.2539062500,0.0039062500,9.693119262812e-02,9.520000000000e-02,20000,20438,54.4025
36,66,0.2578125000,0.0078125000,8.795603946963e-02,8.675000000000e-02,20000,20438,54.3603
36,67,0.2617187500,0.0117187500,7.499810484381e-02,7.810000000000e-02,20000,20438,54.2911
36,68,0.2656250000,0.0156250000,6.010064749513e-02,6.080000000000e-02,20000,20438,54.1949
36,69,0.2695312500,0.0195312500,4.526513745572e-02,4.545000000000e-02,20000,20438,54.0718
36,70,0.2734375000,0.0234375000,3.203796104875e-02,3.165000000000e-02,20000,20438,53.9217
36,71,0.2773437500,0.0273437500,2.130542595202e-02,2.165000000000e-02,20000,20438,53.7445
36,72,0.2812500000,0.0312500000,1.330740794109e-02,1.395000000000e-02,20000,20438,53.5401
36,73,0.2851562500,0.0351562500,7.803174082425e-03,8.100000000000e-03,20000,20438,53.3083
36,74,0.2890625000,0.0390625000,4.292995169496e-03,4.550000000000e-03,20000,20438,53.0488
36,75,0.2929687500,0.0429687500,2.214286018676e-03,1.850000000000e-03,20000,20438,52.7612
36,76,0.2968750000,0.0468750000,1.069783303520e-03,8.500000000000e-04,20000,20438,52.4453
36,77,0.3007812500,0.0507812500,4.835900292235e-04,5.000000000000e-04,20000,20438,52.1005
36,78,0.3046875000,0.0546875000,2.042811719993e-04,2.500000000000e-04,20000,20438,51.7262
36,79,0.3085937500,0.0585937500,8.052120821722e-05,3.000000000000e-04,20000,20438,51.3219
36,80,0.3125000000,0.0625000000,2.956557990100e-05,0.000000000000e+00,20000,20438,50.8868
36,81,0.3164062500,0.0664062500,1.009276386882e-05,0.000000000000e+00,20000,20438,50.4200
36,82,0.3203125000,0.0703125000,3.196030809043e-06,0.000000000000e+00,20000,20438,49.9206
36,83,0.3242187500,0.0742187500,9.364346608986e-07,0.000000000000e+00,20000,20438,49.3875
36,84,0.3281250000,0.0781250000,2.531256744331e-07,0.000000000000e+00,20000,20438,48.8193
36,85,0.3320312500,0.0820312500,6.291084517717e-08,0.000000000000e+00,20000,20438,48.2147
36,86,0.3359375000,0.0859375000,1.432066052278e-08,0.000000000000e+00,20000,20438,47.5720
36,87,0.3398437500,0.0898437500,2.972377961216e-09,0.000000000000e+00,20000,20438,46.8891
36,88,0.3437500000,0.0937500000,5.596129181136e-10,0.000000000000e+00,20000,20438,46.1639
36,89,0.3476562500,0.0976562500,9.498760997853e-11,0.000000000000e+00,20000,20438,45.3937
36,90,0.3515625000,0.1015625000,1.443156749747e-11,0.000000000000e+00,20000,20438,44.5753
36,91,0.3554687500,0.1054687500,1.945754163775e-12,0.000000000000e+00,20000,20438,43.7051
36,92,0.3593750000,0.1093750000,2.303855882373e-13,0.000000000000e+00,20000,20438,42.7785
36,93,0.3632812500,0.1132812500,2.364906484658e-14,0.000000000000e+00,20000,20438,41.7898
36,94,0.3671875000,0.1171875000,2.070525752162e-15,0.000000000000e+00,20000,20438,40.7321
36,95,0.3710937500,0.1210937500,1.513625394918e-16,0.000000000000e+00,20000,20438,39.5960
36,96,0.3750000000,0.1250000000,8.975781292161e-18,0.000000000000e+00,20000,20438,38.3691
36,97,0.3789062500,0.1289062500,4.141470132297e-19,0.000000000000e+00,20000,20438,37.0332
36,98,0.3828125000,0.1328125000,1.392643691344e-20,0.000000000000e+00,20000,20438,35.5598
36,99,0.3867187500,0.1367187500,3.030704242728e-22,0.000000000000e+00,20000,20438,33.8975
36,100,0.3906250000,0.1406250000,3.197862229987e-24,0.000000000000e+00,20000,20438,31.9209
