BitsFlipped,OutputOnes,OutputFraction,ErrorPerN,Probability,MC_Probability,MC_Trials,LevelRealTrials,Log10TrialCount
0,128,0.5000000000,0.0000000000,1.000000000000e+00,1.000000000000e+00,20000,20000,0.0000
1,127,0.4960937500,-0.0039062500,2.500000000000e-01,2.509000000000e-01,20000,20000,2.2833
1,128,0.5000000000,0.0000000000,5.000000000000e-01,4.965000000000e-01,20000,20000,2.5843
1,129,0.5039062500,0.0039062500,2.500000000000e-01,2.526000000000e-01,20000,20000,2.2833
2,126,0.4921875000,-0.0078125000,6.203824424163e-02,6.215000000000e-02,20000,20000,4.2618
2,127,0.4960937500,-0.0039062500,2.503259452412e-01,2.527000000000e-01,20000,20000,4.8676
2,128,0.5000000000,0.0000000000,3.752716210343e-01,3.748500000000e-01,20000,20000,5.0435
2,129,0.5039062500,0.0039062500,2.503259452412e-01,2.484500000000e-01,20000,20000,4.8676
2,130,0.5078125000,0.0078125000,6.203824424163e-02,6.185000000000e-02,20000,20000,4.2618
3,125,0.4882812500,-0.0117187500,1.528027886615e-02,1.495000000000e-02,20000,20000,6.0604
3,126,0.4921875000,-0.0078125000,9.330033598742e-02,9.425000000000e-02,20000,20000,6.8461
3,127,0.4960937500,-0.0039062500,2.347197211338e-01,2.293500000000e-01,20000,20000,7.2468
3,128,0.5000000000,0.0000000000,3.133993280252e-01,3.176500000000e-01,20000,20000,7.3723
3,129,0.5039062500,0.0039062500,2.347197211338e-01,2.382000000000e-01,20000,20000,7.2468
3,130,0.5078125000,0.0078125000,9.330033598742e-02,8.950000000000e-02,20000,20000,6.8461
3,131,0.5117187500,0.0117187500,1.528027886615e-02,1.610000000000e-02,20000,20000,6.0604
4,124,0.4843750000,-0.0156250000,3.735319448363e-03,3.650000000000e-03,20000,20000,7.7302
4,125,0.4882812500,-0.0117187500,3.068040305675e-02,3.225000000000e-02,20000,20000,8.6447
4,126,0.4921875000,-0.0078125000,1.089234227647e-01,1.081500000000e-01,20000,20000,9.1950
4,127,0.4960937500,-0.0039062500,2.193183187266e-01,2.139000000000e-01,20000,20000,9.4989
4,128,0.5000000000,0.0000000000,2.746850720072e-01,2.743000000000e-01,20000,20000,9.5967
4,129,0.5039062500,0.0039062500,2.193183187266e-01,2.230500000000e-01,20000,20000,9.4989
4,130,0.5078125000,0.0078125000,1.089234227647e-01,1.102000000000e-01,20000,20000,9.1950
4,131,0.5117187500,0.0117187500,3.068040305675e-02,3.005000000000e-02,20000,20000,8.6447
4,132,0.5156250000,0.0156250000,3.735319448363e-03,4.450000000000e-03,20000,20000,7.7302
5,123,0.4804687500,-0.0195312500,9.061933526773e-04,9.500000000000e-04,20000,20000,9.2992
5,124,0.4843750000,-0.0156250000,9.387190236724e-03,8.650000000000e-03,20000,20000,10.3145
5,125,0.4882812500,-0.0117187500,4.321038015305e-02,4.270000000000e-02,20000,20000,10.9775
5,126,0.4921875000,-0.0078125000,1.168076225403e-01,1.141000000000e-01,20000,20000,11.4094
5,127,0.4960937500,-0.0039062500,2.058834264943e-01,2.076500000000e-01,20000,20000,11.6556
5,128,0.5000000000,0.0000000000,2.476103744459e-01,2.472000000000e-01,20000,20000,11.7357
5,129,0.5039062500,0.0039062500,2.058834264943e-01,2.039500000000e-01,20000,20000,11.6556
5,130,0.5078125000,0.0078125000,1.168076225403e-01,1.193000000000e-01,20000,20000,11.4094
5,131,0.5117187500,0.0117187500,4.321038015305e-02,4.505000000000e-02,20000,20000,10.9775
5,132,0.5156250000,0.0156250000,9.387190236724e-03,9.400000000000e-03,20000,20000,10.3145
5,133,0.5195312500,0.0195312500,9.061933526773e-04,1.050000000000e-03,20000,20000,9.2992
6,122,0.4765625000,-0.0234375000,2.181635436240e-04,2.500000000000e-04,20000,20000,10.7851
6,123,0.4804687500,-0.0195312500,2.736395130496e-03,3.500000000000e-03,20000,20000,11.8835
6,124,0.4843750000,-0.0156250000,1.552844250854e-02,1.250000000000e-02,20000,20000,12.6375
6,125,0.4882812500,-0.0117187500,5.287330700554e-02,5.230000000000e-02,20000,20000,13.1696
6,126,0.4921875000,-0.0078125000,1.205877039950e-01,1.220500000000e-01,20000,20000,13.5276
6,127,0.4960937500,-0.0039062500,1.943903062402e-01,1.956000000000e-01,20000,20000,13.7350
6,128,0.5000000000,0.0000000000,2.273313631532e-01,2.260000000000e-01,20000,20000,13.8030
6,129,0.5039062500,0.0039062500,1.943903062402e-01,1.940000000000e-01,20000,20000,13.7350
6,130,0.5078125000,0.0078125000,1.205877039950e-01,1.216000000000e-01,20000,20000,13.5276
6,131,0.5117187500,0.0117187500,5.287330700554e-02,5.275000000000e-02,20000,20000,13.1696
6,132,0.5156250000,0.0156250000,1.552844250854e-02,1.585000000000e-02,20000,20000,12.6375
6,133,0.5195312500,0.0195312500,2.736395130496e-03,3.450000000000e-03,20000,20000,11.8835
6,134,0.5234375000,0.0234375000,2.181635436240e-04,1.500000000000e-04,20000,20000,10.7851
7,121,0.4726562500,-0.0273437500,5.211740120872e-05,5.000000000000e-05,20000,20000,12.2002
7,122,0.4765625000,-0.0234375000,7.695847838074e-04,7.500000000000e-04,20000,20000,13.3694
7,123,0.4804687500,-0.0195312500,5.206783850291e-03,5.350000000000e-03,20000,20000,14.1998
7,124,0.4843750000,-0.0156250000,2.144685827673e-02,2.095000000000e-02,20000,20000,14.8146
7,125,0.4882812500,-0.0117187500,6.021038010624e-02,6.105000000000e-02,20000,20000,15.2629
7,126,0.4921875000,-0.0078125000,1.220731897936e-01,1.255500000000e-01,20000,20000,15.5698
7,127,0.4960937500,-0.0039062500,1.845307186423e-01,1.872000000000e-01,20000,20000,15.7493
7,128,0.5000000000,0.0000000000,2.114207342918e-01,2.078000000000e-01,20000,20000,15.8083
7,129,0.5039062500,0.0039062500,1.845307186423e-01,1.802000000000e-01,20000,20000,15.7493
7,130,0.5078125000,0.0078125000,1.220731897936e-01,1.250500000000e-01,20000,20000,15.5698
7,131,0.5117187500,0.0117187500,6.021038010624e-02,5.980000000000e-02,20000,20000,15.2629
7,132,0.5156250000,0.0156250000,2.144685827673e-02,2.095000000000e-02,20000,20000,14.8146
7,133,0.5195312500,0.0195312500,5.206783850291e-03,4.400000000000e-03,20000,20000,14.1998
7,134,0.5234375000,0.0234375000,7.695847838074e-04,8.500000000000e-04,20000,20000,13.3694
7,135,0.5273437500,0.0273437500,5.211740120872e-05,5.000000000000e-05,20000,20000,12.2002
8,120,0.4687500000,-0.0312500000,1.235359080780e-05,0.000000000000e+00,20000,20000,13.5533
8,121,0.4726562500,-0.0273437500,2.103871964694e-04,1.000000000000e-04,20000,20000,14.7845
8,122,0.4765625000,-0.0234375000,1.657089193916e-03,1.600000000000e-03,20000,20000,15.6808
8,123,0.4804687500,-0.0195312500,8.030019067450e-03,7.700000000000e-03,20000,20000,16.3662
8,124,0.4843750000,-0.0156250000,2.684601635583e-02,2.635000000000e-02,20000,20000,16.8904
8,125,0.4882812500,-0.0117187500,6.575948439049e-02,6.780000000000e-02,20000,20000,17.2794
8,126,0.4921875000,-0.0078125000,1.222282043994e-01,1.189000000000e-01,20000,20000,17.5487
8,127,0.4960937500,-0.0039062500,1.760001092685e-01,1.768500000000e-01,20000,20000,17.7070
8,128,0.5000000000,0.0000000000,1.985126730741e-01,2.006500000000e-01,20000,20000,17.7593
8,129,0.5039062500,0.0039062500,1.760001092685e-01,1.760500000000e-01,20000,20000,17.7070
8,130,0.5078125000,0.0078125000,1.222282043994e-01,1.225000000000e-01,20000,20000,17.5487
8,131,0.5117187500,0.0117187500,6.575948439049e-02,6.390000000000e-02,20000,20000,17.2794
8,132,0.5156250000,0.0156250000,2.684601635583e-02,2.765000000000e-02,20000,20000,16.8904
8,133,0.5195312500,0.0195312500,8.030019067450e-03,7.900000000000e-03,20000,20000,16.3662
8,134,0.5234375000,0.0234375000,1.657089193916e-03,1.850000000000e-03,20000,20000,15.6808
8,135,0.5273437500,0.0273437500,2.103871964694e-04,2.000000000000e-04,20000,20000,14.7845
8,136,0.5312500000,0.0312500000,1.235359080780e-05,0.000000000000e+00,20000,20000,13.5533
9,119,0.4648437500,-0.0351562500,2.905251342305e-06,5.000000000000e-05,20000,20000,14.8512
9,120,0.4687500000,-0.0312500000,5.617632872599e-05,0.000000000000e+00,20000,20000,16.1376
9,121,0.4726562500,-0.0273437500,5.059970163470e-04,4.500000000000e-04,20000,20000,17.0922
9,122,0.4765625000,-0.0234375000,2.826392057394e-03,2.950000000000e-03,20000,20000,17.8393
9,123,0.4804687500,-0.0195312500,1.099011110489e-02,1.095000000000e-02,20000,20000,18.4291
9,124,0.4843750000,-0.0156250000,3.163626528799e-02,3.095000000000e-02,20000,20000,18.8882
9,125,0.4882812500,-0.0117187500,6.995281025370e-02,7.145000000000e-02,20000,20000,19.2329
9,126,0.4921875000,-0.0078125000,1.215949452714e-01,1.237000000000e-01,20000,20000,19.4730
9,127,0.4960937500,-0.0039062500,1.685481763737e-01,1.666500000000e-01,20000,20000,19.6148
9,128,0.5000000000,0.0000000000,1.877724421091e-01,1.862500000000e-01,20000,20000,19.6617
9,129,0.5039062500,0.0039062500,1.685481763737e-01,1.733000000000e-01,20000,20000,19.6148
9,130,0.5078125000,0.0078125000,1.215949452714e-01,1.213000000000e-01,20000,20000,19.4730
9,131,0.5117187500,0.0117187500,6.995281025370e-02,6.880000000000e-02,20000,20000,19.2329
9,132,0.5156250000,0.0156250000,3.163626528799e-02,2.975000000000e-02,20000,20000,18.8882
9,133,0.5195312500,0.0195312500,1.099011110489e-02,9.900000000000e-03,20000,20000,18.4291
9,134,0.5234375000,0.0234375000,2.826392057394e-03,3.050000000000e-03,20000,20000,17.8393
9,135,0.5273437500,0.0273437500,5.059970163470e-04,4.500000000000e-04,20000,20000,17.0922
9,136,0.5312500000,0.0312500000,5.617632872599e-05,5.000000000000e-05,20000,20000,16.1376
9,137,0.5351562500,0.0351562500,2.905251342305e-06,0.000000000000e+00,20000,20000,14.8512
10,118,0.4609375000,-0.0390625000,6.778348839712e-07,0.000000000000e+00,20000,20000,16.0994
10,119,0.4648437500,-0.0351562500,1.469850481482e-05,0.000000000000e+00,20000,20000,17.4356
10,120,0.4687500000,-0.0312500000,1.493218720627e-04,4.000000000000e-04,20000,20000,18.4424
10,121,0.4726562500,-0.0273437500,9.465750829439e-04,9.000000000000e-04,20000,20000,19.2445
10,122,0.4765625000,-0.0234375000,4.205889527020e-03,3.550000000000e-03,20000,20000,19.8922
10,123,0.4804687500,-0.0195312500,1.394285951738e-02,1.300000000000e-02,20000,20000,20.4126
10,124,0.4843750000,-0.0156250000,3.582370795454e-02,3.550000000000e-02,20000,20000,20.8225
10,125,0.4882812500,-0.0117187500,7.311778291406e-02,7.165000000000e-02,20000,20000,21.1323
10,126,0.4921875000,-0.0078125000,1.204916606306e-01,1.197500000000e-01,20000,20000,21.3493
10,127,0.4960937500,-0.0039062500,1.619780839817e-01,1.633500000000e-01,20000,20000,21.4778
10,128,0.5000000000,0.0000000000,1.786574843600e-01,1.893500000000e-01,20000,20000,21.5203
10,129,0.5039062500,0.0039062500,1.619780839817e-01,1.585500000000e-01,20000,20000,21.4778
10,130,0.5078125000,0.0078125000,1.204916606306e-01,1.157000000000e-01,20000,20000,21.3493
10,131,0.5117187500,0.0117187500,7.311778291406e-02,7.325000000000e-02,20000,20000,21.1323
10,132,0.5156250000,0.0156250000,3.582370795454e-02,3.495000000000e-02,20000,20000,20.8225
10,133,0.5195312500,0.0195312500,1.394285951738e-02,1.470000000000e-02,20000,20000,20.4126
10,134,0.5234375000,0.0234375000,4.205889527020e-03,4.100000000000e-03,20000,20000,19.8922
10,135,0.5273437500,0.0273437500,9.465750829439e-04,1.100000000000e-03,20000,20000,19.2445
10,136,0.5312500000,0.0312500000,1.493218720627e-04,1.500000000000e-04,20000,20000,18.4424
10,137,0.5351562500,0.0351562500,1.469850481482e-05,5.000000000000e-05,20000,20000,17.4356
10,138,0.5390625000,0.0390625000,6.778348839712e-07,0.000000000000e+00,20000,20000,16.0994
11,117,0.4570312500,-0.0429687500,1.568855699209e-07,0.000000000000e+00,20000,20000,17.3022
11,118,0.4609375000,-0.0390625000,3.777275131787e-06,0.000000000000e+00,20000,20000,18.6838
11,119,0.4648437500,-0.0351562500,4.280394683913e-05,0.000000000000e+00,20000,20000,19.7381
11,120,0.4687500000,-0.0312500000,3.041786872956e-04,5.000000000000e-04,20000,20000,20.5897
11,121,0.4726562500,-0.0273437500,1.523369849437e-03,1.350000000000e-03,20000,20000,21.2894
11,122,0.4765625000,-0.0234375000,5.726630151413e-03,6.750000000000e-03,20000,20000,21.8645
11,123,0.4804687500,-0.0195312500,1.679904414416e-02,1.760000000000e-02,20000,20000,22.3319
11,124,0.4843750000,-0.0156250000,3.945495329962e-02,3.915000000000e-02,20000,20000,22.7027
11,125,0.4882812500,-0.0117187500,7.549839383245e-02,7.650000000000e-02,20000,20000,22.9845
11,126,0.4921875000,-0.0078125000,1.191115007931e-01,1.210500000000e-01,20000,20000,23.1825
11,127,0.4960937500,-0.0039062500,1.561362313415e-01,1.561500000000e-01,20000,20000,23.3001
11,128,0.5000000000,0.0000000000,1.707979195869e-01,1.689000000000e-01,20000,20000,23.3391
11,129,0.5039062500,0.0039062500,1.561362313415e-01,1.534500000000e-01,20000,20000,23.3001
11,130,0.5078125000,0.0078125000,1.191115007931e-01,1.194000000000e-01,20000,20000,23.1825
11,131,0.5117187500,0.0117187500,7.549839383245e-02,7.465000000000e-02,20000,20000,22.9845
11,132,0.5156250000,0.0156250000,3.945495329962e-02,3.955000000000e-02,20000,20000,22.7027
11,133,0.5195312500,0.0195312500,1.679904414416e-02,1.700000000000e-02,20000,20000,22.3319
11,134,0.5234375000,0.0234375000,5.726630151413e-03,6.250000000000e-03,20000,20000,21.8645
11,135,0.5273437500,0.0273437500,1.523369849437e-03,1.150000000000e-03,20000,20000,21.2894
11,136,0.5312500000,0.0312500000,3.041786872956e-04,5.500000000000e-04,20000,20000,20.5897
11,137,0.5351562500,0.0351562500,4.280394683913e-05,5.000000000000e-05,20000,20000,19.7381
11,138,0.5390625000,0.0390625000,3.777275131787e-06,0.000000000000e+00,20000,20000,18.6838
11,139,0.5429687500,0.0429687500,1.568855699209e-07,0.000000000000e+00,20000,20000,17.3022
12,116,0.4531250000,-0.0468750000,3.601883217811e-08,0.000000000000e+00,20000,20000,18.4630
12,117,0.4570312500,-0.0429687500,9.549916858591e-07,0.000000000000e+00,20000,20000,19.8865
12,118,0.4609375000,-0.0390625000,1.196298196749e-05,0.000000000000e+00,20000,20000,20.9843
12,119,0.4648437500,-0.0351562500,9.435971698382e-05,2.000000000000e-04,20000,20000,21.8813
12,120,0.4687500000,-0.0312500000,5.268369526912e-04,2.500000000000e-04,20000,20000,22.6282
12,121,0.4726562500,-0.0273437500,2.218607126193e-03,2.050000000000e-03,20000,20000,23.2526
12,122,0.4765625000,-0.0234375000,7.330115567367e-03,7.550000000000e-03,20000,20000,23.7716
12,123,0.4804687500,-0.0195312500,1.950758684020e-02,1.835000000000e-02,20000,20000,24.1967
12,124,0.4843750000,-0.0156250000,4.259042657415e-02,4.295000000000e-02,20000,20000,24.5358
12,125,0.4882812500,-0.0117187500,7.727629163200e-02,7.435000000000e-02,20000,20000,24.7945
12,126,0.4921875000,-0.0078125000,1.175747250368e-01,1.189500000000e-01,20000,20000,24.9768
12,127,0.4960937500,-0.0039062500,1.509021996929e-01,1.510000000000e-01,20000,20000,25.0852
12,128,0.5000000000,0.0000000000,1.639317937364e-01,1.651000000000e-01,20000,20000,25.1212
12,129,0.5039062500,0.0039062500,1.509021996929e-01,1.511500000000e-01,20000,20000,25.0852
12,130,0.5078125000,0.0078125000,1.175747250368e-01,1.178000000000e-01,20000,20000,24.9768
12,131,0.5117187500,0.0117187500,7.727629163200e-02,8.035000000000e-02,20000,20000,24.7945
12,132,0.5156250000,0.0156250000,4.259042657415e-02,4.175000000000e-02,20000,20000,24.5358
12,133,0.5195312500,0.0195312500,1.950758684020e-02,1.980000000000e-02,20000,20000,24.1967
12,134,0.5234375000,0.0234375000,7.330115567367e-03,5.650000000000e-03,20000,20000,23.7716
12,135,0.5273437500,0.0273437500,2.218607126193e-03,1.900000000000e-03,20000,20000,23.2526
12,136,0.5312500000,0.0312500000,5.268369526912e-04,8.000000000000e-04,20000,20000,22.6282
12,137,0.5351562500,0.0351562500,9.435971698382e-05,5.000000000000e-05,20000,20000,21.8813
12,138,0.5390625000,0.0390625000,1.196298196749e-05,0.000000000000e+00,20000,20000,20.9843
12,139,0.5429687500,0.0429687500,9.549916858591e-07,0.000000000000e+00,20000,20000,19.8865
12,140,0.5468750000,0.0468750000,3.601883217811e-08,0.000000000000e+00,20000,20000,18.4630
13,115,0.4492187500,-0.0507812500,8.202229997825e-09,0.000000000000e+00,20000,20000,19.5850
13,116,0.4531250000,-0.0468750000,2.378386378745e-07,0.000000000000e+00,20000,20000,21.0473
13,117,0.4570312500,-0.0429687500,3.268862739623e-06,0.000000000000e+00,20000,20000,22.1855
13,118,0.4609375000,-0.0390625000,2.838512069215e-05,0.000000000000e+00,20000,20000,23.1242
13,119,0.4648437500,-0.0351562500,1.751071645288e-04,2.500000000000e-04,20000,20000,23.9144
13,120,0.4687500000,-0.0312500000,8.179810410161e-04,1.100000000000e-03,20000,20000,24.5838
13,121,0.4726562500,-0.0273437500,3.010861190794e-03,3.000000000000e-03,20000,20000,25.1498
13,122,0.4765625000,-0.0234375000,8.970020588272e-03,8.400000000000e-03,20000,20000,25.6239
13,123,0.4804687500,-0.0195312500,2.204258410104e-02,2.240000000000e-02,20000,20000,26.0143
13,124,0.4843750000,-0.0156250000,4.529190228929e-02,4.940000000000e-02,20000,20000,26.3271
13,125,0.4882812500,-0.0117187500,7.858745164315e-02,7.680000000000e-02,20000,20000,26.5664
13,126,0.4921875000,-0.0078125000,1.159576145323e-01,1.162500000000e-01,20000,20000,26.7354
13,127,0.4960937500,-0.0039062500,1.461807188355e-01,1.440000000000e-01,20000,20000,26.8360
13,128,0.5000000000,0.0000000000,1.578677171795e-01,1.610500000000e-01,20000,20000,26.8694
13,129,0.5039062500,0.0039062500,1.461807188355e-01,1.406500000000e-01,20000,20000,26.8360
13,130,0.5078125000,0.0078125000,1.159576145323e-01,1.179500000000e-01,20000,20000,26.7354
13,131,0.5117187500,0.0117187500,7.858745164315e-02,7.885000000000e-02,20000,20000,26.5664
13,132,0.5156250000,0.0156250000,4.529190228929e-02,4.415000000000e-02,20000,20000,26.3271
13,133,0.5195312500,0.0195312500,2.204258410104e-02,2.185000000000e-02,20000,20000,26.0143
13,134,0.5234375000,0.0234375000,8.970020588272e-03,9.200000000000e-03,20000,20000,25.6239
13,135,0.5273437500,0.0273437500,3.010861190794e-03,3.650000000000e-03,20000,20000,25.1498
13,136,0.5312500000,0.0312500000,8.179810410161e-04,7.500000000000e-04,20000,20000,24.5838
13,137,0.5351562500,0.0351562500,1.751071645288e-04,3.000000000000e-04,20000,20000,23.9144
13,138,0.5390625000,0.0390625000,2.838512069215e-05,0.000000000000e+00,20000,20000,23.1242
13,139,0.5429687500,0.0429687500,3.268862739623e-06,0.000000000000e+00,20000,20000,22.1855
13,140,0.5468750000,0.0468750000,2.378386378745e-07,0.000000000000e+00,20000,20000,21.0473
13,141,0.5507812500,0.0507812500,8.202229997825e-09,0.000000000000e+00,20000,20000,19.5850
14,114,0.4453125000,-0.0546875000,1.852497174459e-09,0.000000000000e+00,20000,20000,20.6706
14,115,0.4492187500,-0.0507812500,5.840422313683e-08,0.000000000000e+00,20000,20000,22.1693
14,116,0.4531250000,-0.0468750000,8.751455441293e-07,0.000000000000e+00,20000,20000,23.3450
14,117,0.4570312500,-0.0429687500,8.308837370546e-06,0.000000000000e+00,20000,20000,24.3224
14,118,0.4609375000,-0.0390625000,5.621354300544e-05,5.000000000000e-05,20000,20000,25.1527
14,119,0.4648437500,-0.0351562500,2.889277474120e-04,4.000000000000e-04,20000,20000,25.8637
14,120,0.4687500000,-0.0312500000,1.174336781192e-03,1.150000000000e-03,20000,20000,26.4727
14,121,0.4726562500,-0.0273437500,3.878401730538e-03,3.650000000000e-03,20000,20000,26.9915
14,122,0.4765625000,-0.0234375000,1.061129107418e-02,1.045000000000e-02,20000,20000,27.4287
14,123,0.4804687500,-0.0195312500,2.439420394898e-02,2.415000000000e-02,20000,20000,27.7902
14,124,0.4843750000,-0.0156250000,4.761705131734e-02,4.650000000000e-02,20000,20000,28.0806
14,125,0.4882812500,-0.0117187500,7.953448554738e-02,7.995000000000e-02,20000,20000,28.3034
14,126,0.4921875000,-0.0078125000,1.143091405787e-01,1.126000000000e-01,20000,20000,28.4610
14,127,0.4960937500,-0.0039062500,1.418956137841e-01,1.401000000000e-01,20000,20000,28.5549
14,128,0.5000000000,0.0000000000,1.524621794151e-01,1.509500000000e-01,20000,20000,28.5860
14,129,0.5039062500,0.0039062500,1.418956137841e-01,1.465500000000e-01,20000,20000,28.5549
14,130,0.5078125000,0.0078125000,1.143091405787e-01,1.157500000000e-01,20000,20000,28.4610
14,131,0.5117187500,0.0117187500,7.953448554738e-02,8.000000000000e-02,20000,20000,28.3034
14,132,0.5156250000,0.0156250000,4.761705131734e-02,4.635000000000e-02,20000,20000,28.0806
14,133,0.5195312500,0.0195312500,2.439420394898e-02,2.470000000000e-02,20000,20000,27.7902
14,134,0.5234375000,0.0234375000,1.061129107418e-02,1.110000000000e-02,20000,20000,27.4287
14,135,0.5273437500,0.0273437500,3.878401730538e-03,3.850000000000e-03,20000,20000,26.9915
14,136,0.5312500000,0.0312500000,1.174336781192e-03,1.200000000000e-03,20000,20000,26.4727
14,137,0.5351562500,0.0351562500,2.889277474120e-04,4.500000000000e-04,20000,20000,25.8637
14,138,0.5390625000,0.0390625000,5.621354300544e-05,5.000000000000e-05,20000,20000,25.1527
14,139,0.5429687500,0.0429687500,8.308837370546e-06,5.000000000000e-05,20000,20000,24.3224
14,140,0.5468750000,0.0468750000,8.751455441293e-07,0.000000000000e+00,20000,20000,23.3450
14,141,0.5507812500,0.0507812500,5.840422313683e-08,0.000000000000e+00,20000,20000,22.1693
14,142,0.5546875000,0.0546875000,1.852497174459e-09,0.000000000000e+00,20000,20000,20.6706
15,113,0.4414062500,-0.0585937500,4.149287431279e-10,0.000000000000e+00,20000,20000,21.7221
15,114,0.4453125000,-0.0546875000,1.415170255289e-08,0.000000000000e+00,20000,20000,23.2550
15,115,0.4492187500,-0.0507812500,2.299389854991e-07,0.000000000000e+00,20000,20000,24.4658
15,116,0.4531250000,-0.0468750000,2.373035989890e-06,0.000000000000e+00,20000,20000,25.4795
15,117,0.4570312500,-0.0429687500,1.749682336981e-05,0.000000000000e+00,20000,20000,26.3471
15,118,0.4609375000,-0.0390625000,9.827870758478e-05,5.000000000000e-05,20000,20000,27.0966
15,119,0.4648437500,-0.0351562500,4.378314575844e-04,3.500000000000e-04,20000,20000,27.7455
15,120,0.4687500000,-0.0312500000,1.590080988687e-03,1.500000000000e-03,20000,20000,28.3056
15,121,0.4726562500,-0.0273437500,4.801032925973e-03,4.600000000000e-03,20000,20000,28.7855
15,122,0.4765625000,-0.0234375000,1.222834452577e-02,1.095000000000e-02,20000,20000,29.1915
15,123,0.4804687500,-0.0195312500,2.656256210186e-02,2.640000000000e-02,20000,20000,29.5284
15,124,0.4843750000,-0.0156250000,4.961741058952e-02,4.735000000000e-02,20000,20000,29.7998
15,125,0.4882812500,-0.0117187500,8.019552712694e-02,7.905000000000e-02,20000,20000,30.0083
15,126,0.4921875000,-0.0078125000,1.126609071753e-01,1.159000000000e-01,20000,20000,30.1559
15,127,0.4960937500,-0.0039062500,1.379853192104e-01,1.339000000000e-01,20000,20000,30.2440
15,128,0.5000000000,0.0000000000,1.476051816510e-01,1.504000000000e-01,20000,20000,30.2733
15,129,0.5039062500,0.0039062500,1.379853192104e-01,1.403000000000e-01,20000,20000,30.2440
15,130,0.5078125000,0.0078125000,1.126609071753e-01,1.129500000000e-01,20000,20000,30.1559
15,131,0.5117187500,0.0117187500,8.019552712694e-02,7.880000000000e-02,20000,20000,30.0083
15,132,0.5156250000,0.0156250000,4.961741058952e-02,5.255000000000e-02,20000,20000,29.7998
15,133,0.5195312500,0.0195312500,2.656256210186e-02,2.740000000000e-02,20000,20000,29.5284
15,134,0.5234375000,0.0234375000,1.222834452577e-02,1.080000000000e-02,20000,20000,29.1915
15,135,0.5273437500,0.0273437500,4.801032925973e-03,4.650000000000e-03,20000,20000,28.7855
15,136,0.5312500000,0.0312500000,1.590080988687e-03,1.800000000000e-03,20000,20000,28.3056
15,137,0.5351562500,0.0351562500,4.378314575844e-04,2.500000000000e-04,20000,20000,27.7455
15,138,0.5390625000,0.0390625000,9.827870758478e-05,5.000000000000e-05,20000,20000,27.0966
15,139,0.5429687500,0.0429687500,1.749682336981e-05,0.000000000000e+00,20000,20000,26.3471
15,140,0.5468750000,0.0468750000,2.373035989890e-06,0.000000000000e+00,20000,20000,25.4795
15,141,0.5507812500,0.0507812500,2.299389854991e-07,0.000000000000e+00,20000,20000,24.4658
15,142,0.5546875000,0.0546875000,1.415170255289e-08,0.000000000000e+00,20000,20000,23.2550
15,143,0.5585937500,0.0585937500,4.149287431279e-10,0.000000000000e+00,20000,20000,21.7221
16,112,0.4375000000,-0.0625000000,9.216082155457e-11,0.000000000000e+00,20000,20000,22.7414
16,113,0.4414062500,-0.0585937500,3.385554047514e-09,0.000000000000e+00,20000,20000,24.3065
16,114,0.4453125000,-0.0546875000,5.936995737803e-08,0.000000000000e+00,20000,20000,25.5504
16,115,0.4492187500,-0.0507812500,6.626900847121e-07,0.000000000000e+00,20000,20000,26.5982
16,116,0.4531250000,-0.0468750000,5.296406237495e-06,0.000000000000e+00,20000,20000,27.5008
16,117,0.4570312500,-0.0429687500,3.232355354291e-05,0.000000000000e+00,20000,20000,28.2864
16,118,0.4609375000,-0.0390625000,1.568549214884e-04,3.000000000000e-04,20000,20000,28.9723
16,119,0.4648437500,-0.0351562500,6.221920024476e-04,2.500000000000e-04,20000,20000,29.5708
16,120,0.4687500000,-0.0312500000,2.057987786989e-03,2.050000000000e-03,20000,20000,30.0903
16,121,0.4726562500,-0.0273437500,5.760948556293e-03,5.850000000000e-03,20000,20000,30.5373
16,122,0.4765625000,-0.0234375000,1.380315614268e-02,1.445000000000e-02,20000,20000,30.9168
16,123,0.4804687500,-0.0195312500,2.855369673053e-02,2.760000000000e-02,20000,20000,31.2325
16,124,0.4843750000,-0.0156250000,5.133798402143e-02,5.230000000000e-02,20000,20000,31.4873
16,125,0.4882812500,-0.0117187500,8.063061468559e-02,7.795000000000e-02,20000,20000,31.6833
16,126,0.4921875000,-0.0078125000,1.110332570100e-01,1.127000000000e-01,20000,20000,31.8223
16,127,0.4960937500,-0.0039062500,1.343995583960e-01,1.310000000000e-01,20000,20000,31.9052
16,128,0.5000000000,0.0000000000,1.432108084981e-01,1.458000000000e-01,20000,20000,31.9328
16,129,0.5039062500,0.0039062500,1.343995583960e-01,1.342500000000e-01,20000,20000,31.9052
16,130,0.5078125000,0.0078125000,1.110332570100e-01,1.126000000000e-01,20000,20000,31.8223
16,131,0.5117187500,0.0117187500,8.063061468559e-02,8.040000000000e-02,20000,20000,31.6833
16,132,0.5156250000,0.0156250000,5.133798402143e-02,5.140000000000e-02,20000,20000,31.4873
16,133,0.5195312500,0.0195312500,2.855369673053e-02,2.925000000000e-02,20000,20000,31.2325
16,134,0.5234375000,0.0234375000,1.380315614268e-02,1.350000000000e-02,20000,20000,30.9168
16,135,0.5273437500,0.0273437500,5.760948556293e-03,5.700000000000e-03,20000,20000,30.5373
16,136,0.5312500000,0.0312500000,2.057987786989e-03,1.700000000000e-03,20000,20000,30.0903
16,137,0.5351562500,0.0351562500,6.221920024476e-04,7.500000000000e-04,20000,20000,29.5708
16,138,0.5390625000,0.0390625000,1.568549214884e-04,1.500000000000e-04,20000,20000,28.9723
16,139,0.5429687500,0.0429687500,3.232355354291e-05,0.000000000000e+00,20000,20000,28.2864
16,140,0.5468750000,0.0468750000,5.296406237495e-06,5.000000000000e-05,20000,20000,27.5008
16,141,0.5507812500,0.0507812500,6.626900847121e-07,0.000000000000e+00,20000,20000,26.5982
16,142,0.5546875000,0.0546875000,5.936995737803e-08,0.000000000000e+00,20000,20000,25.5504
16,143,0.5585937500,0.0585937500,3.385554047514e-09,0.000000000000e+00,20000,20000,24.3065
16,144,0.5625000000,0.0625000000,9.216082155457e-11,0.000000000000e+00,20000,20000,22.7414
17,111,0.4335937500,-0.0664062500,2.029747064571e-11,0.000000000000e+00,20000,20000,23.7301
17,112,0.4375000000,-0.0625000000,8.000343658354e-10,0.000000000000e+00,20000,20000,25.3257
17,113,0.4414062500,-0.0585937500,1.508006340831e-08,0.000000000000e+00,20000,20000,26.6010
17,114,0.4453125000,-0.0546875000,1.812613306358e-07,0.000000000000e+00,20000,20000,27.6809
17,115,0.4492187500,-0.0507812500,1.563039244661e-06,0.000000000000e+00,20000,20000,28.6166
17,116,0.4531250000,-0.0468750000,1.031293082579e-05,5.000000000000e-05,20000,20000,29.4360
17,117,0.4570312500,-0.0429687500,5.422158940788e-05,5.000000000000e-05,20000,20000,30.1568
17,118,0.4609375000,-0.0390625000,2.335688966828e-04,2.000000000000e-04,20000,20000,30.7910
17,119,0.4648437500,-0.0351562500,8.410809076236e-04,6.000000000000e-04,20000,20000,31.3474
17,120,0.4687500000,-0.0312500000,2.570270849086e-03,2.300000000000e-03,20000,20000,31.8326
17,121,0.4726562500,-0.0273437500,6.742997228826e-03,6.600000000000e-03,20000,20000,32.2515
17,122,0.4765625000,-0.0234375000,1.532354347800e-02,1.480000000000e-02,20000,20000,32.6080
17,123,0.4804687500,-0.0195312500,3.037696325048e-02,2.865000000000e-02,20000,20000,32.9052
17,124,0.4843750000,-0.0156250000,5.281758051314e-02,5.680000000000e-02,20000,20000,33.1454
17,125,0.4882812500,-0.0117187500,8.088628913925e-02,8.180000000000e-02,20000,20000,33.3305
17,126,0.4921875000,-0.0078125000,1.094391160811e-01,1.079000000000e-01,20000,20000,33.4618
17,127,0.4960937500,-0.0039062500,1.310968697448e-01,1.332000000000e-01,20000,20000,33.5402
17,128,0.5000000000,0.0000000000,1.392108503796e-01,1.364000000000e-01,20000,20000,33.5663
17,129,0.5039062500,0.0039062500,1.310968697448e-01,1.304000000000e-01,20000,20000,33.5402
17,130,0.5078125000,0.0078125000,1.094391160811e-01,1.085000000000e-01,20000,20000,33.4618
17,131,0.5117187500,0.0117187500,8.088628913925e-02,8.050000000000e-02,20000,20000,33.3305
17,132,0.5156250000,0.0156250000,5.281758051314e-02,5.305000000000e-02,20000,20000,33.1454
17,133,0.5195312500,0.0195312500,3.037696325048e-02,3.180000000000e-02,20000,20000,32.9052
17,134,0.5234375000,0.0234375000,1.532354347800e-02,1.475000000000e-02,20000,20000,32.6080
17,135,0.5273437500,0.0273437500,6.742997228826e-03,7.250000000000e-03,20000,20000,32.2515
17,136,0.5312500000,0.0312500000,2.570270849086e-03,3.200000000000e-03,20000,20000,31.8326
17,137,0.5351562500,0.0351562500,8.410809076236e-04,8.500000000000e-04,20000,20000,31.3474
17,138,0.5390625000,0.0390625000,2.335688966828e-04,2.000000000000e-04,20000,20000,30.7910
17,139,0.5429687500,0.0429687500,5.422158940788e-05,1.500000000000e-04,20000,20000,30.1568
17,140,0.5468750000,0.0468750000,1.031293082579e-05,0.000000000000e+00,20000,20000,29.4360
17,141,0.5507812500,0.0507812500,1.563039244661e-06,0.000000000000e+00,20000,20000,28.6166
17,142,0.5546875000,0.0546875000,1.812613306358e-07,0.000000000000e+00,20000,20000,27.6809
17,143,0.5585937500,0.0585937500,1.508006340831e-08,0.000000000000e+00,20000,20000,26.6010
17,144,0.5625000000,0.0625000000,8.000343658354e-10,0.000000000000e+00,20000,20000,25.3257
17,145,0.5664062500,0.0664062500,2.029747064571e-11,0.000000000000e+00,20000,20000,23.7301
18,110,0.4296875000,-0.0703125000,4.432263747601e-12,0.000000000000e+00,20000,20000,24.6896
18,111,0.4335937500,-0.0664062500,1.868124062625e-10,0.000000000000e+00,20000,20000,26.3144
18,112,0.4375000000,-0.0625000000,3.771341499708e-09,0.000000000000e+00,20000,20000,27.6195
18,113,0.4414062500,-0.0585937500,4.862912314337e-08,0.000000000000e+00,20000,20000,28.7299
18,114,0.4453125000,-0.0546875000,4.505988763174e-07,0.000000000000e+00,20000,20000,29.6968
18,115,0.4492187500,-0.0507812500,3.200345766892e-06,0.000000000000e+00,20000,20000,30.5482
18,116,0.4531250000,-0.0468750000,1.814643995317e-05,0.000000000000e+00,20000,20000,31.3018
18,117,0.4570312500,-0.0429687500,8.446999981356e-05,1.000000000000e-04,20000,20000,31.9697
18,118,0.4609375000,-0.0390625000,3.293990381728e-04,2.000000000000e-04,20000,20000,32.5607
18,119,0.4648437500,-0.0351562500,1.092611844391e-03,1.550000000000e-03,20000,20000,33.0814
18,120,0.4687500000,-0.0312500000,3.119157176841e-03,2.450000000000e-03,20000,20000,33.5370
18,121,0.4726562500,-0.0273437500,7.734620664563e-03,7.700000000000e-03,20000,20000,33.9314
18,122,0.4765625000,-0.0234375000,1.678174322813e-02,1.765000000000e-02,20000,20000,34.2678
18,123,0.4804687500,-0.0195312500,3.204337115187e-02,3.105000000000e-02,20000,20000,34.5487
18,124,0.4843750000,-0.0156250000,5.408944535340e-02,5.750000000000e-02,20000,20000,34.7761
18,125,0.4882812500,-0.0117187500,8.099892903795e-02,7.965000000000e-02,20000,20000,34.9515
18,126,0.4921875000,-0.0078125000,1.078864668891e-01,1.093500000000e-01,20000,20000,35.0759
18,127,0.4960937500,-0.0039062500,1.280427481397e-01,1.278000000000e-01,20000,20000,35.1503
18,128,0.5000000000,0.0000000000,1.355503749996e-01,1.364000000000e-01,20000,20000,35.1751
18,129,0.5039062500,0.0039062500,1.280427481397e-01,1.260000000000e-01,20000,20000,35.1503
18,130,0.5078125000,0.0078125000,1.078864668891e-01,1.054000000000e-01,20000,20000,35.0759
18,131,0.5117187500,0.0117187500,8.099892903795e-02,8.125000000000e-02,20000,20000,34.9515
18,132,0.5156250000,0.0156250000,5.408944535340e-02,5.660000000000e-02,20000,20000,34.7761
18,133,0.5195312500,0.0195312500,3.204337115187e-02,3.250000000000e-02,20000,20000,34.5487
18,134,0.5234375000,0.0234375000,1.678174322813e-02,1.615000000000e-02,20000,20000,34.2678
18,135,0.5273437500,0.0273437500,7.734620664563e-03,6.700000000000e-03,20000,20000,33.9314
18,136,0.5312500000,0.0312500000,3.119157176841e-03,2.700000000000e-03,20000,20000,33.5370
18,137,0.5351562500,0.0351562500,1.092611844391e-03,8.000000000000e-04,20000,20000,33.0814
18,138,0.5390625000,0.0390625000,3.293990381728e-04,3.500000000000e-04,20000,20000,32.5607
18,139,0.5429687500,0.0429687500,8.446999981356e-05,1.500000000000e-04,20000,20000,31.9697
18,140,0.5468750000,0.0468750000,1.814643995317e-05,0.000000000000e+00,20000,20000,31.3018
18,141,0.5507812500,0.0507812500,3.200345766892e-06,0.000000000000e+00,20000,20000,30.5482
18,142,0.5546875000,0.0546875000,4.505988763174e-07,0.000000000000e+00,20000,20000,29.6968
18,143,0.5585937500,0.0585937500,4.862912314337e-08,0.000000000000e+00,20000,20000,28.7299
18,144,0.5625000000,0.0625000000,3.771341499708e-09,0.000000000000e+00,20000,20000,27.6195
18,145,0.5664062500,0.0664062500,1.868124062625e-10,0.000000000000e+00,20000,20000,26.3144
18,146,0.5703125000,0.0703125000,4.432263747601e-12,0.000000000000e+00,20000,20000,24.6896
19,109,0.4257812500,-0.0742187500,9.595377593860e-13,0.000000000000e+00,20000,20000,25.6213
19,110,0.4296875000,-0.0703125000,4.311706173667e-11,0.000000000000e+00,20000,20000,27.2739
19,111,0.4335937500,-0.0664062500,9.292896485284e-10,0.000000000000e+00,20000,20000,28.6074
19,112,0.4375000000,-0.0625000000,1.281104786286e-08,0.000000000000e+00,20000,20000,29.7469
19,113,0.4414062500,-0.0585937500,1.271025203984e-07,0.000000000000e+00,20000,20000,30.7434
19,114,0.4453125000,-0.0546875000,9.680719952038e-07,0.000000000000e+00,20000,20000,31.6252
19,115,0.4492187500,-0.0507812500,5.895964756082e-06,0.000000000000e+00,20000,20000,32.4098
19,116,0.4531250000,-0.0468750000,2.953028689182e-05,0.000000000000e+00,20000,20000,33.1096
19,117,0.4570312500,-0.0429687500,1.241337664199e-04,1.500000000000e-04,20000,20000,33.7332
19,118,0.4609375000,-0.0390625000,4.447312106733e-04,4.500000000000e-04,20000,20000,34.2874
19,119,0.4648437500,-0.0351562500,1.374249970536e-03,1.300000000000e-03,20000,20000,34.7773
19,120,0.4687500000,-0.0312500000,3.697250334127e-03,3.650000000000e-03,20000,20000,35.2072
19,121,0.4726562500,-0.0273437500,8.725628793190e-03,8.450000000000e-03,20000,20000,35.5801
19,122,0.4765625000,-0.0234375000,1.817327867758e-02,1.800000000000e-02,20000,20000,35.8987
19,123,0.4804687500,-0.0195312500,3.356453917676e-02,3.250000000000e-02,20000,20000,36.1652
19,124,0.4843750000,-0.0156250000,5.518196912142e-02,5.650000000000e-02,20000,20000,36.3811
19,125,0.4882812500,-0.0117187500,8.099719006604e-02,8.440000000000e-02,20000,20000,36.5478
19,126,0.4921875000,-0.0078125000,1.063799689182e-01,1.067500000000e-01,20000,20000,36.6661
19,127,0.4960937500,-0.0039062500,1.252082342295e-01,1.240000000000e-01,20000,20000,36.7369
19,128,0.5000000000,0.0000000000,1.321845810500e-01,1.288000000000e-01,20000,20000,36.7605
19,129,0.5039062500,0.0039062500,1.252082342295e-01,1.253500000000e-01,20000,20000,36.7369
19,130,0.5078125000,0.0078125000,1.063799689182e-01,1.046000000000e-01,20000,20000,36.6661
19,131,0.5117187500,0.0117187500,8.099719006604e-02,8.225000000000e-02,20000,20000,36.5478
19,132,0.5156250000,0.0156250000,5.518196912142e-02,5.580000000000e-02,20000,20000,36.3811
19,133,0.5195312500,0.0195312500,3.356453917676e-02,3.400000000000e-02,20000,20000,36.1652
19,134,0.5234375000,0.0234375000,1.817327867758e-02,1.950000000000e-02,20000,20000,35.8987
19,135,0.5273437500,0.0273437500,8.725628793190e-03,8.450000000000e-03,20000,20000,35.5801
19,136,0.5312500000,0.0312500000,3.697250334127e-03,3.750000000000e-03,20000,20000,35.2072
19,137,0.5351562500,0.0351562500,1.374249970536e-03,1.050000000000e-03,20000,20000,34.7773
19,138,0.5390625000,0.0390625000,4.447312106733e-04,2.500000000000e-04,20000,20000,34.2874
19,139,0.5429687500,0.0429687500,1.241337664199e-04,5.000000000000e-05,20000,20000,33.7332
19,140,0.5468750000,0.0468750000,2.953028689182e-05,0.000000000000e+00,20000,20000,33.1096
19,141,0.5507812500,0.0507812500,5.895964756082e-06,0.000000000000e+00,20000,20000,32.4098
19,142,0.5546875000,0.0546875000,9.680719952038e-07,0.000000000000e+00,20000,20000,31.6252
19,143,0.5585937500,0.0585937500,1.271025203984e-07,0.000000000000e+00,20000,20000,30.7434
19,144,0.5625000000,0.0625000000,1.281104786286e-08,0.000000000000e+00,20000,20000,29.7469
19,145,0.5664062500,0.0664062500,9.292896485284e-10,0.000000000000e+00,20000,20000,28.6074
19,146,0.5703125000,0.0703125000,4.311706173667e-11,0.000000000000e+00,20000,20000,27.2739
19,147,0.5742187500,0.0742187500,9.595377593860e-13,0.000000000000e+00,20000,20000,25.6213
20,108,0.4218750000,-0.0781250000,2.059280117540e-13,0.000000000000e+00,20000,20000,26.5265
20,109,0.4257812500,-0.0742187500,9.838785036161e-12,0.000000000000e+00,20000,20000,28.2057
20,110,0.4296875000,-0.0703125000,2.257467216319e-10,0.000000000000e+00,20000,20000,29.5664
20,111,0.4335937500,-0.0664062500,3.317302624362e-09,0.000000000000e+00,20000,20000,30.7335
20,112,0.4375000000,-0.0625000000,3.512804834730e-08,0.000000000000e+00,20000,20000,31.7584
20,113,0.4414062500,-0.0585937500,2.859556389373e-07,0.000000000000e+00,20000,20000,32.6690
20,114,0.4453125000,-0.0546875000,1.864047441836e-06,0.000000000000e+00,20000,20000,33.4832
20,115,0.4492187500,-0.0507812500,1.000772498719e-05,5.000000000000e-05,20000,20000,34.2131
20,116,0.4531250000,-0.0468750000,4.516680431005e-05,0.000000000000e+00,20000,20000,34.8676
20,117,0.4570312500,-0.0429687500,1.740339477860e-04,1.000000000000e-04,20000,20000,35.4534
20,118,0.4609375000,-0.0390625000,5.794438251137e-04,7.000000000000e-04,20000,20000,35.9757
20,119,0.4648437500,-0.0351562500,1.683068376664e-03,1.300000000000e-03,20000,20000,36.4388
20,120,0.4687500000,-0.0312500000,4.297739733909e-03,4.750000000000e-03,20000,20000,36.8460
20,121,0.4726562500,-0.0273437500,9.707908452084e-03,1.030000000000e-02,20000,20000,37.1999
20,122,0.4765625000,-0.0234375000,1.949608068060e-02,1.975000000000e-02,20000,20000,37.5027
20,123,0.4804687500,-0.0195312500,3.495205369675e-02,3.470000000000e-02,20000,20000,37.7562
20,124,0.4843750000,-0.0156250000,5.611937366467e-02,5.690000000000e-02,20000,20000,37.9618
20,125,0.4882812500,-0.0117187500,8.090380593130e-02,7.865000000000e-02,20000,20000,38.1207
20,126,0.4921875000,-0.0078125000,1.049220371961e-01,1.042000000000e-01,20000,20000,38.2336
20,127,0.4960937500,-0.0039062500,1.225688325876e-01,1.221000000000e-01,20000,20000,38.3011
20,128,0.5000000000,0.0000000000,1.290765173878e-01,1.296500000000e-01,20000,20000,38.3236
20,129,0.5039062500,0.0039062500,1.225688325876e-01,1.259500000000e-01,20000,20000,38.3011
20,130,0.5078125000,0.0078125000,1.049220371961e-01,1.039000000000e-01,20000,20000,38.2336
20,131,0.5117187500,0.0117187500,8.090380593130e-02,7.950000000000e-02,20000,20000,38.1207
20,132,0.5156250000,0.0156250000,5.611937366467e-02,5.500000000000e-02,20000,20000,37.9618
20,133,0.5195312500,0.0195312500,3.495205369675e-02,3.690000000000e-02,20000,20000,37.7562
20,134,0.5234375000,0.0234375000,1.949608068060e-02,2.000000000000e-02,20000,20000,37.5027
20,135,0.5273437500,0.0273437500,9.707908452084e-03,9.100000000000e-03,20000,20000,37.1999
20,136,0.5312500000,0.0312500000,4.297739733909e-03,4.150000000000e-03,20000,20000,36.8460
20,137,0.5351562500,0.0351562500,1.683068376664e-03,1.550000000000e-03,20000,20000,36.4388
20,138,0.5390625000,0.0390625000,5.794438251137e-04,7.000000000000e-04,20000,20000,35.9757
20,139,0.5429687500,0.0429687500,1.740339477860e-04,5.000000000000e-05,20000,20000,35.4534
20,140,0.5468750000,0.0468750000,4.516680431005e-05,5.000000000000e-05,20000,20000,34.8676
20,141,0.5507812500,0.0507812500,1.000772498719e-05,0.000000000000e+00,20000,20000,34.2131
20,142,0.5546875000,0.0546875000,1.864047441836e-06,0.000000000000e+00,20000,20000,33.4832
20,143,0.5585937500,0.0585937500,2.859556389373e-07,0.000000000000e+00,20000,20000,32.6690
20,144,0.5625000000,0.0625000000,3.512804834730e-08,0.000000000000e+00,20000,20000,31.7584
20,145,0.5664062500,0.0664062500,3.317302624362e-09,0.000000000000e+00,20000,20000,30.7335
20,146,0.5703125000,0.0703125000,2.257467216319e-10,0.000000000000e+00,20000,20000,29.5664
20,147,0.5742187500,0.0742187500,9.838785036161e-12,0.000000000000e+00,20000,20000,28.2057
20,148,0.5781250000,0.0781250000,2.059280117540e-13,0.000000000000e+00,20000,20000,26.5265
21,107,0.4179687500,-0.0820312500,4.380756391234e-14,0.000000000000e+00,20000,20000,27.4060
21,108,0.4218750000,-0.0781250000,2.220058137412e-12,0.000000000000e+00,20000,20000,29.1108
21,109,0.4257812500,-0.0742187500,5.408991028904e-11,0.000000000000e+00,20000,20000,30.4975
21,110,0.4296875000,-0.0703125000,8.449770165806e-10,0.000000000000e+00,20000,20000,31.6913
21,111,0.4335937500,-0.0664062500,9.523262208156e-09,0.000000000000e+00,20000,20000,32.7432
21,112,0.4375000000,-0.0625000000,8.260898137545e-08,0.000000000000e+00,20000,20000,33.6814
21,113,0.4414062500,-0.0585937500,5.745531578368e-07,0.000000000000e+00,20000,20000,34.5237
21,114,0.4453125000,-0.0546875000,3.295559160844e-06,0.000000000000e+00,20000,20000,35.2823
21,115,0.4492187500,-0.0507812500,1.591267658092e-05,5.000000000000e-05,20000,20000,35.9662
21,116,0.4531250000,-0.0468750000,6.569578398977e-05,5.000000000000e-05,20000,20000,36.5820
21,117,0.4570312500,-0.0429687500,2.347418347051e-04,3.500000000000e-04,20000,20000,37.1350
21,118,0.4609375000,-0.0390625000,7.330032874438e-04,8.500000000000e-04,20000,20000,37.6295
21,119,0.4648437500,-0.0351562500,2.015949006861e-03,2.400000000000e-03,20000,20000,38.0689
21,120,0.4687500000,-0.0312500000,4.914502943843e-03,4.400000000000e-03,20000,20000,38.4559
21,121,0.4726562500,-0.0273437500,1.067511994987e-02,9.750000000000e-03,20000,20000,38.7928
21,122,0.4765625000,-0.0234375000,2.074981632935e-02,2.120000000000e-02,20000,20000,39.0814
21,123,0.4804687500,-0.0195312500,3.621708854361e-02,3.565000000000e-02,20000,20000,39.3233
21,124,0.4843750000,-0.0156250000,5.692233301381e-02,5.785000000000e-02,20000,20000,39.5197
21,125,0.4882812500,-0.0117187500,8.073693026754e-02,8.200000000000e-02,20000,20000,39.6715
21,126,0.4921875000,-0.0078125000,1.035135697450e-01,1.051000000000e-01,20000,20000,39.7794
21,127,0.4960937500,-0.0039062500,1.201036735903e-01,1.227500000000e-01,20000,20000,39.8440
21,128,0.5000000000,0.0000000000,1.261953997624e-01,1.267000000000e-01,20000,20000,39.8655
21,129,0.5039062500,0.0039062500,1.201036735903e-01,1.105500000000e-01,20000,20000,39.8440
21,130,0.5078125000,0.0078125000,1.035135697450e-01,1.040000000000e-01,20000,20000,39.7794
21,131,0.5117187500,0.0117187500,8.073693026754e-02,8.340000000000e-02,20000,20000,39.6715
21,132,0.5156250000,0.0156250000,5.692233301381e-02,5.795000000000e-02,20000,20000,39.5197
21,133,0.5195312500,0.0195312500,3.621708854361e-02,3.650000000000e-02,20000,20000,39.3233
21,134,0.5234375000,0.0234375000,2.074981632935e-02,2.025000000000e-02,20000,20000,39.0814
21,135,0.5273437500,0.0273437500,1.067511994987e-02,1.010000000000e-02,20000,20000,38.7928
21,136,0.5312500000,0.0312500000,4.914502943843e-03,4.950000000000e-03,20000,20000,38.4559
21,137,0.5351562500,0.0351562500,2.015949006861e-03,2.150000000000e-03,20000,20000,38.0689
21,138,0.5390625000,0.0390625000,7.330032874438e-04,6.000000000000e-04,20000,20000,37.6295
21,139,0.5429687500,0.0429687500,2.347418347051e-04,4.000000000000e-04,20000,20000,37.1350
21,140,0.5468750000,0.0468750000,6.569578398977e-05,5.000000000000e-05,20000,20000,36.5820
21,141,0.5507812500,0.0507812500,1.591267658092e-05,0.000000000000e+00,20000,20000,35.9662
21,142,0.5546875000,0.0546875000,3.295559160844e-06,0.000000000000e+00,20000,20000,35.2823
21,143,0.5585937500,0.0585937500,5.745531578368e-07,0.000000000000e+00,20000,20000,34.5237
21,144,0.5625000000,0.0625000000,8.260898137545e-08,0.000000000000e+00,20000,20000,33.6814
21,145,0.5664062500,0.0664062500,9.523262208156e-09,0.000000000000e+00,20000,20000,32.7432
21,146,0.5703125000,0.0703125000,8.449770165806e-10,0.000000000000e+00,20000,20000,31.6913
21,147,0.5742187500,0.0742187500,5.408991028904e-11,0.000000000000e+00,20000,20000,30.4975
21,148,0.5781250000,0.0781250000,2.220058137412e-12,0.000000000000e+00,20000,20000,29.1108
21,149,0.5820312500,0.0820312500,4.380756391234e-14,0.000000000000e+00,20000,20000,27.4060
22,106,0.4140625000,-0.0859375000,9.236892164640e-15,0.000000000000e+00,20000,20000,28.2608
22,107,0.4179687500,-0.0820312500,4.954301203902e-13,0.000000000000e+00,20000,20000,29.9903
22,108,0.4218750000,-0.0781250000,1.278820720329e-11,0.000000000000e+00,20000,20000,31.4021
22,109,0.4257812500,-0.0742187500,2.118634057639e-10,0.000000000000e+00,20000,20000,32.6214
22,110,0.4296875000,-0.0703125000,2.534941349792e-09,0.000000000000e+00,20000,20000,33.6993
22,111,0.4335937500,-0.0664062500,2.336945889218e-08,0.000000000000e+00,20000,20000,34.6640
22,112,0.4375000000,-0.0625000000,1.729328454636e-07,0.000000000000e+00,20000,20000,35.5332
22,113,0.4414062500,-0.0585937500,1.056603072354e-06,0.000000000000e+00,20000,20000,36.3192
22,114,0.4453125000,-0.0546875000,5.441250926654e-06,0.000000000000e+00,20000,20000,37.0310
22,115,0.4492187500,-0.0507812500,2.399030634514e-05,5.000000000000e-05,20000,20000,37.6754
22,116,0.4531250000,-0.0468750000,9.167263171235e-05,0.000000000000e+00,20000,20000,38.2576
22,117,0.4570312500,-0.0429687500,3.065900100596e-04,3.500000000000e-04,20000,20000,38.7819
22,118,0.4609375000,-0.0390625000,9.045578653457e-04,5.500000000000e-04,20000,20000,39.2518
22,119,0.4648437500,-0.0351562500,2.369732950856e-03,1.900000000000e-03,20000,20000,39.6700
22,120,0.4687500000,-0.0312500000,5.542136905571e-03,6.100000000000e-03,20000,20000,40.0390
22,121,0.4726562500,-0.0273437500,1.162240982246e-02,1.255000000000e-02,20000,20000,40.3606
22,122,0.4765625000,-0.0234375000,2.193538194619e-02,2.165000000000e-02,20000,20000,40.6365
22,123,0.4804687500,-0.0195312500,3.737019327371e-02,3.530000000000e-02,20000,20000,40.8678
22,124,0.4843750000,-0.0156250000,5.760851600907e-02,5.915000000000e-02,20000,20000,41.0558
22,125,0.4882812500,-0.0117187500,8.051114574272e-02,8.060000000000e-02,20000,20000,41.2012
22,126,0.4921875000,-0.0078125000,1.021544436538e-01,1.020500000000e-01,20000,20000,41.3046
22,127,0.4960937500,-0.0039062500,1.177948577090e-01,1.128500000000e-01,20000,20000,41.3664
22,128,0.5000000000,0.0000000000,1.235153485136e-01,1.273000000000e-01,20000,20000,41.3870
22,129,0.5039062500,0.0039062500,1.177948577090e-01,1.167000000000e-01,20000,20000,41.3664
22,130,0.5078125000,0.0078125000,1.021544436538e-01,1.030000000000e-01,20000,20000,41.3046
22,131,0.5117187500,0.0117187500,8.051114574272e-02,7.950000000000e-02,20000,20000,41.2012
22,132,0.5156250000,0.0156250000,5.760851600907e-02,5.590000000000e-02,20000,20000,41.0558
22,133,0.5195312500,0.0195312500,3.737019327371e-02,4.035000000000e-02,20000,20000,40.8678
22,134,0.5234375000,0.0234375000,2.193538194619e-02,2.305000000000e-02,20000,20000,40.6365
22,135,0.5273437500,0.0273437500,1.162240982246e-02,1.175000000000e-02,20000,20000,40.3606
22,136,0.5312500000,0.0312500000,5.542136905571e-03,6.050000000000e-03,20000,20000,40.0390
22,137,0.5351562500,0.0351562500,2.369732950856e-03,1.950000000000e-03,20000,20000,39.6700
22,138,0.5390625000,0.0390625000,9.045578653457e-04,9.000000000000e-04,20000,20000,39.2518
22,139,0.5429687500,0.0429687500,3.065900100596e-04,4.000000000000e-04,20000,20000,38.7819
22,140,0.5468750000,0.0468750000,9.167263171235e-05,0.000000000000e+00,20000,20000,38.2576
22,141,0.5507812500,0.0507812500,2.399030634514e-05,5.000000000000e-05,20000,20000,37.6754
22,142,0.5546875000,0.0546875000,5.441250926654e-06,0.000000000000e+00,20000,20000,37.0310
22,143,0.5585937500,0.0585937500,1.056603072354e-06,0.000000000000e+00,20000,20000,36.3192
22,144,0.5625000000,0.0625000000,1.729328454636e-07,0.000000000000e+00,20000,20000,35.5332
22,145,0.5664062500,0.0664062500,2.336945889218e-08,0.000000000000e+00,20000,20000,34.6640
22,146,0.5703125000,0.0703125000,2.534941349792e-09,0.000000000000e+00,20000,20000,33.6993
22,147,0.5742187500,0.0742187500,2.118634057639e-10,0.000000000000e+00,20000,20000,32.6214
22,148,0.5781250000,0.0781250000,1.278820720329e-11,0.000000000000e+00,20000,20000,31.4021
22,149,0.5820312500,0.0820312500,4.954301203902e-13,0.000000000000e+00,20000,20000,29.9903
22,150,0.5859375000,0.0859375000,9.236892164640e-15,0.000000000000e+00,20000,20000,28.2608
23,105,0.4101562500,-0.0898437500,1.930224517766e-15,0.000000000000e+00,20000,20000,29.0919
23,106,0.4140625000,-0.0859375000,1.093568788178e-13,0.000000000000e+00,20000,20000,30.8452
23,107,0.4179687500,-0.0820312500,2.984329702274e-12,0.000000000000e+00,20000,20000,32.2812
23,108,0.4218750000,-0.0781250000,5.231964866770e-11,0.000000000000e+00,20000,20000,33.5250
23,109,0.4257812500,-0.0742187500,6.630645977954e-10,0.000000000000e+00,20000,20000,34.6279
23,110,0.4296875000,-0.0703125000,6.480893326091e-09,0.000000000000e+00,20000,20000,35.6180
23,111,0.4335937500,-0.0664062500,5.089749881987e-08,0.000000000000e+00,20000,20000,36.5130
23,112,0.4375000000,-0.0625000000,3.303823745601e-07,0.000000000000e+00,20000,20000,37.3253
23,113,0.4414062500,-0.0585937500,1.809530646584e-06,0.000000000000e+00,20000,20000,38.0639
23,114,0.4453125000,-0.0546875000,8.495097661632e-06,0.000000000000e+00,20000,20000,38.7355
23,115,0.4492187500,-0.0507812500,3.460767586434e-05,5.000000000000e-05,20000,20000,39.3455
23,116,0.4531250000,-0.0468750000,1.235554590273e-04,2.000000000000e-04,20000,20000,39.8982
23,117,0.4570312500,-0.0429687500,3.896941112667e-04,5.000000000000e-04,20000,20000,40.3971
23,118,0.4609375000,-0.0390625000,1.093023256702e-03,1.100000000000e-03,20000,20000,40.8450
23,119,0.4648437500,-0.0351562500,2.741327984667e-03,3.150000000000e-03,20000,20000,41.2443
23,120,0.4687500000,-0.0312500000,6.175944146356e-03,6.800000000000e-03,20000,20000,41.5970
23,121,0.4726562500,-0.0273437500,1.254615284019e-02,1.350000000000e-02,20000,20000,41.9048
23,122,0.4765625000,-0.0234375000,2.305452342504e-02,2.285000000000e-02,20000,20000,42.1691
23,123,0.4804687500,-0.0195312500,3.842118893242e-02,3.950000000000e-02,20000,20000,42.3909
23,124,0.4843750000,-0.0156250000,5.819305120480e-02,5.570000000000e-02,20000,20000,42.5712
23,125,0.4882812500,-0.0117187500,8.023822966017e-02,7.825000000000e-02,20000,20000,42.7107
23,126,0.4921875000,-0.0078125000,1.008438563714e-01,1.034000000000e-01,20000,20000,42.8100
23,127,0.4960937500,-0.0039062500,1.156269377012e-01,1.133000000000e-01,20000,20000,42.8694
23,128,0.5000000000,0.0000000000,1.210144282466e-01,1.203500000000e-01,20000,20000,42.8892
23,129,0.5039062500,0.0039062500,1.156269377012e-01,1.191500000000e-01,20000,20000,42.8694
23,130,0.5078125000,0.0078125000,1.008438563714e-01,9.920000000000e-02,20000,20000,42.8100
23,131,0.5117187500,0.0117187500,8.023822966017e-02,8.280000000000e-02,20000,20000,42.7107
23,132,0.5156250000,0.0156250000,5.819305120480e-02,5.505000000000e-02,20000,20000,42.5712
23,133,0.5195312500,0.0195312500,3.842118893242e-02,3.810000000000e-02,20000,20000,42.3909
23,134,0.5234375000,0.0234375000,2.305452342504e-02,2.255000000000e-02,20000,20000,42.1691
23,135,0.5273437500,0.0273437500,1.254615284019e-02,1.300000000000e-02,20000,20000,41.9048
23,136,0.5312500000,0.0312500000,6.175944146356e-03,6.600000000000e-03,20000,20000,41.5970
23,137,0.5351562500,0.0351562500,2.741327984667e-03,2.650000000000e-03,20000,20000,41.2443
23,138,0.5390625000,0.0390625000,1.093023256702e-03,1.550000000000e-03,20000,20000,40.8450
23,139,0.5429687500,0.0429687500,3.896941112667e-04,6.500000000000e-04,20000,20000,40.3971
23,140,0.5468750000,0.0468750000,1.235554590273e-04,5.000000000000e-05,20000,20000,39.8982
23,141,0.5507812500,0.0507812500,3.460767586434e-05,0.000000000000e+00,20000,20000,39.3455
23,142,0.5546875000,0.0546875000,8.495097661632e-06,0.000000000000e+00,20000,20000,38.7355
23,143,0.5585937500,0.0585937500,1.809530646584e-06,0.000000000000e+00,20000,20000,38.0639
23,144,0.5625000000,0.0625000000,3.303823745601e-07,0.000000000000e+00,20000,20000,37.3253
23,145,0.5664062500,0.0664062500,5.089749881987e-08,0.000000000000e+00,20000,20000,36.5130
23,146,0.5703125000,0.0703125000,6.480893326091e-09,0.000000000000e+00,20000,20000,35.6180
23,147,0.5742187500,0.0742187500,6.630645977954e-10,0.000000000000e+00,20000,20000,34.6279
23,148,0.5781250000,0.0781250000,5.231964866770e-11,0.000000000000e+00,20000,20000,33.5250
23,149,0.5820312500,0.0820312500,2.984329702274e-12,0.000000000000e+00,20000,20000,32.2812
23,150,0.5859375000,0.0859375000,1.093568788178e-13,0.000000000000e+00,20000,20000,30.8452
23,151,0.5898437500,0.0898437500,1.930224517766e-15,0.000000000000e+00,20000,20000,29.0919
24,104,0.4062500000,-0.0937500000,3.997204374040e-16,0.000000000000e+00,20000,20000,29.9000
24,105,0.4101562500,-0.0898437500,2.387778410166e-14,0.000000000000e+00,20000,20000,31.6763
24,106,0.4140625000,-0.0859375000,6.876202842302e-13,0.000000000000e+00,20000,20000,33.1356
24,107,0.4179687500,-0.0820312500,1.273152790899e-11,0.000000000000e+00,20000,20000,34.4032
24,108,0.4218750000,-0.0781250000,1.705503295491e-10,0.000000000000e+00,20000,20000,35.5301
24,109,0.4257812500,-0.0742187500,1.763557153863e-09,0.000000000000e+00,20000,20000,36.5447
24,110,0.4296875000,-0.0703125000,1.466555488840e-08,0.000000000000e+00,20000,20000,37.4646
24,111,0.4335937500,-0.0664062500,1.008954020606e-07,0.000000000000e+00,20000,20000,38.3021
24,112,0.4375000000,-0.0625000000,5.862689588847e-07,0.000000000000e+00,20000,20000,39.0664
24,113,0.4414062500,-0.0585937500,2.922956291679e-06,0.000000000000e+00,20000,20000,39.7641
24,114,0.4453125000,-0.0546875000,1.265966500861e-05,5.000000000000e-05,20000,20000,40.4007
24,115,0.4492187500,-0.0507812500,4.810726718781e-05,5.000000000000e-05,20000,20000,40.9805
24,116,0.4531250000,-0.0468750000,1.616996813393e-04,1.000000000000e-04,20000,20000,41.5070
24,117,0.4570312500,-0.0429687500,4.839804006872e-04,4.500000000000e-04,20000,20000,41.9831
24,118,0.4609375000,-0.0390625000,1.297156711705e-03,9.000000000000e-04,20000,20000,42.4113
24,119,0.4648437500,-0.0351562500,3.127781763074e-03,2.850000000000e-03,20000,20000,42.7935
24,120,0.4687500000,-0.0312500000,6.811892250505e-03,6.000000000000e-03,20000,20000,43.1315
24,121,0.4726562500,-0.0273437500,1.344372766661e-02,1.300000000000e-02,20000,20000,43.4268
24,122,0.4765625000,-0.0234375000,2.410955399428e-02,2.240000000000e-02,20000,20000,43.6805
24,123,0.4804687500,-0.0195312500,3.937913144959e-02,3.970000000000e-02,20000,20000,43.8935
24,124,0.4843750000,-0.0156250000,5.868892065933e-02,6.055000000000e-02,20000,20000,44.0668
24,125,0.4882812500,-0.0117187500,7.992773975456e-02,8.145000000000e-02,20000,20000,44.2010
24,126,0.4921875000,-0.0078125000,9.958056209323e-02,9.745000000000e-02,20000,20000,44.2964
24,127,0.4960937500,-0.0039062500,1.135865060703e-01,1.115000000000e-01,20000,20000,44.3536
24,128,0.5000000000,0.0000000000,1.186739076777e-01,1.208000000000e-01,20000,20000,44.3726
24,129,0.5039062500,0.0039062500,1.135865060703e-01,1.207000000000e-01,20000,20000,44.3536
24,130,0.5078125000,0.0078125000,9.958056209323e-02,9.660000000000e-02,20000,20000,44.2964
24,131,0.5117187500,0.0117187500,7.992773975456e-02,8.075000000000e-02,20000,20000,44.2010
24,132,0.5156250000,0.0156250000,5.868892065933e-02,5.460000000000e-02,20000,20000,44.0668
24,133,0.5195312500,0.0195312500,3.937913144959e-02,3.935000000000e-02,20000,20000,43.8935
24,134,0.5234375000,0.0234375000,2.410955399428e-02,2.540000000000e-02,20000,20000,43.6805
24,135,0.5273437500,0.0273437500,1.344372766661e-02,1.455000000000e-02,20000,20000,43.4268
24,136,0.5312500000,0.0312500000,6.811892250505e-03,6.300000000000e-03,20000,20000,43.1315
24,137,0.5351562500,0.0351562500,3.127781763074e-03,2.750000000000e-03,20000,20000,42.7935
24,138,0.5390625000,0.0390625000,1.297156711705e-03,9.000000000000e-04,20000,20000,42.4113
24,139,0.5429687500,0.0429687500,4.839804006872e-04,4.000000000000e-04,20000,20000,41.9831
24,140,0.5468750000,0.0468750000,1.616996813393e-04,2.000000000000e-04,20000,20000,41.5070
24,141,0.5507812500,0.0507812500,4.810726718781e-05,2.500000000000e-04,20000,20000,40.9805
24,142,0.5546875000,0.0546875000,1.265966500861e-05,0.000000000000e+00,20000,20000,40.4007
24,143,0.5585937500,0.0585937500,2.922956291679e-06,0.000000000000e+00,20000,20000,39.7641
24,144,0.5625000000,0.0625000000,5.862689588847e-07,0.000000000000e+00,20000,20000,39.0664
24,145,0.5664062500,0.0664062500,1.008954020606e-07,0.000000000000e+00,20000,20000,38.3021
24,146,0.5703125000,0.0703125000,1.466555488840e-08,0.000000000000e+00,20000,20000,37.4646
24,147,0.5742187500,0.0742187500,1.763557153863e-09,0.000000000000e+00,20000,20000,36.5447
24,148,0.5781250000,0.0781250000,1.705503295491e-10,0.000000000000e+00,20000,20000,35.5301
24,149,0.5820312500,0.0820312500,1.273152790899e-11,0.000000000000e+00,20000,20000,34.4032
24,150,0.5859375000,0.0859375000,6.876202842302e-13,0.000000000000e+00,20000,20000,33.1356
24,151,0.5898437500,0.0898437500,2.387778410166e-14,0.000000000000e+00,20000,20000,31.6763
24,152,0.5937500000,0.0937500000,3.997204374040e-16,0.000000000000e+00,20000,20000,29.9000
25,103,0.4023437500,-0.0976562500,8.202233288853e-17,0.000000000000e+00,20000,20000,30.6858
25,104,0.4062500000,-0.0937500000,5.157683063277e-15,0.000000000000e+00,20000,20000,32.4844
25,105,0.4101562500,-0.0898437500,1.564645772527e-13,0.000000000000e+00,20000,20000,33.9663
25,106,0.4140625000,-0.0859375000,3.054081979501e-12,0.000000000000e+00,20000,20000,35.2568
25,107,0.4179687500,-0.0820312500,4.316359188614e-11,0.000000000000e+00,20000,20000,36.4070
25,108,0.4218750000,-0.0781250000,4.712587623183e-10,0.000000000000e+00,20000,20000,37.4452
25,109,0.4257812500,-0.0742187500,4.141175808723e-09,0.000000000000e+00,20000,20000,38.3890
25,110,0.4296875000,-0.0703125000,3.013111271120e-08,0.000000000000e+00,20000,20000,39.2509
25,111,0.4335937500,-0.0664062500,1.853269162840e-07,0.000000000000e+00,20000,20000,40.0398
25,112,0.4375000000,-0.0625000000,9.789483305942e-07,0.000000000000e+00,20000,20000,40.7627
25,113,0.4414062500,-0.0585937500,4.496510799067e-06,0.000000000000e+00,20000,20000,41.4248
25,114,0.4453125000,-0.0546875000,1.813951524845e-05,5.000000000000e-05,20000,20000,42.0305
25,115,0.4492187500,-0.0507812500,6.479780440988e-05,5.000000000000e-05,20000,20000,42.5835
25,116,0.4531250000,-0.0468750000,2.063584696104e-04,2.500000000000e-04,20000,20000,43.0865
25,117,0.4570312500,-0.0429687500,5.892155630875e-04,5.000000000000e-04,20000,20000,43.5422
25,118,0.4609375000,-0.0390625000,1.515618823099e-03,1.300000000000e-03,20000,20000,43.9525
25,119,0.4648437500,-0.0351562500,3.526328405298e-03,3.100000000000e-03,20000,20000,44.3192
25,120,0.4687500000,-0.0312500000,7.446559000987e-03,8.300000000000e-03,20000,20000,44.6439
25,121,0.4726562500,-0.0273437500,1.431332590401e-02,1.370000000000e-02,20000,20000,44.9276
25,122,0.4765625000,-0.0234375000,2.510314587896e-02,2.690000000000e-02,20000,20000,45.1716
25,123,0.4804687500,-0.0195312500,4.025231662500e-02,4.055000000000e-02,20000,20000,45.3767
25,124,0.4843750000,-0.0156250000,5.910729134435e-02,5.825000000000e-02,20000,20000,45.5435
25,125,0.4882812500,-0.0117187500,7.958746603104e-02,7.930000000000e-02,20000,20000,45.6727
25,126,0.4921875000,-0.0078125000,9.836303621731e-02,9.380000000000e-02,20000,20000,45.7647
25,127,0.4960937500,-0.0039062500,1.116618636449e-01,1.114500000000e-01,20000,20000,45.8198
25,128,0.5000000000,0.0000000000,1.164776823934e-01,1.167500000000e-01,20000,20000,45.8381
25,129,0.5039062500,0.0039062500,1.116618636449e-01,1.112500000000e-01,20000,20000,45.8198
25,130,0.5078125000,0.0078125000,9.836303621731e-02,9.890000000000e-02,20000,20000,45.7647
25,131,0.5117187500,0.0117187500,7.958746603104e-02,8.140000000000e-02,20000,20000,45.6727
25,132,0.5156250000,0.0156250000,5.910729134435e-02,5.945000000000e-02,20000,20000,45.5435
25,133,0.5195312500,0.0195312500,4.025231662500e-02,4.035000000000e-02,20000,20000,45.3767
25,134,0.5234375000,0.0234375000,2.510314587896e-02,2.575000000000e-02,20000,20000,45.1716
25,135,0.5273437500,0.0273437500,1.431332590401e-02,1.535000000000e-02,20000,20000,44.9276
25,136,0.5312500000,0.0312500000,7.446559000987e-03,7.300000000000e-03,20000,20000,44.6439
25,137,0.5351562500,0.0351562500,3.526328405298e-03,3.650000000000e-03,20000,20000,44.3192
25,138,0.5390625000,0.0390625000,1.515618823099e-03,1.400000000000e-03,20000,20000,43.9525
25,139,0.5429687500,0.0429687500,5.892155630875e-04,7.000000000000e-04,20000,20000,43.5422
25,140,0.5468750000,0.0468750000,2.063584696104e-04,2.500000000000e-04,20000,20000,43.0865
25,141,0.5507812500,0.0507812500,6.479780440988e-05,0.000000000000e+00,20000,20000,42.5835
25,142,0.5546875000,0.0546875000,1.813951524845e-05,0.000000000000e+00,20000,20000,42.0305
25,143,0.5585937500,0.0585937500,4.496510799067e-06,0.000000000000e+00,20000,20000,41.4248
25,144,0.5625000000,0.0625000000,9.789483305942e-07,0.000000000000e+00,20000,20000,40.7627
25,145,0.5664062500,0.0664062500,1.853269162840e-07,0.000000000000e+00,20000,20000,40.0398
25,146,0.5703125000,0.0703125000,3.013111271120e-08,0.000000000000e+00,20000,20000,39.2509
25,147,0.5742187500,0.0742187500,4.141175808723e-09,0.000000000000e+00,20000,20000,38.3890
25,148,0.5781250000,0.0781250000,4.712587623183e-10,0.000000000000e+00,20000,20000,37.4452
25,149,0.5820312500,0.0820312500,4.316359188614e-11,0.000000000000e+00,20000,20000,36.4070
25,150,0.5859375000,0.0859375000,3.054081979501e-12,0.000000000000e+00,20000,20000,35.2568
25,151,0.5898437500,0.0898437500,1.564645772527e-13,0.000000000000e+00,20000,20000,33.9663
25,152,0.5937500000,0.0937500000,5.157683063277e-15,0.000000000000e+00,20000,20000,32.4844
25,153,0.5976562500,0.0976562500,8.202233288853e-17,0.000000000000e+00,20000,20000,30.6858
26,102,0.3984375000,-0.1015625000,1.667612105056e-17,0.000000000000e+00,20000,20000,31.4500
26,103,0.4023437500,-0.0976562500,1.102168198599e-15,0.000000000000e+00,20000,20000,33.2702
26,104,0.4062500000,-0.0937500000,3.516676345794e-14,0.000000000000e+00,20000,20000,34.7741
26,105,0.4101562500,-0.0898437500,7.224643722146e-13,0.000000000000e+00,20000,20000,36.0867
26,106,0.4140625000,-0.0859375000,1.075409243159e-11,0.000000000000e+00,20000,20000,37.2595
26,107,0.4179687500,-0.0820312500,1.237495747503e-10,0.000000000000e+00,20000,20000,38.3205
26,108,0.4218750000,-0.0781250000,1.146970559053e-09,0.000000000000e+00,20000,20000,39.2875
26,109,0.4257812500,-0.0742187500,8.808767837087e-09,0.000000000000e+00,20000,20000,40.1728
26,110,0.4296875000,-0.0703125000,5.723348948990e-08,0.000000000000e+00,20000,20000,40.9856
26,111,0.4335937500,-0.0664062500,3.196240524629e-07,0.000000000000e+00,20000,20000,41.7326
26,112,0.4375000000,-0.0625000000,1.553453113629e-06,0.000000000000e+00,20000,20000,42.4192
26,113,0.4414062500,-0.0585937500,6.637238298135e-06,0.000000000000e+00,20000,20000,43.0499
26,114,0.4453125000,-0.0546875000,2.513519100545e-05,0.000000000000e+00,20000,20000,43.6282
26,115,0.4492187500,-0.0507812500,8.494796681612e-05,5.000000000000e-05,20000,20000,44.1571
26,116,0.4531250000,-0.0468750000,2.576874602167e-04,2.000000000000e-04,20000,20000,44.6390
26,117,0.4570312500,-0.0429687500,7.050362832593e-04,8.000000000000e-04,20000,20000,45.0761
26,118,0.4609375000,-0.0390625000,1.747023425553e-03,1.600000000000e-03,20000,20000,45.4702
26,119,0.4648437500,-0.0351562500,3.934415080779e-03,4.300000000000e-03,20000,20000,45.8228
26,120,0.4687500000,-0.0312500000,8.077071372919e-03,8.400000000000e-03,20000,20000,46.1352
26,121,0.4726562500,-0.0273437500,1.515379194734e-02,1.605000000000e-02,20000,20000,46.4084
26,122,0.4765625000,-0.0234375000,2.603817769803e-02,2.505000000000e-02,20000,20000,46.6435
26,123,0.4804687500,-0.0195312500,4.104830974780e-02,3.970000000000e-02,20000,20000,46.8412
26,124,0.4843750000,-0.0156250000,5.945779312808e-02,5.870000000000e-02,20000,20000,47.0021
26,125,0.4882812500,-0.0117187500,7.922378194215e-02,7.815000000000e-02,20000,20000,47.1268
26,126,0.4921875000,-0.0078125000,9.718958998991e-02,9.885000000000e-02,20000,20000,47.2155
26,127,0.4960937500,-0.0039062500,1.098427512363e-01,1.111500000000e-01,20000,20000,47.2687
26,128,0.5000000000,0.0000000000,1.144118197798e-01,1.140500000000e-01,20000,20000,47.2864
26,129,0.5039062500,0.0039062500,1.098427512363e-01,1.109000000000e-01,20000,20000,47.2687
26,130,0.5078125000,0.0078125000,9.718958998991e-02,9.400000000000e-02,20000,20000,47.2155
26,131,0.5117187500,0.0117187500,7.922378194215e-02,8.010000000000e-02,20000,20000,47.1268
26,132,0.5156250000,0.0156250000,5.945779312808e-02,5.850000000000e-02,20000,20000,47.0021
26,133,0.5195312500,0.0195312500,4.104830974780e-02,4.135000000000e-02,20000,20000,46.8412
26,134,0.5234375000,0.0234375000,2.603817769803e-02,2.785000000000e-02,20000,20000,46.6435
26,135,0.5273437500,0.0273437500,1.515379194734e-02,1.585000000000e-02,20000,20000,46.4084
26,136,0.5312500000,0.0312500000,8.077071372919e-03,8.050000000000e-03,20000,20000,46.1352
26,137,0.5351562500,0.0351562500,3.934415080779e-03,4.000000000000e-03,20000,20000,45.8228
26,138,0.5390625000,0.0390625000,1.747023425553e-03,1.550000000000e-03,20000,20000,45.4702
26,139,0.5429687500,0.0429687500,7.050362832593e-04,5.500000000000e-04,20000,20000,45.0761
26,140,0.5468750000,0.0468750000,2.576874602166e-04,1.000000000000e-04,20000,20000,44.6390
26,141,0.5507812500,0.0507812500,8.494796681612e-05,1.500000000000e-04,20000,20000,44.1571
26,142,0.5546875000,0.0546875000,2.513519100545e-05,0.000000000000e+00,20000,20000,43.6282
26,143,0.5585937500,0.0585937500,6.637238298135e-06,0.000000000000e+00,20000,20000,43.0499
26,144,0.5625000000,0.0625000000,1.553453113629e-06,0.000000000000e+00,20000,20000,42.4192
26,145,0.5664062500,0.0664062500,3.196240524629e-07,0.000000000000e+00,20000,20000,41.7326
26,146,0.5703125000,0.0703125000,5.723348948990e-08,0.000000000000e+00,20000,20000,40.9856
26,147,0.5742187500,0.0742187500,8.808767837087e-09,0.000000000000e+00,20000,20000,40.1728
26,148,0.5781250000,0.0781250000,1.146970559053e-09,0.000000000000e+00,20000,20000,39.2875
26,149,0.5820312500,0.0820312500,1.237495747503e-10,0.000000000000e+00,20000,20000,38.3205
26,150,0.5859375000,0.0859375000,1.075409243159e-11,0.000000000000e+00,20000,20000,37.2595
26,151,0.5898437500,0.0898437500,7.224643722146e-13,0.000000000000e+00,20000,20000,36.0867
26,152,0.5937500000,0.0937500000,3.516676345794e-14,0.000000000000e+00,20000,20000,34.7741
26,153,0.5976562500,0.0976562500,1.102168198599e-15,0.000000000000e+00,20000,20000,33.2702
26,154,0.6015625000,0.1015625000,1.667612105056e-17,0.000000000000e+00,20000,20000,31.4500
27,101,0.3945312500,-0.1054687500,3.358955680104e-18,0.000000000000e+00,20000,20000,32.1932
27,102,0.3984375000,-0.1015625000,2.330162035744e-16,0.000000000000e+00,20000,20000,34.0343
27,103,0.4023437500,-0.0976562500,7.808482435988e-15,0.000000000000e+00,20000,20000,35.5595
27,104,0.4062500000,-0.0937500000,1.685839970867e-13,0.000000000000e+00,20000,20000,36.8938
27,105,0.4101562500,-0.0898437500,2.638839454670e-12,0.000000000000e+00,20000,20000,38.0884
27,106,0.4140625000,-0.0859375000,3.195223597906e-11,0.000000000000e+00,20000,20000,39.1715
27,107,0.4179687500,-0.0820312500,3.118274467583e-10,0.000000000000e+00,20000,20000,40.1609
27,108,0.4218750000,-0.0781250000,2.523347321749e-09,0.000000000000e+00,20000,20000,41.0689
27,109,0.4257812500,-0.0742187500,1.728694897368e-08,0.000000000000e+00,20000,20000,41.9047
27,110,0.4296875000,-0.0703125000,1.018670502451e-07,0.000000000000e+00,20000,20000,42.6750
27,111,0.4335937500,-0.0664062500,5.228225321580e-07,0.000000000000e+00,20000,20000,43.3853
27,112,0.4375000000,-0.0625000000,2.360801407392e-06,0.000000000000e+00,20000,20000,44.0400
27,113,0.4414062500,-0.0585937500,9.456818794948e-06,0.000000000000e+00,20000,20000,44.6427
27,114,0.4453125000,-0.0546875000,3.383804246148e-05,0.000000000000e+00,20000,20000,45.1964
27,115,0.4492187500,-0.0507812500,1.087826974694e-04,2.000000000000e-04,20000,20000,45.7035
27,116,0.4531250000,-0.0468750000,3.157523271098e-04,1.500000000000e-04,20000,20000,46.1663
27,117,0.4570312500,-0.0429687500,8.309770541414e-04,1.100000000000e-03,20000,20000,46.5865
27,118,0.4609375000,-0.0390625000,1.989976741905e-03,1.750000000000e-03,20000,20000,46.9658
27,119,0.4648437500,-0.0351562500,4.349713973252e-03,4.300000000000e-03,20000,20000,47.3054
27,120,0.4687500000,-0.0312500000,8.701043589742e-03,8.950000000000e-03,20000,20000,47.6065
27,121,0.4726562500,-0.0273437500,1.596449010337e-02,1.545000000000e-02,20000,20000,47.8701
27,122,0.4765625000,-0.0234375000,2.691762372178e-02,2.705000000000e-02,20000,20000,48.0970
27,123,0.4804687500,-0.0195312500,4.177398887317e-02,4.065000000000e-02,20000,20000,48.2879
27,124,0.4843750000,-0.0156250000,5.974875163966e-02,6.190000000000e-02,20000,20000,48.4433
27,125,0.4882812500,-0.0117187500,7.884191929465e-02,7.445000000000e-02,20000,20000,48.5637
27,126,0.4921875000,-0.0078125000,9.605845036138e-02,9.770000000000e-02,20000,20000,48.6495
27,127,0.4960937500,-0.0039062500,1.081201307612e-01,1.109500000000e-01,20000,20000,48.7009
27,128,0.5000000000,0.0000000000,1.124641967041e-01,1.082000000000e-01,20000,20000,48.7180
27,129,0.5039062500,0.0039062500,1.081201307612e-01,1.083000000000e-01,20000,20000,48.7009
27,130,0.5078125000,0.0078125000,9.605845036138e-02,9.975000000000e-02,20000,20000,48.6495
27,131,0.5117187500,0.0117187500,7.884191929465e-02,7.815000000000e-02,20000,20000,48.5637
27,132,0.5156250000,0.0156250000,5.974875163966e-02,6.150000000000e-02,20000,20000,48.4433
27,133,0.5195312500,0.0195312500,4.177398887317e-02,4.195000000000e-02,20000,20000,48.2879
27,134,0.5234375000,0.0234375000,2.691762372178e-02,2.620000000000e-02,20000,20000,48.0970
27,135,0.5273437500,0.0273437500,1.596449010337e-02,1.565000000000e-02,20000,20000,47.8701
27,136,0.5312500000,0.0312500000,8.701043589742e-03,8.250000000000e-03,20000,20000,47.6065
27,137,0.5351562500,0.0351562500,4.349713973252e-03,4.550000000000e-03,20000,20000,47.3054
27,138,0.5390625000,0.0390625000,1.989976741905e-03,1.550000000000e-03,20000,20000,46.9658
27,139,0.5429687500,0.0429687500,8.309770541414e-04,8.500000000000e-04,20000,20000,46.5865
27,140,0.5468750000,0.0468750000,3.157523271098e-04,3.500000000000e-04,20000,20000,46.1663
27,141,0.5507812500,0.0507812500,1.087826974694e-04,1.500000000000e-04,20000,20000,45.7035
27,142,0.5546875000,0.0546875000,3.383804246148e-05,0.000000000000e+00,20000,20000,45.1964
27,143,0.5585937500,0.0585937500,9.456818794948e-06,0.000000000000e+00,20000,20000,44.6427
27,144,0.5625000000,0.0625000000,2.360801407392e-06,0.000000000000e+00,20000,20000,44.0400
27,145,0.5664062500,0.0664062500,5.228225321580e-07,0.000000000000e+00,20000,20000,43.3853
27,146,0.5703125000,0.0703125000,1.018670502451e-07,0.000000000000e+00,20000,20000,42.6750
27,147,0.5742187500,0.0742187500,1.728694897368e-08,0.000000000000e+00,20000,20000,41.9047
27,148,0.5781250000,0.0781250000,2.523347321749e-09,0.000000000000e+00,20000,20000,41.0689
27,149,0.5820312500,0.0820312500,3.118274467583e-10,0.000000000000e+00,20000,20000,40.1609
27,150,0.5859375000,0.0859375000,3.195223597906e-11,0.000000000000e+00,20000,20000,39.1715
27,151,0.5898437500,0.0898437500,2.638839454670e-12,0.000000000000e+00,20000,20000,38.0884
27,152,0.5937500000,0.0937500000,1.685839970867e-13,0.000000000000e+00,20000,20000,36.8938
27,153,0.5976562500,0.0976562500,7.808482435988e-15,0.000000000000e+00,20000,20000,35.5595
27,154,0.6015625000,0.1015625000,2.330162035744e-16,0.000000000000e+00,20000,20000,34.0343
27,155,0.6054687500,0.1054687500,3.358955680104e-18,0.000000000000e+00,20000,20000,32.1932
28,100,0.3906250000,-0.1093750000,6.702212397308e-19,0.000000000000e+00,20000,20000,32.9158
28,101,0.3945312500,-0.1054687500,4.873885488864e-17,0.000000000000e+00,20000,20000,34.7775
28,102,0.3984375000,-0.1015625000,1.713069299234e-15,0.000000000000e+00,20000,20000,36.3234
28,103,0.4023437500,-0.0976562500,3.881411544834e-14,0.000000000000e+00,20000,20000,37.6786
28,104,0.4062500000,-0.0937500000,6.379703957467e-13,0.000000000000e+00,20000,20000,38.8944
28,105,0.4101562500,-0.0898437500,8.116273292278e-12,0.000000000000e+00,20000,20000,39.9990
28,106,0.4140625000,-0.0859375000,8.327165607360e-11,0.000000000000e+00,20000,20000,41.0101
28,107,0.4179687500,-0.0820312500,7.088504073273e-10,0.000000000000e+00,20000,20000,41.9402
28,108,0.4218750000,-0.0781250000,5.111723013092e-09,0.000000000000e+00,20000,20000,42.7982
28,109,0.4257812500,-0.0742187500,3.172796514148e-08,0.000000000000e+00,20000,20000,43.5911
28,110,0.4296875000,-0.0703125000,1.716421423704e-07,0.000000000000e+00,20000,20000,44.3242
28,111,0.4335937500,-0.0664062500,8.175371492958e-07,0.000000000000e+00,20000,20000,45.0021
28,112,0.4375000000,-0.0625000000,3.457058202131e-06,0.000000000000e+00,20000,20000,45.6283
28,113,0.4414062500,-0.0585937500,1.306880392521e-05,5.000000000000e-05,20000,20000,46.2059
28,114,0.4453125000,-0.0546875000,4.442602649222e-05,0.000000000000e+00,20000,20000,46.7373
28,115,0.4492187500,-0.0507812500,1.364817062676e-04,1.000000000000e-04,20000,20000,47.2247
28,116,0.4531250000,-0.0468750000,3.805380738708e-04,4.000000000000e-04,20000,20000,47.6700
28,117,0.4570312500,-0.0429687500,9.664953334908e-04,1.200000000000e-03,20000,20000,48.0748
28,118,0.4609375000,-0.0390625000,2.243107209912e-03,2.300000000000e-03,20000,20000,48.4405
28,119,0.4648437500,-0.0351562500,4.770123860178e-03,5.700000000000e-03,20000,20000,48.7682
28,120,0.4687500000,-0.0312500000,9.316517411292e-03,9.100000000000e-03,20000,20000,49.0589
28,121,0.4726562500,-0.0273437500,1.674519521071e-02,1.655000000000e-02,20000,20000,49.3135
28,122,0.4765625000,-0.0234375000,2.774447446280e-02,2.715000000000e-02,20000,20000,49.5328
28,123,0.4804687500,-0.0195312500,4.243559471596e-02,4.215000000000e-02,20000,20000,49.7174
28,124,0.4843750000,-0.0156250000,5.998738334469e-02,6.085000000000e-02,20000,20000,49.8677
28,125,0.4882812500,-0.0117187500,7.844618491120e-02,7.835000000000e-02,20000,20000,49.9842
28,126,0.4921875000,-0.0078125000,9.496781537191e-02,9.330000000000e-02,20000,20000,50.0672
28,127,0.4960937500,-0.0039062500,1.064860054761e-01,1.080500000000e-01,20000,20000,50.1169
28,128,0.5000000000,0.0000000000,1.106242084061e-01,1.068500000000e-01,20000,20000,50.1335
28,129,0.5039062500,0.0039062500,1.064860054761e-01,1.091000000000e-01,20000,20000,50.1169
28,130,0.5078125000,0.0078125000,9.496781537191e-02,9.670000000000e-02,20000,20000,50.0672
28,131,0.5117187500,0.0117187500,7.844618491120e-02,7.725000000000e-02,20000,20000,49.9842
28,132,0.5156250000,0.0156250000,5.998738334469e-02,6.095000000000e-02,20000,20000,49.8677
28,133,0.5195312500,0.0195312500,4.243559471596e-02,4.345000000000e-02,20000,20000,49.7174
28,134,0.5234375000,0.0234375000,2.774447446280e-02,2.705000000000e-02,20000,20000,49.5328
28,135,0.5273437500,0.0273437500,1.674519521071e-02,1.595000000000e-02,20000,20000,49.3135
28,136,0.5312500000,0.0312500000,9.316517411292e-03,9.400000000000e-03,20000,20000,49.0589
28,137,0.5351562500,0.0351562500,4.770123860178e-03,4.650000000000e-03,20000,20000,48.7682
28,138,0.5390625000,0.0390625000,2.243107209912e-03,2.100000000000e-03,20000,20000,48.4405
28,139,0.5429687500,0.0429687500,9.664953334908e-04,9.500000000000e-04,20000,20000,48.0748
28,140,0.5468750000,0.0468750000,3.805380738708e-04,3.000000000000e-04,20000,20000,47.6700
28,141,0.5507812500,0.0507812500,1.364817062676e-04,5.000000000000e-05,20000,20000,47.2247
28,142,0.5546875000,0.0546875000,4.442602649222e-05,0.000000000000e+00,20000,20000,46.7373
28,143,0.5585937500,0.0585937500,1.306880392521e-05,0.000000000000e+00,20000,20000,46.2059
28,144,0.5625000000,0.0625000000,3.457058202131e-06,0.000000000000e+00,20000,20000,45.6283
28,145,0.5664062500,0.0664062500,8.175371492958e-07,0.000000000000e+00,20000,20000,45.0021
28,146,0.5703125000,0.0703125000,1.716421423704e-07,0.000000000000e+00,20000,20000,44.3242
28,147,0.5742187500,0.0742187500,3.172796514148e-08,0.000000000000e+00,20000,20000,43.5911
28,148,0.5781250000,0.0781250000,5.111723013092e-09,0.000000000000e+00,20000,20000,42.7982
28,149,0.5820312500,0.0820312500,7.088504073273e-10,0.000000000000e+00,20000,20000,41.9402
28,150,0.5859375000,0.0859375000,8.327165607360e-11,0.000000000000e+00,20000,20000,41.0101
28,151,0.5898437500,0.0898437500,8.116273292278e-12,0.000000000000e+00,20000,20000,39.9990
28,152,0.5937500000,0.0937500000,6.379703957467e-13,0.000000000000e+00,20000,20000,38.8944
28,153,0.5976562500,0.0976562500,3.881411544834e-14,0.000000000000e+00,20000,20000,37.6786
28,154,0.6015625000,0.1015625000,1.713069299234e-15,0.000000000000e+00,20000,20000,36.3234
28,155,0.6054687500,0.1054687500,4.873885488864e-17,0.000000000000e+00,20000,20000,34.7775
28,156,0.6093750000,0.1093750000,6.702212397308e-19,0.000000000000e+00,20000,20000,32.9158
29,99,0.3867187500,-0.1132812500,1.324629220918e-19,0.000000000000e+00,20000,20000,33.6185
29,100,0.3906250000,-0.1093750000,1.008592395357e-17,0.000000000000e+00,20000,20000,35.5002
29,101,0.3945312500,-0.1054687500,3.713662872606e-16,0.000000000000e+00,20000,20000,37.0663
29,102,0.3984375000,-0.1015625000,8.819197395312e-15,0.000000000000e+00,20000,20000,38.4419
29,103,0.4023437500,-0.0976562500,1.520123853205e-13,0.000000000000e+00,20000,20000,39.6783
29,104,0.4062500000,-0.0937500000,2.029107908119e-12,0.000000000000e+00,20000,20000,40.8038
29,105,0.4101562500,-0.0898437500,2.185504296678e-11,0.000000000000e+00,20000,20000,41.8360
29,106,0.4140625000,-0.0859375000,1.954147888955e-10,0.000000000000e+00,20000,20000,42.7874
29,107,0.4179687500,-0.0820312500,1.481047347539e-09,0.000000000000e+00,20000,20000,43.6670
29,108,0.4218750000,-0.0781250000,9.667246926944e-09,0.000000000000e+00,20000,20000,44.4818
29,109,0.4257812500,-0.0742187500,5.503198780798e-08,0.000000000000e+00,20000,20000,45.2371
29,110,0.4296875000,-0.0703125000,2.760035165823e-07,0.000000000000e+00,20000,20000,45.9374
29,111,0.4335937500,-0.0664062500,1.229787935297e-06,0.000000000000e+00,20000,20000,46.5863
29,112,0.4375000000,-0.0625000000,4.902231393807e-06,0.000000000000e+00,20000,20000,47.1868
29,113,0.4414062500,-0.0585937500,1.758601368841e-05,0.000000000000e+00,20000,20000,47.7416
29,114,0.4453125000,-0.0546875000,5.706050249974e-05,5.000000000000e-05,20000,20000,48.2528
29,115,0.4492187500,-0.0507812500,1.681797356498e-04,5.000000000000e-05,20000,20000,48.7222
29,116,0.4531250000,-0.0468750000,4.519591586201e-04,5.000000000000e-04,20000,20000,49.1516
29,117,0.4570312500,-0.0429687500,1.110993639409e-03,9.500000000000e-04,20000,20000,49.5422
29,118,0.4609375000,-0.0390625000,2.505087477789e-03,2.400000000000e-03,20000,20000,49.8953
29,119,0.4648437500,-0.0351562500,5.193764563607e-03,4.400000000000e-03,20000,20000,50.2119
29,120,0.4687500000,-0.0312500000,9.921906448609e-03,1.100000000000e-02,20000,20000,50.4930
29,121,0.4726562500,-0.0273437500,1.749600316248e-02,1.735000000000e-02,20000,20000,50.7394
29,122,0.4765625000,-0.0234375000,2.852168064849e-02,2.975000000000e-02,20000,20000,50.9516
29,123,0.4804687500,-0.0195312500,4.303878271554e-02,4.325000000000e-02,20000,20000,51.1303
29,124,0.4843750000,-0.0156250000,6.017995911832e-02,5.680000000000e-02,20000,20000,51.2759
29,125,0.4882812500,-0.0117187500,7.804013247766e-02,7.635000000000e-02,20000,20000,51.3888
29,126,0.4921875000,-0.0078125000,9.391589222806e-02,9.215000000000e-02,20000,20000,51.4692
29,127,0.4960937500,-0.0039062500,1.049332713690e-01,1.070000000000e-01,20000,20000,51.5174
29,128,0.5000000000,0.0000000000,1.088825326360e-01,1.103000000000e-01,20000,20000,51.5334
29,129,0.5039062500,0.0039062500,1.049332713690e-01,1.088000000000e-01,20000,20000,51.5174
29,130,0.5078125000,0.0078125000,9.391589222806e-02,9.490000000000e-02,20000,20000,51.4692
29,131,0.5117187500,0.0117187500,7.804013247766e-02,7.650000000000e-02,20000,20000,51.3888
29,132,0.5156250000,0.0156250000,6.017995911832e-02,6.000000000000e-02,20000,20000,51.2759
29,133,0.5195312500,0.0195312500,4.303878271554e-02,4.165000000000e-02,20000,20000,51.1303
29,134,0.5234375000,0.0234375000,2.852168064849e-02,2.985000000000e-02,20000,20000,50.9516
29,135,0.5273437500,0.0273437500,1.749600316248e-02,1.625000000000e-02,20000,20000,50.7394
29,136,0.5312500000,0.0312500000,9.921906448609e-03,1.095000000000e-02,20000,20000,50.4930
29,137,0.5351562500,0.0351562500,5.193764563607e-03,4.700000000000e-03,20000,20000,50.2119
29,138,0.5390625000,0.0390625000,2.505087477789e-03,2.450000000000e-03,20000,20000,49.8953
29,139,0.5429687500,0.0429687500,1.110993639409e-03,8.000000000000e-04,20000,20000,49.5422
29,140,0.5468750000,0.0468750000,4.519591586201e-04,4.500000000000e-04,20000,20000,49.1516
29,141,0.5507812500,0.0507812500,1.681797356498e-04,3.000000000000e-04,20000,20000,48.7222
29,142,0.5546875000,0.0546875000,5.706050249974e-05,1.000000000000e-04,20000,20000,48.2528
29,143,0.5585937500,0.0585937500,1.758601368841e-05,0.000000000000e+00,20000,20000,47.7416
29,144,0.5625000000,0.0625000000,4.902231393807e-06,0.000000000000e+00,20000,20000,47.1868
29,145,0.5664062500,0.0664062500,1.229787935297e-06,0.000000000000e+00,20000,20000,46.5863
29,146,0.5703125000,0.0703125000,2.760035165823e-07,0.000000000000e+00,20000,20000,45.9374
29,147,0.5742187500,0.0742187500,5.503198780798e-08,0.000000000000e+00,20000,20000,45.2371
29,148,0.5781250000,0.0781250000,9.667246926944e-09,0.000000000000e+00,20000,20000,44.4818
29,149,0.5820312500,0.0820312500,1.481047347539e-09,0.000000000000e+00,20000,20000,43.6670
29,150,0.5859375000,0.0859375000,1.954147888955e-10,0.000000000000e+00,20000,20000,42.7874
29,151,0.5898437500,0.0898437500,2.185504296678e-11,0.000000000000e+00,20000,20000,41.8360
29,152,0.5937500000,0.0937500000,2.029107908119e-12,0.000000000000e+00,20000,20000,40.8038
29,153,0.5976562500,0.0976562500,1.520123853205e-13,0.000000000000e+00,20000,20000,39.6783
29,154,0.6015625000,0.1015625000,8.819197395312e-15,0.000000000000e+00,20000,20000,38.4419
29,155,0.6054687500,0.1054687500,3.713662872606e-16,0.000000000000e+00,20000,20000,37.0663
29,156,0.6093750000,0.1093750000,1.008592395357e-17,0.000000000000e+00,20000,20000,35.5002
29,157,0.6132812500,0.1132812500,1.324629220918e-19,0.000000000000e+00,20000,20000,33.6185
30,98,0.3828125000,-0.1171875000,2.592921814902e-20,0.000000000000e+00,20000,20000,34.3018
30,99,0.3867187500,-0.1132812500,2.064915916777e-18,0.000000000000e+00,20000,20000,36.2029
30,100,0.3906250000,-0.1093750000,7.955818081950e-17,0.000000000000e+00,20000,20000,37.7887
30,101,0.3945312500,-0.1054687500,1.977937405980e-15,0.000000000000e+00,20000,20000,39.1842
30,102,0.3984375000,-0.1015625000,3.570845859900e-14,0.000000000000e+00,20000,20000,40.4407
30,103,0.4023437500,-0.0976562500,4.994781854133e-13,0.000000000000e+00,20000,20000,41.5865
30,104,0.4062500000,-0.0937500000,5.640233522300e-12,0.000000000000e+00,20000,20000,42.6393
30,105,0.4101562500,-0.0898437500,5.290017695502e-11,0.000000000000e+00,20000,20000,43.6114
30,106,0.4140625000,-0.0859375000,4.207750651343e-10,0.000000000000e+00,20000,20000,44.5120
30,107,0.4179687500,-0.0820312500,2.884035781268e-09,0.000000000000e+00,20000,20000,45.3480
30,108,0.4218750000,-0.0781250000,1.724944663204e-08,0.000000000000e+00,20000,20000,46.1248
30,109,0.4257812500,-0.0742187500,9.094810786924e-08,0.000000000000e+00,20000,20000,46.8468
30,110,0.4296875000,-0.0703125000,4.262836137215e-07,0.000000000000e+00,20000,20000,47.5177
30,111,0.4335937500,-0.0664062500,1.788697704306e-06,0.000000000000e+00,20000,20000,48.1405
30,112,0.4375000000,-0.0625000000,6.759080068950e-06,0.000000000000e+00,20000,20000,48.7179
30,113,0.4414062500,-0.0585937500,2.311819647546e-05,0.000000000000e+00,20000,20000,49.2519
30,114,0.4453125000,-0.0546875000,7.188397803705e-05,0.000000000000e+00,20000,20000,49.7446
30,115,0.4492187500,-0.0507812500,2.039681730007e-04,3.000000000000e-04,20000,20000,50.1975
30,116,0.4531250000,-0.0468750000,5.298697951443e-04,5.000000000000e-04,20000,20000,50.6121
30,117,0.4570312500,-0.0429687500,1.263838492865e-03,1.200000000000e-03,20000,20000,50.9897
30,118,0.4609375000,-0.0390625000,2.774649976897e-03,2.400000000000e-03,20000,20000,51.3312
30,119,0.4648437500,-0.0351562500,5.618966723690e-03,6.300000000000e-03,20000,20000,51.6376
30,120,0.4687500000,-0.0312500000,1.051594539489e-02,1.080000000000e-02,20000,20000,51.9098
30,121,0.4726562500,-0.0273437500,1.821725807985e-02,1.775000000000e-02,20000,20000,52.1485
30,122,0.4765625000,-0.0234375000,2.925211458396e-02,2.865000000000e-02,20000,20000,52.3541
30,123,0.4804687500,-0.0195312500,4.358867453135e-02,4.340000000000e-02,20000,20000,52.5274
30,124,0.4843750000,-0.0156250000,6.033194161710e-02,6.155000000000e-02,20000,20000,52.6685
30,125,0.4882812500,-0.0117187500,7.762669966382e-02,7.915000000000e-02,20000,20000,52.7780
30,126,0.4921875000,-0.0078125000,9.290092308410e-02,9.230000000000e-02,20000,20000,52.8560
30,127,0.4960937500,-0.0039062500,1.034555935557e-01,1.038000000000e-01,20000,20000,52.9027
30,128,0.5000000000,0.0000000000,1.072309370606e-01,1.072000000000e-01,20000,20000,52.9183
30,129,0.5039062500,0.0039062500,1.034555935557e-01,1.002000000000e-01,20000,20000,52.9027
30,130,0.5078125000,0.0078125000,9.290092308410e-02,9.465000000000e-02,20000,20000,52.8560
30,131,0.5117187500,0.0117187500,7.762669966382e-02,7.800000000000e-02,20000,20000,52.7780
30,132,0.5156250000,0.0156250000,6.033194161710e-02,6.085000000000e-02,20000,20000,52.6685
30,133,0.5195312500,0.0195312500,4.358867453135e-02,4.185000000000e-02,20000,20000,52.5274
30,134,0.5234375000,0.0234375000,2.925211458396e-02,2.840000000000e-02,20000,20000,52.3541
30,135,0.5273437500,0.0273437500,1.821725807985e-02,1.815000000000e-02,20000,20000,52.1485
30,136,0.5312500000,0.0312500000,1.051594539489e-02,1.215000000000e-02,20000,20000,51.9098
30,137,0.5351562500,0.0351562500,5.618966723690e-03,5.450000000000e-03,20000,20000,51.6376
30,138,0.5390625000,0.0390625000,2.774649976897e-03,3.350000000000e-03,20000,20000,51.3312
30,139,0.5429687500,0.0429687500,1.263838492865e-03,9.500000000000e-04,20000,20000,50.9897
30,140,0.5468750000,0.0468750000,5.298697951443e-04,4.000000000000e-04,20000,20000,50.6121
30,141,0.5507812500,0.0507812500,2.039681730007e-04,3.000000000000e-04,20000,20000,50.1975
30,142,0.5546875000,0.0546875000,7.188397803705e-05,0.000000000000e+00,20000,20000,49.7446
30,143,0.5585937500,0.0585937500,2.311819647546e-05,0.000000000000e+00,20000,20000,49.2519
30,144,0.5625000000,0.0625000000,6.759080068950e-06,0.000000000000e+00,20000,20000,48.7179
30,145,0.5664062500,0.0664062500,1.788697704306e-06,0.000000000000e+00,20000,20000,48.1405
30,146,0.5703125000,0.0703125000,4.262836137215e-07,0.000000000000e+00,20000,20000,47.5177
30,147,0.5742187500,0.0742187500,9.094810786924e-08,0.000000000000e+00,20000,20000,46.8468
30,148,0.5781250000,0.0781250000,1.724944663204e-08,0.000000000000e+00,20000,20000,46.1248
30,149,0.5820312500,0.0820312500,2.884035781268e-09,0.000000000000e+00,20000,20000,45.3480
30,150,0.5859375000,0.0859375000,4.207750651343e-10,0.000000000000e+00,20000,20000,44.5120
30,151,0.5898437500,0.0898437500,5.290017695502e-11,0.000000000000e+00,20000,20000,43.6114
30,152,0.5937500000,0.0937500000,5.640233522300e-12,0.000000000000e+00,20000,20000,42.6393
30,153,0.5976562500,0.0976562500,4.994781854133e-13,0.000000000000e+00,20000,20000,41.5865
30,154,0.6015625000,0.1015625000,3.570845859900e-14,0.000000000000e+00,20000,20000,40.4407
30,155,0.6054687500,0.1054687500,1.977937405980e-15,0.000000000000e+00,20000,20000,39.1842
30,156,0.6093750000,0.1093750000,7.955818081950e-17,0.000000000000e+00,20000,20000,37.7887
30,157,0.6132812500,0.1132812500,2.064915916777e-18,0.000000000000e+00,20000,20000,36.2029
30,158,0.6171875000,0.1171875000,2.592921814902e-20,0.000000000000e+00,20000,20000,34.3018
31,97,0.3789062500,-0.1210937500,5.026426179930e-21,0.000000000000e+00,20000,20000,34.9659
31,98,0.3828125000,-0.1171875000,4.182403968103e-19,0.000000000000e+00,20000,20000,36.8861
31,99,0.3867187500,-0.1132812500,1.684415143131e-17,0.000000000000e+00,20000,20000,38.4911
31,100,0.3906250000,-0.1093750000,4.379308407491e-16,0.000000000000e+00,20000,20000,39.9061
31,101,0.3945312500,-0.1054687500,8.271466221196e-15,0.000000000000e+00,20000,20000,41.1823
31,102,0.3984375000,-0.1015625000,1.210984501842e-13,0.000000000000e+00,20000,20000,42.3478
31,103,0.4023437500,-0.0976562500,1.431942489104e-12,0.000000000000e+00,20000,20000,43.4206
31,104,0.4062500000,-0.0937500000,1.406994617575e-11,0.000000000000e+00,20000,20000,44.4130
31,105,0.4101562500,-0.0898437500,1.173000952850e-10,0.000000000000e+00,20000,20000,45.3340
31,106,0.4140625000,-0.0859375000,8.430929854273e-10,0.000000000000e+00,20000,20000,46.1905
31,107,0.4179687500,-0.0820312500,5.290520940016e-09,0.000000000000e+00,20000,20000,46.9882
31,108,0.4218750000,-0.0781250000,2.928177461057e-08,0.000000000000e+00,20000,20000,47.7313
31,109,0.4257812500,-0.0742187500,1.441539012096e-07,0.000000000000e+00,20000,20000,48.4235
31,110,0.4296875000,-0.0703125000,6.356901252765e-07,0.000000000000e+00,20000,20000,49.0679
31,111,0.4335937500,-0.0664062500,2.526087157601e-06,0.000000000000e+00,20000,20000,49.6671
31,112,0.4375000000,-0.0625000000,9.091903002191e-06,0.000000000000e+00,20000,20000,50.2233
31,113,0.4414062500,-0.0585937500,2.977001430715e-05,5.000000000000e-05,20000,20000,50.7385
31,114,0.4453125000,-0.0546875000,8.901871262053e-05,5.000000000000e-05,20000,20000,51.2142
31,115,0.4492187500,-0.0507812500,2.438976359572e-04,2.500000000000e-04,20000,20000,51.6519
31,116,0.4531250000,-0.0468750000,6.140739678120e-04,6.500000000000e-04,20000,20000,52.0529
31,117,0.4570312500,-0.0429687500,1.424376317329e-03,1.500000000000e-03,20000,20000,52.4183
31,118,0.4609375000,-0.0390625000,3.050597333326e-03,3.100000000000e-03,20000,20000,52.7491
31,119,0.4648437500,-0.0351562500,6.044258705867e-03,6.250000000000e-03,20000,20000,53.0460
31,120,0.4687500000,-0.0312500000,1.109764448093e-02,1.155000000000e-02,20000,20000,53.3099
31,121,0.4726562500,-0.0273437500,1.890949329560e-02,2.015000000000e-02,20000,20000,53.5414
31,122,0.4765625000,-0.0234375000,2.993854439933e-02,2.910000000000e-02,20000,20000,53.7409
31,123,0.4804687500,-0.0195312500,4.408990734737e-02,4.385000000000e-02,20000,20000,53.9090
31,124,0.4843750000,-0.0156250000,6.044810087459e-02,6.235000000000e-02,20000,20000,54.0461
31,125,0.4882812500,-0.0117187500,7.720831815287e-02,7.285000000000e-02,20000,20000,54.1523
31,126,0.4921875000,-0.0078125000,9.192120206744e-02,8.840000000000e-02,20000,20000,54.2281
31,127,0.4960937500,-0.0039062500,1.020473028804e-01,1.023500000000e-01,20000,20000,54.2735
31,128,0.5000000000,0.0000000000,1.056621208635e-01,1.094500000000e-01,20000,20000,54.2886
31,129,0.5039062500,0.0039062500,1.020473028804e-01,1.003000000000e-01,20000,20000,54.2735
31,130,0.5078125000,0.0078125000,9.192120206744e-02,9.485000000000e-02,20000,20000,54.2281
31,131,0.5117187500,0.0117187500,7.720831815287e-02,7.550000000000e-02,20000,20000,54.1523
31,132,0.5156250000,0.0156250000,6.044810087459e-02,5.850000000000e-02,20000,20000,54.0461
31,133,0.5195312500,0.0195312500,4.408990734737e-02,4.425000000000e-02,20000,20000,53.9090
31,134,0.5234375000,0.0234375000,2.993854439933e-02,3.175000000000e-02,20000,20000,53.7409
31,135,0.5273437500,0.0273437500,1.890949329560e-02,1.945000000000e-02,20000,20000,53.5414
31,136,0.5312500000,0.0312500000,1.109764448093e-02,1.175000000000e-02,20000,20000,53.3099
31,137,0.5351562500,0.0351562500,6.044258705867e-03,5.450000000000e-03,20000,20000,53.0460
31,138,0.5390625000,0.0390625000,3.050597333326e-03,3.400000000000e-03,20000,20000,52.7491
31,139,0.5429687500,0.0429687500,1.424376317329e-03,2.000000000000e-03,20000,20000,52.4183
31,140,0.5468750000,0.0468750000,6.140739678120e-04,5.500000000000e-04,20000,20000,52.0529
31,141,0.5507812500,0.0507812500,2.438976359572e-04,2.500000000000e-04,20000,20000,51.6519
31,142,0.5546875000,0.0546875000,8.901871262053e-05,0.000000000000e+00,20000,20000,51.2142
31,143,0.5585937500,0.0585937500,2.977001430715e-05,0.000000000000e+00,20000,20000,50.7385
31,144,0.5625000000,0.0625000000,9.091903002191e-06,1.000000000000e-04,20000,20000,50.2233
31,145,0.5664062500,0.0664062500,2.526087157601e-06,0.000000000000e+00,20000,20000,49.6671
31,146,0.5703125000,0.0703125000,6.356901252765e-07,0.000000000000e+00,20000,20000,49.0679
31,147,0.5742187500,0.0742187500,1.441539012096e-07,0.000000000000e+00,20000,20000,48.4235
31,148,0.5781250000,0.0781250000,2.928177461057e-08,0.000000000000e+00,20000,20000,47.7313
31,149,0.5820312500,0.0820312500,5.290520940016e-09,0.000000000000e+00,20000,20000,46.9882
31,150,0.5859375000,0.0859375000,8.430929854273e-10,0.000000000000e+00,20000,20000,46.1905
31,151,0.5898437500,0.0898437500,1.173000952850e-10,0.000000000000e+00,20000,20000,45.3340
31,152,0.5937500000,0.0937500000,1.406994617575e-11,0.000000000000e+00,20000,20000,44.4130
31,153,0.5976562500,0.0976562500,1.431942489104e-12,0.000000000000e+00,20000,20000,43.4206
31,154,0.6015625000,0.1015625000,1.210984501842e-13,0.000000000000e+00,20000,20000,42.3478
31,155,0.6054687500,0.1054687500,8.271466221196e-15,0.000000000000e+00,20000,20000,41.1823
31,156,0.6093750000,0.1093750000,4.379308407491e-16,0.000000000000e+00,20000,20000,39.9061
31,157,0.6132812500,0.1132812500,1.684415143131e-17,0.000000000000e+00,20000,20000,38.4911
31,158,0.6171875000,0.1171875000,4.182403968103e-19,0.000000000000e+00,20000,20000,36.8861
31,159,0.6210937500,0.1210937500,5.026426179930e-21,0.000000000000e+00,20000,20000,34.9659
32,96,0.3750000000,-0.1250000000,9.648481153573e-22,0.000000000000e+00,20000,20000,35.6114
32,97,0.3789062500,-0.1210937500,8.380559687786e-20,0.000000000000e+00,20000,20000,37.5503
32,98,0.3828125000,-0.1171875000,3.524641403549e-18,0.000000000000e+00,20000,20000,39.1741
32,99,0.3867187500,-0.1132812500,9.573312673892e-17,0.000000000000e+00,20000,20000,40.6081
32,100,0.3906250000,-0.1093750000,1.889746981560e-15,0.000000000000e+00,20000,20000,41.9034
32,101,0.3945312500,-0.1054687500,2.892676248815e-14,0.000000000000e+00,20000,20000,43.0883
32,102,0.3984375000,-0.1015625000,3.577713001978e-13,0.000000000000e+00,20000,20000,44.1806
32,103,0.4023437500,-0.0976562500,3.678523737751e-12,0.000000000000e+00,20000,20000,45.1927
32,104,0.4062500000,-0.0937500000,3.210467142901e-11,0.000000000000e+00,20000,20000,46.1336
32,105,0.4101562500,-0.0898437500,2.416728097217e-10,0.000000000000e+00,20000,20000,47.0102
32,106,0.4140625000,-0.0859375000,1.589038202002e-09,0.000000000000e+00,20000,20000,47.8281
32,107,0.4179687500,-0.0820312500,9.219911223782e-09,0.000000000000e+00,20000,20000,48.5917
32,108,0.4218750000,-0.0781250000,4.760681541696e-08,0.000000000000e+00,20000,20000,49.3047
32,109,0.4257812500,-0.0742187500,2.203093833579e-07,0.000000000000e+00,20000,20000,49.9700
32,110,0.4296875000,-0.0703125000,9.192316703327e-07,0.000000000000e+00,20000,20000,50.5904
32,111,0.4335937500,-0.0664062500,3.475995854641e-06,0.000000000000e+00,20000,20000,51.1681
32,112,0.4375000000,-0.0625000000,1.196536277413e-05,0.000000000000e+00,20000,20000,51.7049
32,113,0.4414062500,-0.0585937500,3.763938200019e-05,5.000000000000e-05,20000,20000,52.2026
32,114,0.4453125000,-0.0546875000,1.085660644315e-04,5.000000000000e-05,20000,20000,52.6627
32,115,0.4492187500,-0.0507812500,2.879812110416e-04,2.000000000000e-04,20000,20000,53.0864
32,116,0.4531250000,-0.0468750000,7.043348538289e-04,8.500000000000e-04,20000,20000,53.4748
32,117,0.4570312500,-0.0429687500,1.591946524179e-03,1.550000000000e-03,20000,20000,53.8289
32,118,0.4609375000,-0.0390625000,3.331808708527e-03,3.250000000000e-03,20000,20000,54.1497
32,119,0.4648437500,-0.0351562500,6.468351954926e-03,6.650000000000e-03,20000,20000,54.4378
32,120,0.4687500000,-0.0312500000,1.166624910311e-02,1.270000000000e-02,20000,20000,54.6939
32,121,0.4726562500,-0.0273437500,1.957338371926e-02,1.880000000000e-02,20000,20000,54.9187
32,122,0.4765625000,-0.0234375000,3.058361779624e-02,3.010000000000e-02,20000,20000,55.1125
32,123,0.4804687500,-0.0195312500,4.454668009175e-02,4.510000000000e-02,20000,20000,55.2758
32,124,0.4843750000,-0.0156250000,6.053261179238e-02,5.965000000000e-02,20000,20000,55.4090
32,125,0.4882812500,-0.0117187500,7.678700240074e-02,7.525000000000e-02,20000,20000,55.5123
32,126,0.4921875000,-0.0078125000,9.097508606351e-02,9.180000000000e-02,20000,20000,55.5859
32,127,0.4960937500,-0.0039062500,1.007033089456e-01,1.005000000000e-01,20000,20000,55.6300
32,128,0.5000000000,0.0000000000,1.041695835904e-01,1.026500000000e-01,20000,20000,55.6447
32,129,0.5039062500,0.0039062500,1.007033089456e-01,1.028000000000e-01,20000,20000,55.6300
32,130,0.5078125000,0.0078125000,9.097508606351e-02,9.000000000000e-02,20000,20000,55.5859
32,131,0.5117187500,0.0117187500,7.678700240074e-02,7.695000000000e-02,20000,20000,55.5123
32,132,0.5156250000,0.0156250000,6.053261179238e-02,6.175000000000e-02,20000,20000,55.4090
32,133,0.5195312500,0.0195312500,4.454668009175e-02,4.690000000000e-02,20000,20000,55.2758
32,134,0.5234375000,0.0234375000,3.058361779624e-02,2.855000000000e-02,20000,20000,55.1125
32,135,0.5273437500,0.0273437500,1.957338371926e-02,1.970000000000e-02,20000,20000,54.9187
32,136,0.5312500000,0.0312500000,1.166624910311e-02,1.225000000000e-02,20000,20000,54.6939
32,137,0.5351562500,0.0351562500,6.468351954926e-03,6.450000000000e-03,20000,20000,54.4378
32,138,0.5390625000,0.0390625000,3.331808708527e-03,3.300000000000e-03,20000,20000,54.1497
32,139,0.5429687500,0.0429687500,1.591946524179e-03,1.500000000000e-03,20000,20000,53.8289
32,140,0.5468750000,0.0468750000,7.043348538289e-04,6.000000000000e-04,20000,20000,53.4748
32,141,0.5507812500,0.0507812500,2.879812110416e-04,5.000000000000e-05,20000,20000,53.0864
32,142,0.5546875000,0.0546875000,1.085660644315e-04,5.000000000000e-05,20000,20000,52.6627
32,143,0.5585937500,0.0585937500,3.763938200019e-05,0.000000000000e+00,20000,20000,52.2026
32,144,0.5625000000,0.0625000000,1.196536277413e-05,0.000000000000e+00,20000,20000,51.7049
32,145,0.5664062500,0.0664062500,3.475995854641e-06,0.000000000000e+00,20000,20000,51.1681
32,146,0.5703125000,0.0703125000,9.192316703327e-07,0.000000000000e+00,20000,20000,50.5904
32,147,0.5742187500,0.0742187500,2.203093833579e-07,0.000000000000e+00,20000,20000,49.9700
32,148,0.5781250000,0.0781250000,4.760681541696e-08,0.000000000000e+00,20000,20000,49.3047
32,149,0.5820312500,0.0820312500,9.219911223782e-09,0.000000000000e+00,20000,20000,48.5917
32,150,0.5859375000,0.0859375000,1.589038202002e-09,0.000000000000e+00,20000,20000,47.8281
32,151,0.5898437500,0.0898437500,2.416728097217e-10,0.000000000000e+00,20000,20000,47.0102
32,152,0.5937500000,0.0937500000,3.210467142901e-11,0.000000000000e+00,20000,20000,46.1336
32,153,0.5976562500,0.0976562500,3.678523737751e-12,0.000000000000e+00,20000,20000,45.1927
32,154,0.6015625000,0.1015625000,3.577713001978e-13,0.000000000000e+00,20000,20000,44.1806
32,155,0.6054687500,0.1054687500,2.892676248815e-14,0.000000000000e+00,20000,20000,43.0883
32,156,0.6093750000,0.1093750000,1.889746981560e-15,0.000000000000e+00,20000,20000,41.9034
32,157,0.6132812500,0.1132812500,9.573312673892e-17,0.000000000000e+00,20000,20000,40.6081
32,158,0.6171875000,0.1171875000,3.524641403549e-18,0.000000000000e+00,20000,20000,39.1741
32,159,0.6210937500,0.1210937500,8.380559687786e-20,0.000000000000e+00,20000,20000,37.5503
32,160,0.6250000000,0.1250000000,9.648481153573e-22,0.000000000000e+00,20000,20000,35.6114
33,95,0.3710937500,-0.1289062500,1.833759578763e-22,0.000000000000e+00,20000,20000,36.2387
33,96,0.3750000000,-0.1250000000,1.661216755137e-20,0.000000000000e+00,20000,20000,38.1958
33,97,0.3789062500,-0.1210937500,7.289455968797e-19,0.000000000000e+00,20000,20000,39.8380
33,98,0.3828125000,-0.1171875000,2.066459961538e-17,0.000000000000e+00,20000,20000,41.2906
33,99,0.3867187500,-0.1132812500,4.259040509087e-16,0.000000000000e+00,20000,20000,42.6047
33,100,0.3906250000,-0.1093750000,6.809446735439e-15,0.000000000000e+00,20000,20000,43.8085
33,101,0.3945312500,-0.1054687500,8.800035071117e-14,0.000000000000e+00,20000,20000,44.9198
33,102,0.3984375000,-0.1015625000,9.457704538223e-13,0.000000000000e+00,20000,20000,45.9511
33,103,0.4023437500,-0.0976562500,8.631461926300e-12,0.000000000000e+00,20000,20000,46.9114
33,104,0.4062500000,-0.0937500000,6.797103569481e-11,0.000000000000e+00,20000,20000,47.8077
33,105,0.4101562500,-0.0898437500,4.677274568942e-10,0.000000000000e+00,20000,20000,48.6453
33,106,0.4140625000,-0.0859375000,2.841435291586e-09,0.000000000000e+00,20000,20000,49.4289
33,107,0.4179687500,-0.0820312500,1.536850264289e-08,0.000000000000e+00,20000,20000,50.1620
33,108,0.4218750000,-0.0781250000,7.453422927422e-08,0.000000000000e+00,20000,20000,50.8477
33,109,0.4257812500,-0.0742187500,3.260831667765e-07,0.000000000000e+00,20000,20000,51.4887
33,110,0.4296875000,-0.0703125000,1.293588683317e-06,0.000000000000e+00,20000,20000,52.0872
33,111,0.4335937500,-0.0664062500,4.674156828966e-06,0.000000000000e+00,20000,20000,52.6451
33,112,0.4375000000,-0.0625000000,1.544338765219e-05,0.000000000000e+00,20000,20000,53.1641
33,113,0.4414062500,-0.0585937500,4.681616344558e-05,1.000000000000e-04,20000,20000,53.6457
33,114,0.4453125000,-0.0546875000,1.306064562053e-04,5.000000000000e-05,20000,20000,54.0913
33,115,0.4492187500,-0.0507812500,3.361980830908e-04,2.500000000000e-04,20000,20000,54.5019
33,116,0.4531250000,-0.0468750000,8.003834668609e-04,7.500000000000e-04,20000,20000,54.8787
33,117,0.4570312500,-0.0429687500,1.765892073093e-03,1.250000000000e-03,20000,20000,55.2223
33,118,0.4609375000,-0.0390625000,3.617242986624e-03,2.850000000000e-03,20000,20000,55.5337
33,119,0.4648437500,-0.0351562500,6.890125728704e-03,7.600000000000e-03,20000,20000,55.8136
33,120,0.4687500000,-0.0312500000,1.222120436034e-02,1.245000000000e-02,20000,20000,56.0625
33,121,0.4726562500,-0.0273437500,2.020970753842e-02,2.020000000000e-02,20000,20000,56.2809
33,122,0.4765625000,-0.0234375000,3.118985275332e-02,3.085000000000e-02,20000,20000,56.4694
33,123,0.4804687500,-0.0195312500,4.496279614741e-02,4.735000000000e-02,20000,20000,56.6282
33,124,0.4843750000,-0.0156250000,6.058913656234e-02,5.820000000000e-02,20000,20000,56.7577
33,125,0.4882812500,-0.0117187500,7.636442159450e-02,7.565000000000e-02,20000,20000,56.8582
33,126,0.4921875000,-0.0078125000,9.006100105879e-02,9.235000000000e-02,20000,20000,56.9299
33,127,0.4960937500,-0.0039062500,9.941902658639e-02,9.910000000000e-02,20000,20000,56.9728
33,128,0.5000000000,0.0000000000,1.027475158692e-01,1.052500000000e-01,20000,20000,56.9871
33,129,0.5039062500,0.0039062500,9.941902658639e-02,9.795000000000e-02,20000,20000,56.9728
33,130,0.5078125000,0.0078125000,9.006100105879e-02,8.975000000000e-02,20000,20000,56.9299
33,131,0.5117187500,0.0117187500,7.636442159450e-02,7.520000000000e-02,20000,20000,56.8582
33,132,0.5156250000,0.0156250000,6.058913656234e-02,5.905000000000e-02,20000,20000,56.7577
33,133,0.5195312500,0.0195312500,4.496279614741e-02,4.560000000000e-02,20000,20000,56.6282
33,134,0.5234375000,0.0234375000,3.118985275332e-02,3.120000000000e-02,20000,20000,56.4694
33,135,0.5273437500,0.0273437500,2.020970753842e-02,2.060000000000e-02,20000,20000,56.2809
33,136,0.5312500000,0.0312500000,1.222120436034e-02,1.115000000000e-02,20000,20000,56.0625
33,137,0.5351562500,0.0351562500,6.890125728704e-03,7.650000000000e-03,20000,20000,55.8136
33,138,0.5390625000,0.0390625000,3.617242986624e-03,3.850000000000e-03,20000,20000,55.5337
33,139,0.5429687500,0.0429687500,1.765892073093e-03,2.200000000000e-03,20000,20000,55.2223
33,140,0.5468750000,0.0468750000,8.003834668609e-04,8.500000000000e-04,20000,20000,54.8787
33,141,0.5507812500,0.0507812500,3.361980830908e-04,5.000000000000e-04,20000,20000,54.5019
33,142,0.5546875000,0.0546875000,1.306064562053e-04,1.500000000000e-04,20000,20000,54.0913
33,143,0.5585937500,0.0585937500,4.681616344558e-05,5.000000000000e-05,20000,20000,53.6457
33,144,0.5625000000,0.0625000000,1.544338765219e-05,0.000000000000e+00,20000,20000,53.1641
33,145,0.5664062500,0.0664062500,4.674156828966e-06,0.000000000000e+00,20000,20000,52.6451
33,146,0.5703125000,0.0703125000,1.293588683317e-06,0.000000000000e+00,20000,20000,52.0872
33,147,0.5742187500,0.0742187500,3.260831667765e-07,0.000000000000e+00,20000,20000,51.4887
33,148,0.5781250000,0.0781250000,7.453422927422e-08,0.000000000000e+00,20000,20000,50.8477
33,149,0.5820312500,0.0820312500,1.536850264289e-08,0.000000000000e+00,20000,20000,50.1620
33,150,0.5859375000,0.0859375000,2.841435291586e-09,0.000000000000e+00,20000,20000,49.4289
33,151,0.5898437500,0.0898437500,4.677274568942e-10,0.000000000000e+00,20000,20000,48.6453
33,152,0.5937500000,0.0937500000,6.797103569481e-11,0.000000000000e+00,20000,20000,47.8077
33,153,0.5976562500,0.0976562500,8.631461926300e-12,0.000000000000e+00,20000,20000,46.9114
33,154,0.6015625000,0.1015625000,9.457704538223e-13,0.000000000000e+00,20000,20000,45.9511
33,155,0.6054687500,0.1054687500,8.800035071117e-14,0.000000000000e+00,20000,20000,44.9198
33,156,0.6093750000,0.1093750000,6.809446735439e-15,0.000000000000e+00,20000,20000,43.8085
33,157,0.6132812500,0.1132812500,4.259040509087e-16,0.000000000000e+00,20000,20000,42.6047
33,158,0.6171875000,0.1171875000,2.066459961538e-17,0.000000000000e+00,20000,20000,41.2906
33,159,0.6210937500,0.1210937500,7.289455968797e-19,0.000000000000e+00,20000,20000,39.8380
33,160,0.6250000000,0.1250000000,1.661216755137e-20,0.000000000000e+00,20000,20000,38.1958
33,161,0.6289062500,0.1289062500,1.833759578763e-22,0.000000000000e+00,20000,20000,36.2387
34,94,0.3671875000,-0.1328125000,3.450346647372e-23,0.000000000000e+00,20000,20000,36.8480
34,95,0.3710937500,-0.1289062500,3.257355790521e-21,0.000000000000e+00,20000,20000,38.8230
34,96,0.3750000000,-0.1250000000,1.490035118322e-19,0.000000000000e+00,20000,20000,40.4834
34,97,0.3789062500,-0.1210937500,4.404892023614e-18,0.000000000000e+00,20000,20000,41.9541
34,98,0.3828125000,-0.1171875000,9.470484867647e-17,0.000000000000e+00,20000,20000,43.2865
34,99,0.3867187500,-0.1132812500,1.580051251266e-15,0.000000000000e+00,20000,20000,44.5088
34,100,0.3906250000,-0.1093750000,2.131530194096e-14,0.000000000000e+00,20000,20000,45.6389
34,101,0.3945312500,-0.1054687500,2.392171245211e-13,0.000000000000e+00,20000,20000,46.6890
34,102,0.3984375000,-0.1015625000,2.280582186231e-12,0.000000000000e+00,20000,20000,47.6682
34,103,0.4023437500,-0.0976562500,1.876722850185e-11,0.000000000000e+00,20000,20000,48.5836
34,104,0.4062500000,-0.0937500000,1.350049415776e-10,0.000000000000e+00,20000,20000,49.4405
34,105,0.4101562500,-0.0898437500,8.577237481541e-10,0.000000000000e+00,20000,20000,50.2435
34,106,0.4140625000,-0.0859375000,4.853713547241e-09,0.000000000000e+00,20000,20000,50.9962
34,107,0.4179687500,-0.0820312500,2.463883572239e-08,0.000000000000e+00,20000,20000,51.7018
34,108,0.4218750000,-0.0781250000,1.128790985397e-07,0.000000000000e+00,20000,20000,52.3628
34,109,0.4257812500,-0.0742187500,4.691504737363e-07,0.000000000000e+00,20000,20000,52.9815
34,110,0.4296875000,-0.0703125000,1.776938681075e-06,0.000000000000e+00,20000,20000,53.5598
34,111,0.4335937500,-0.0664062500,6.157450267767e-06,0.000000000000e+00,20000,20000,54.0996
34,112,0.4375000000,-0.0625000000,1.958818076009e-05,0.000000000000e+00,20000,20000,54.6022
34,113,0.4414062500,-0.0585937500,5.738120981240e-05,5.000000000000e-05,20000,20000,55.0689
34,114,0.4453125000,-0.0546875000,1.551998386175e-04,2.000000000000e-04,20000,20000,55.5011
34,115,0.4492187500,-0.0507812500,3.884973472853e-04,3.500000000000e-04,20000,20000,55.8996
34,116,0.4531250000,-0.0468750000,9.019264259372e-04,1.250000000000e-03,20000,20000,56.2653
34,117,0.4570312500,-0.0429687500,1.945567818595e-03,1.450000000000e-03,20000,20000,56.5992
34,118,0.4609375000,-0.0390625000,3.905939565554e-03,2.800000000000e-03,20000,20000,56.9019
34,119,0.4648437500,-0.0351562500,7.308611857690e-03,8.400000000000e-03,20000,20000,57.1740
34,120,0.4687500000,-0.0312500000,1.276212412230e-02,1.180000000000e-02,20000,20000,57.4161
34,121,0.4726562500,-0.0273437500,2.081931555143e-02,2.065000000000e-02,20000,20000,57.6286
34,122,0.4765625000,-0.0234375000,3.175963328575e-02,3.110000000000e-02,20000,20000,57.8120
34,123,0.4804687500,-0.0195312500,4.534170242674e-02,4.555000000000e-02,20000,20000,57.9667
34,124,0.4843750000,-0.0156250000,6.062089452696e-02,5.900000000000e-02,20000,20000,58.0928
34,125,0.4882812500,-0.0117187500,7.594195826360e-02,7.620000000000e-02,20000,20000,58.1906
34,126,0.4921875000,-0.0078125000,8.917744533420e-02,8.955000000000e-02,20000,20000,58.2604
34,127,0.4960937500,-0.0039062500,9.819031340853e-02,1.003000000000e-01,20000,20000,58.3022
34,128,0.5000000000,0.0000000000,1.013907078222e-01,1.012000000000e-01,20000,20000,58.3162
34,129,0.5039062500,0.0039062500,9.819031340853e-02,9.715000000000e-02,20000,20000,58.3022
34,130,0.5078125000,0.0078125000,8.917744533420e-02,8.790000000000e-02,20000,20000,58.2604
34,131,0.5117187500,0.0117187500,7.594195826360e-02,7.640000000000e-02,20000,20000,58.1906
34,132,0.5156250000,0.0156250000,6.062089452696e-02,5.970000000000e-02,20000,20000,58.0928
34,133,0.5195312500,0.0195312500,4.534170242674e-02,4.580000000000e-02,20000,20000,57.9667
34,134,0.5234375000,0.0234375000,3.175963328575e-02,3.215000000000e-02,20000,20000,57.8120
34,135,0.5273437500,0.0273437500,2.081931555143e-02,2.150000000000e-02,20000,20000,57.6286
34,136,0.5312500000,0.0312500000,1.276212412230e-02,1.355000000000e-02,20000,20000,57.4161
34,137,0.5351562500,0.0351562500,7.308611857690e-03,7.500000000000e-03,20000,20000,57.1740
34,138,0.5390625000,0.0390625000,3.905939565554e-03,4.550000000000e-03,20000,20000,56.9019
34,139,0.5429687500,0.0429687500,1.945567818595e-03,2.300000000000e-03,20000,20000,56.5992
34,140,0.5468750000,0.0468750000,9.019264259372e-04,1.000000000000e-03,20000,20000,56.2653
34,141,0.5507812500,0.0507812500,3.884973472853e-04,4.500000000000e-04,20000,20000,55.8996
34,142,0.5546875000,0.0546875000,1.551998386175e-04,1.500000000000e-04,20000,20000,55.5011
34,143,0.5585937500,0.0585937500,5.738120981240e-05,0.000000000000e+00,20000,20000,55.0689
34,144,0.5625000000,0.0625000000,1.958818076009e-05,5.000000000000e-05,20000,20000,54.6022
34,145,0.5664062500,0.0664062500,6.157450267767e-06,0.000000000000e+00,20000,20000,54.0996
34,146,0.5703125000,0.0703125000,1.776938681075e-06,0.000000000000e+00,20000,20000,53.5598
34,147,0.5742187500,0.0742187500,4.691504737363e-07,0.000000000000e+00,20000,20000,52.9815
34,148,0.5781250000,0.0781250000,1.128790985397e-07,0.000000000000e+00,20000,20000,52.3628
34,149,0.5820312500,0.0820312500,2.463883572239e-08,0.000000000000e+00,20000,20000,51.7018
34,150,0.5859375000,0.0859375000,4.853713547241e-09,0.000000000000e+00,20000,20000,50.9962
34,151,0.5898437500,0.0898437500,8.577237481541e-10,0.000000000000e+00,20000,20000,50.2435
34,152,0.5937500000,0.0937500000,1.350049415776e-10,0.000000000000e+00,20000,20000,49.4405
34,153,0.5976562500,0.0976562500,1.876722850185e-11,0.000000000000e+00,20000,20000,48.5836
34,154,0.6015625000,0.1015625000,2.280582186231e-12,0.000000000000e+00,20000,20000,47.6682
34,155,0.6054687500,0.1054687500,2.392171245211e-13,0.000000000000e+00,20000,20000,46.6890
34,156,0.6093750000,0.1093750000,2.131530194096e-14,0.000000000000e+00,20000,20000,45.6389
34,157,0.6132812500,0.1132812500,1.580051251266e-15,0.000000000000e+00,20000,20000,44.5088
34,158,0.6171875000,0.1171875000,9.470484867647e-17,0.000000000000e+00,20000,20000,43.2865
34,159,0.6210937500,0.1210937500,4.404892023614e-18,0.000000000000e+00,20000,20000,41.9541
34,160,0.6250000000,0.1250000000,1.490035118322e-19,0.000000000000e+00,20000,20000,40.4834
34,161,0.6289062500,0.1289062500,3.257355790521e-21,0.000000000000e+00,20000,20000,38.8230
34,162,0.6328125000,0.1328125000,3.450346647372e-23,0.000000000000e+00,20000,20000,36.8480
35,93,0.3632812500,-0.1367187500,6.426463873505e-24,0.000000000000e+00,20000,20000,37.4398
35,94,0.3671875000,-0.1328125000,6.317800945596e-22,0.000000000000e+00,20000,20000,39.4324
35,95,0.3710937500,-0.1289062500,3.010374097974e-20,0.000000000000e+00,20000,20000,41.1104
35,96,0.3750000000,-0.1250000000,9.272879608318e-19,0.000000000000e+00,20000,20000,42.5990
35,97,0.3789062500,-0.1210937500,2.077972731653e-17,0.000000000000e+00,20000,20000,43.9494
35,98,0.3828125000,-0.1171875000,3.614607665183e-16,0.000000000000e+00,20000,20000,45.1899
35,99,0.3867187500,-0.1132812500,5.085570839593e-15,0.000000000000e+00,20000,20000,46.3381
35,100,0.3906250000,-0.1093750000,5.954386655416e-14,0.000000000000e+00,20000,20000,47.4066
35,101,0.3945312500,-0.1054687500,5.924184400664e-13,0.000000000000e+00,20000,20000,48.4044
35,102,0.3984375000,-0.1015625000,5.089400306252e-12,0.000000000000e+00,20000,20000,49.3385
35,103,0.4023437500,-0.0976562500,3.823404376519e-11,0.000000000000e+00,20000,20000,50.2142
35,104,0.4062500000,-0.0937500000,2.537689096700e-10,0.000000000000e+00,20000,20000,51.0362
35,105,0.4101562500,-0.0898437500,1.500785623994e-09,0.000000000000e+00,20000,20000,51.8081
35,106,0.4140625000,-0.0859375000,7.965062480574e-09,0.000000000000e+00,20000,20000,52.5330
35,107,0.4179687500,-0.0820312500,3.816689344017e-08,0.000000000000e+00,20000,20000,53.2135
35,108,0.4218750000,-0.0781250000,1.659890322507e-07,0.000000000000e+00,20000,20000,53.8519
35,109,0.4257812500,-0.0742187500,6.581642099470e-07,0.000000000000e+00,20000,20000,54.4501
35,110,0.4296875000,-0.0703125000,2.388746105115e-06,0.000000000000e+00,20000,20000,55.0100
35,111,0.4335937500,-0.0664062500,7.963358214547e-06,0.000000000000e+00,20000,20000,55.5329
35,112,0.4375000000,-0.0625000000,2.445935489804e-05,0.000000000000e+00,20000,20000,56.0202
35,113,0.4414062500,-0.0585937500,6.940571228166e-05,0.000000000000e+00,20000,20000,56.4732
35,114,0.4453125000,-0.0546875000,1.823865380310e-04,1.500000000000e-04,20000,20000,56.8928
35,115,0.4492187500,-0.0507812500,4.448018442527e-04,5.500000000000e-04,20000,20000,57.2800
35,116,0.4531250000,-0.0468750000,1.008652818296e-03,1.350000000000e-03,20000,20000,57.6355
35,117,0.4570312500,-0.0429687500,2.130346951030e-03,2.200000000000e-03,20000,20000,57.9602
35,118,0.4609375000,-0.0390625000,4.197017366766e-03,4.200000000000e-03,20000,20000,58.2547
35,119,0.4648437500,-0.0351562500,7.722979963937e-03,7.800000000000e-03,20000,20000,58.5196
35,120,0.4687500000,-0.0312500000,1.328876420081e-02,1.415000000000e-02,20000,20000,58.7553
35,121,0.4726562500,-0.0273437500,2.140310672010e-02,2.150000000000e-02,20000,20000,58.9623
35,122,0.4765625000,-0.0234375000,3.229520883303e-02,3.280000000000e-02,20000,20000,59.1409
35,123,0.4804687500,-0.0195312500,4.568652486734e-02,4.660000000000e-02,20000,20000,59.2916
35,124,0.4843750000,-0.0156250000,6.063072154675e-02,6.090000000000e-02,20000,20000,59.4145
35,125,0.4882812500,-0.0117187500,7.552075623040e-02,7.600000000000e-02,20000,20000,59.5099
35,126,0.4921875000,-0.0078125000,8.832299044094e-02,8.795000000000e-02,20000,20000,59.5779
35,127,0.4960937500,-0.0039062500,9.701341648172e-02,9.925000000000e-02,20000,20000,59.6186
35,128,0.5000000000,0.0000000000,1.000944718827e-01,9.620000000000e-02,20000,20000,59.6322
35,129,0.5039062500,0.0039062500,9.701341648172e-02,9.595000000000e-02,20000,20000,59.6186
35,130,0.5078125000,0.0078125000,8.832299044094e-02,8.585000000000e-02,20000,20000,59.5779
35,131,0.5117187500,0.0117187500,7.552075623040e-02,7.635000000000e-02,20000,20000,59.5099
35,132,0.5156250000,0.0156250000,6.063072154675e-02,6.135000000000e-02,20000,20000,59.4145
35,133,0.5195312500,0.0195312500,4.568652486734e-02,4.395000000000e-02,20000,20000,59.2916
35,134,0.5234375000,0.0234375000,3.229520883303e-02,3.135000000000e-02,20000,20000,59.1409
35,135,0.5273437500,0.0273437500,2.140310672010e-02,2.335000000000e-02,20000,20000,58.9623
35,136,0.5312500000,0.0312500000,1.328876420081e-02,1.410000000000e-02,20000,20000,58.7553
35,137,0.5351562500,0.0351562500,7.722979963937e-03,7.600000000000e-03,20000,20000,58.5196
35,138,0.5390625000,0.0390625000,4.197017366766e-03,3.650000000000e-03,20000,20000,58.2547
35,139,0.5429687500,0.0429687500,2.130346951030e-03,2.600000000000e-03,20000,20000,57.9602
35,140,0.5468750000,0.0468750000,1.008652818296e-03,1.200000000000e-03,20000,20000,57.6355
35,141,0.5507812500,0.0507812500,4.448018442527e-04,7.000000000000e-04,20000,20000,57.2800
35,142,0.5546875000,0.0546875000,1.823865380310e-04,2.500000000000e-04,20000,20000,56.8928
35,143,0.5585937500,0.0585937500,6.940571228166e-05,5.000000000000e-05,20000,20000,56.4732
35,144,0.5625000000,0.0625000000,2.445935489804e-05,1.000000000000e-04,20000,20000,56.0202
35,145,0.5664062500,0.0664062500,7.963358214547e-06,0.000000000000e+00,20000,20000,55.5329
35,146,0.5703125000,0.0703125000,2.388746105115e-06,0.000000000000e+00,20000,20000,55.0100
35,147,0.5742187500,0.0742187500,6.581642099470e-07,0.000000000000e+00,20000,20000,54.4501
35,148,0.5781250000,0.0781250000,1.659890322507e-07,0.000000000000e+00,20000,20000,53.8519
35,149,0.5820312500,0.0820312500,3.816689344017e-08,0.000000000000e+00,20000,20000,53.2135
35,150,0.5859375000,0.0859375000,7.965062480574e-09,0.000000000000e+00,20000,20000,52.5330
35,151,0.5898437500,0.0898437500,1.500785623994e-09,0.000000000000e+00,20000,20000,51.8081
35,152,0.5937500000,0.0937500000,2.537689096700e-10,0.000000000000e+00,20000,20000,51.0362
35,153,0.5976562500,0.0976562500,3.823404376519e-11,0.000000000000e+00,20000,20000,50.2142
35,154,0.6015625000,0.1015625000,5.089400306252e-12,0.000000000000e+00,20000,20000,49.3385
35,155,0.6054687500,0.1054687500,5.924184400664e-13,0.000000000000e+00,20000,20000,48.4044
35,156,0.6093750000,0.1093750000,5.954386655416e-14,0.000000000000e+00,20000,20000,47.4066
35,157,0.6132812500,0.1132812500,5.085570839593e-15,0.000000000000e+00,20000,20000,46.3381
35,158,0.6171875000,0.1171875000,3.614607665183e-16,0.000000000000e+00,20000,20000,45.1899
35,159,0.6210937500,0.1210937500,2.077972731653e-17,0.000000000000e+00,20000,20000,43.9494
35,160,0.6250000000,0.1250000000,9.272879608318e-19,0.000000000000e+00,20000,20000,42.5990
35,161,0.6289062500,0.1289062500,3.010374097974e-20,0.000000000000e+00,20000,20000,41.1104
35,162,0.6328125000,0.1328125000,6.317800945596e-22,0.000000000000e+00,20000,20000,39.4324
35,163,0.6367187500,0.1367187500,6.426463873505e-24,0.000000000000e+00,20000,20000,37.4398
36,92,0.3593750000,-0.1406250000,1.184735827589e-24,0.000000000000e+00,20000,20000,38.0142
36,93,0.3632812500,-0.1367187500,1.211997770632e-22,0.000000000000e+00,20000,20000,40.0241
36,94,0.3671875000,-0.1328125000,6.011230768284e-21,0.000000000000e+00,20000,20000,41.7196
36,95,0.3710937500,-0.1289062500,1.927904313108e-19,0.000000000000e+00,20000,20000,43.2257
36,96,0.3750000000,-0.1250000000,4.499456630031e-18,0.000000000000e+00,20000,20000,44.5938
36,97,0.3789062500,-0.1210937500,8.153671566989e-17,0.000000000000e+00,20000,20000,45.8519
36,98,0.3828125000,-0.1171875000,1.195439337334e-15,0.000000000000e+00,20000,20000,47.0181
36,99,0.3867187500,-0.1132812500,1.458971217727e-14,0.000000000000e+00,20000,20000,48.1046
36,100,0.3906250000,-0.1093750000,1.513522801513e-13,0.000000000000e+00,20000,20000,49.1206
36,101,0.3945312500,-0.1054687500,1.356157366300e-12,0.000000000000e+00,20000,20000,50.0729
36,102,0.3984375000,-0.1015625000,1.062951529273e-11,0.000000000000e+00,20000,20000,50.9671
36,103,0.4023437500,-0.0976562500,7.363142711770e-11,0.000000000000e+00,20000,20000,51.8077
36,104,0.4062500000,-0.0937500000,4.546245527860e-10,0.000000000000e+00,20000,20000,52.5982
36,105,0.4101562500,-0.0898437500,2.519924941990e-09,0.000000000000e+00,20000,20000,53.3420
36,106,0.4140625000,-0.0859375000,1.261572010826e-08,0.000000000000e+00,20000,20000,54.0415
36,107,0.4179687500,-0.0820312500,5.734596402741e-08,0.000000000000e+00,20000,20000,54.6991
36,108,0.4218750000,-0.0781250000,2.377590911476e-07,0.000000000000e+00,20000,20000,55.3167
36,109,0.4257812500,-0.0742187500,9.027015063123e-07,0.000000000000e+00,20000,20000,55.8961
36,110,0.4296875000,-0.0703125000,3.149527108644e-06,0.000000000000e+00,20000,20000,56.4388
36,111,0.4335937500,-0.0664062500,1.012943828060e-05,0.000000000000e+00,20000,20000,56.9462
36,112,0.4375000000,-0.0625000000,3.011320204259e-05,1.000000000000e-04,20000,20000,57.4193
36,113,0.4414062500,-0.0585937500,8.295083469756e-05,1.000000000000e-04,20000,20000,57.8594
36,114,0.4453125000,-0.0546875000,2.121883876726e-04,1.500000000000e-04,20000,20000,58.2673
36,115,0.4492187500,-0.0507812500,5.050119004689e-04,6.000000000000e-04,20000,20000,58.6439
36,116,0.4531250000,-0.0468750000,1.120240169673e-03,1.300000000000e-03,20000,20000,58.9899
36,117,0.4570312500,-0.0429687500,2.319625822601e-03,2.550000000000e-03,20000,20000,59.3060
36,118,0.4609375000,-0.0390625000,4.489672555684e-03,4.400000000000e-03,20000,20000,59.5928
36,119,0.4648437500,-0.0351562500,8.132523416443e-03,8.900000000000e-03,20000,20000,59.8508
36,120,0.4687500000,-0.0312500000,1.380099918552e-02,1.495000000000e-02,20000,20000,60.0805
36,121,0.4726562500,-0.0273437500,2.196200878091e-02,2.165000000000e-02,20000,20000,60.2823
36,122,0.4765625000,-0.0234375000,3.279869620885e-02,3.320000000000e-02,20000,20000,60.4564
36,123,0.4804687500,-0.0195312500,4.600010051392e-02,4.615000000000e-02,20000,20000,60.6034
36,124,0.4843750000,-0.0156250000,6.062112058343e-02,6.095000000000e-02,20000,20000,60.7232
36,125,0.4882812500,-0.0117187500,7.510176000144e-02,7.285000000000e-02,20000,20000,60.8162
36,126,0.4921875000,-0.0078125000,8.749628063329e-02,8.660000000000e-02,20000,20000,60.8826
36,127,0.4960937500,-0.0039062500,9.588492664885e-02,9.450000000000e-02,20000,20000,60.9223
36,128,0.5000000000,0.0000000000,9.885457741303e-02,9.765000000000e-02,20000,20000,60.9356
36,129,0.5039062500,0.0039062500,9.588492664885e-02,9.560000000000e-02,20000,20000,60.9223
36,130,0.5078125000,0.0078125000,8.749628063329e-02,9.215000000000e-02,20000,20000,60.8826
36,131,0.5117187500,0.0117187500,7.510176000144e-02,7.185000000000e-02,20000,20000,60.8162
36,132,0.5156250000,0.0156250000,6.062112058343e-02,6.065000000000e-02,20000,20000,60.7232
36,133,0.5195312500,0.0195312500,4.600010051392e-02,4.605000000000e-02,20000,20000,60.6034
36,134,0.5234375000,0.0234375000,3.279869620885e-02,3.410000000000e-02,20000,20000,60.4564
36,135,0.5273437500,0.0273437500,2.196200878091e-02,2.320000000000e-02,20000,20000,60.2823
36,136,0.5312500000,0.0312500000,1.380099918552e-02,1.290000000000e-02,20000,20000,60.0805
36,137,0.5351562500,0.0351562500,8.132523416443e-03,7.950000000000e-03,20000,20000,59.8508
36,138,0.5390625000,0.0390625000,4.489672555684e-03,4.150000000000e-03,20000,20000,59.5928
36,139,0.5429687500,0.0429687500,2.319625822601e-03,2.950000000000e-03,20000,20000,59.3060
36,140,0.5468750000,0.0468750000,1.120240169673e-03,7.500000000000e-04,20000,20000,58.9899
36,141,0.5507812500,0.0507812500,5.050119004689e-04,6.500000000000e-04,20000,20000,58.6439
36,142,0.5546875000,0.0546875000,2.121883876726e-04,2.000000000000e-04,20000,20000,58.2673
36,143,0.5585937500,0.0585937500,8.295083469756e-05,1.500000000000e-04,20000,20000,57.8594
36,144,0.5625000000,0.0625000000,3.011320204259e-05,1.000000000000e-04,20000,20000,57.4193
36,145,0.5664062500,0.0664062500,1.012943828060e-05,0.000000000000e+00,20000,20000,56.9462
36,146,0.5703125000,0.0703125000,3.149527108644e-06,0.000000000000e+00,20000,20000,56.4388
36,147,0.5742187500,0.0742187500,9.027015063123e-07,0.000000000000e+00,20000,20000,55.8961
36,148,0.5781250000,0.0781250000,2.377590911476e-07,0.000000000000e+00,20000,20000,55.3167
36,149,0.5820312500,0.0820312500,5.734596402741e-08,0.000000000000e+00,20000,20000,54.6991
36,150,0.5859375000,0.0859375000,1.261572010826e-08,0.000000000000e+00,20000,20000,54.0415
36,151,0.5898437500,0.0898437500,2.519924941990e-09,0.000000000000e+00,20000,20000,53.3420
36,152,0.5937500000,0.0937500000,4.546245527860e-10,0.000000000000e+00,20000,20000,52.5982
36,153,0.5976562500,0.0976562500,7.363142711770e-11,0.000000000000e+00,20000,20000,51.8077
36,154,0.6015625000,0.1015625000,1.062951529273e-11,0.000000000000e+00,20000,20000,50.9671
36,155,0.6054687500,0.1054687500,1.356157366300e-12,0.000000000000e+00,20000,20000,50.0729
36,156,0.6093750000,0.1093750000,1.513522801513e-13,0.000000000000e+00,20000,20000,49.1206
36,157,0.6132812500,0.1132812500,1.458971217727e-14,0.000000000000e+00,20000,20000,48.1046
36,158,0.6171875000,0.1171875000,1.195439337334e-15,0.000000000000e+00,20000,20000,47.0181
36,159,0.6210937500,0.1210937500,8.153671566989e-17,0.000000000000e+00,20000,20000,45.8519
36,160,0.6250000000,0.1250000000,4.499456630031e-18,0.000000000000e+00,20000,20000,44.5938
36,161,0.6289062500,0.1289062500,1.927904313108e-19,0.000000000000e+00,20000,20000,43.2257
36,162,0.6328125000,0.1328125000,6.011230768284e-21,0.000000000000e+00,20000,20000,41.7196
36,163,0.6367187500,0.1367187500,1.211997770632e-22,0.000000000000e+00,20000,20000,40.0241
36,164,0.6406250000,0.1406250000,1.184735827589e-24,0.000000000000e+00,20000,20000,38.0142
